archivo,ran_nucleosagrarios_campeche.kml
sha256,8679e733b3d80a71752dafb5fe8e2bdbab8c8b21529a292db5a4bd20892e0ecd
fuente,RAN KML original Campeche
usuario_id,53
fecha_carga,2026-08-14T22:52:01.386393+00:00
crs_original,EPSG:4326
perfil_mapeo_id,
features_recibidos,486
validos_pendientes,1
advertencias_pendientes,0
errores,485
importados,0
descartados,0

indice,estado,id_externo,nombre_nucleo,tipo_nucleo,entidad_id,municipio_id,errores,advertencias,transformaciones,area_original_m2,area_normalizada_m2,diferencia_area_relativa,nucleo_operativo_id
0,error,66,11 DE MAYO,ejido,4,2511,"[{""campo"": ""nombre_nucleo"", ""codigo"": ""NUCLEO_OPERATIVO_EXISTENTE"", ""mensaje"": ""Ya existe el nucleo operativo 1 con el mismo nombre y municipio; se requiere conciliacion, no sobrescritura.""}]",[],[],41064855.6820,41064855.6820,,
1,error,40,16 DE SEPTIEMBRE,ejido,4,2511,"[{""campo"": ""nombre_nucleo"", ""codigo"": ""NUCLEO_OPERATIVO_EXISTENTE"", ""mensaje"": ""Ya existe el nucleo operativo 2 con el mismo nombre y municipio; se requiere conciliacion, no sobrescritura.""}]",[],[],19644239.1039,19644239.1039,,
2,error,35,20 DE NOVIEMBRE,ejido,4,2511,"[{""campo"": ""nombre_nucleo"", ""codigo"": ""NUCLEO_OPERATIVO_EXISTENTE"", ""mensaje"": ""Ya existe el nucleo operativo 3 con el mismo nombre y municipio; se requiere conciliacion, no sobrescritura.""}]",[],[],351202172.0747,351202172.0747,,
3,error,25,ADOLFO RUIZ CORTINES,ejido,4,2503,"[{""campo"": ""nombre_nucleo"", ""codigo"": ""NUCLEO_OPERATIVO_EXISTENTE"", ""mensaje"": ""Ya existe el nucleo operativo 4 con el mismo nombre y municipio; se requiere conciliacion, no sobrescritura.""}]","[{""campo"": ""geometria"", ""codigo"": ""PARTES_POR_UNIR"", ""mensaje"": ""Las partes con la misma identidad externa se uniran solamente durante la confirmacion.""}]",[],37044498.7234,37044498.7234,,
4,error,25,ADOLFO RUIZ CORTINES,ejido,4,2503,"[{""campo"": ""nombre_nucleo"", ""codigo"": ""NUCLEO_OPERATIVO_EXISTENTE"", ""mensaje"": ""Ya existe el nucleo operativo 4 con el mismo nombre y municipio; se requiere conciliacion, no sobrescritura.""}]","[{""campo"": ""geometria"", ""codigo"": ""PARTES_POR_UNIR"", ""mensaje"": ""Las partes con la misma identidad externa se uniran solamente durante la confirmacion.""}]",[],11740774.8431,11740774.8431,,
5,error,33,AKIM PECH,ejido,4,2505,"[{""campo"": ""nombre_nucleo"", ""codigo"": ""NUCLEO_OPERATIVO_EXISTENTE"", ""mensaje"": ""Ya existe el nucleo operativo 5 con el mismo nombre y municipio; se requiere conciliacion, no sobrescritura.""}]",[],[],39866788.3430,39866788.3430,,
6,error,24,ALFREDO V. BONFIL,ejido,4,2503,"[{""campo"": ""nombre_nucleo"", ""codigo"": ""NUCLEO_OPERATIVO_EXISTENTE"", ""mensaje"": ""Ya existe el nucleo operativo 6 con el mismo nombre y municipio; se requiere conciliacion, no sobrescritura.""}]",[],[],200889879.6347,200889879.6347,,
7,error,48,AQUILES SERDAN,ejido,4,2505,"[{""campo"": ""nombre_nucleo"", ""codigo"": ""NUCLEO_OPERATIVO_EXISTENTE"", ""mensaje"": ""Ya existe el nucleo operativo 7 con el mismo nombre y municipio; se requiere conciliacion, no sobrescritura.""}]","[{""campo"": ""geometria"", ""codigo"": ""PARTES_POR_UNIR"", ""mensaje"": ""Las partes con la misma identidad externa se uniran solamente durante la confirmacion.""}]",[],72586725.8960,72586725.8960,,
8,error,48,AQUILES SERDAN,ejido,4,2505,"[{""campo"": ""nombre_nucleo"", ""codigo"": ""NUCLEO_OPERATIVO_EXISTENTE"", ""mensaje"": ""Ya existe el nucleo operativo 7 con el mismo nombre y municipio; se requiere conciliacion, no sobrescritura.""}]","[{""campo"": ""geometria"", ""codigo"": ""PARTES_POR_UNIR"", ""mensaje"": ""Las partes con la misma identidad externa se uniran solamente durante la confirmacion.""}]",[],27024487.4007,27024487.4007,,
9,error,29,ARELLANO,ejido,4,2505,"[{""campo"": ""nombre_nucleo"", ""codigo"": ""NUCLEO_OPERATIVO_EXISTENTE"", ""mensaje"": ""Ya existe el nucleo operativo 8 con el mismo nombre y municipio; se requiere conciliacion, no sobrescritura.""}]",[],[],74750215.3613,74750215.3613,,
10,error,47,ARROYO LAS GOLONDRINAS,ejido,4,2512,"[{""campo"": ""nombre_nucleo"", ""codigo"": ""NUCLEO_OPERATIVO_EXISTENTE"", ""mensaje"": ""Ya existe el nucleo operativo 9 con el mismo nombre y municipio; se requiere conciliacion, no sobrescritura.""}]",[],[],33996877.5851,33996877.5851,,
11,error,69,ATASTA,ejido,4,2504,"[{""campo"": ""nombre_nucleo"", ""codigo"": ""NUCLEO_OPERATIVO_EXISTENTE"", ""mensaje"": ""Ya existe el nucleo operativo 10 con el mismo nombre y municipio; se requiere conciliacion, no sobrescritura.""}]","[{""campo"": ""geometria"", ""codigo"": ""PARTES_POR_UNIR"", ""mensaje"": ""Las partes con la misma identidad externa se uniran solamente durante la confirmacion.""}]",[],198563206.1849,198563206.1849,,
12,error,69,ATASTA,ejido,4,2504,"[{""campo"": ""nombre_nucleo"", ""codigo"": ""NUCLEO_OPERATIVO_EXISTENTE"", ""mensaje"": ""Ya existe el nucleo operativo 10 con el mismo nombre y municipio; se requiere conciliacion, no sobrescritura.""}]","[{""campo"": ""geometria"", ""codigo"": ""PARTES_POR_UNIR"", ""mensaje"": ""Las partes con la misma identidad externa se uniran solamente durante la confirmacion.""}]",[],991536.6146,991536.6146,,
13,error,69,ATASTA,ejido,4,2504,"[{""campo"": ""nombre_nucleo"", ""codigo"": ""NUCLEO_OPERATIVO_EXISTENTE"", ""mensaje"": ""Ya existe el nucleo operativo 10 con el mismo nombre y municipio; se requiere conciliacion, no sobrescritura.""}]","[{""campo"": ""geometria"", ""codigo"": ""PARTES_POR_UNIR"", ""mensaje"": ""Las partes con la misma identidad externa se uniran solamente durante la confirmacion.""}]",[],6536853.5781,6536853.5781,,
14,error,14,BACABCHEN,ejido,4,2502,"[{""campo"": ""nombre_nucleo"", ""codigo"": ""NUCLEO_OPERATIVO_EXISTENTE"", ""mensaje"": ""Ya existe el nucleo operativo 11 con el mismo nombre y municipio; se requiere conciliacion, no sobrescritura.""}]",[],[],72949726.5536,72949726.5536,,
15,error,4,BECAL,ejido,4,2502,"[{""campo"": ""nombre_nucleo"", ""codigo"": ""NUCLEO_OPERATIVO_EXISTENTE"", ""mensaje"": ""Ya existe el nucleo operativo 12 con el mismo nombre y municipio; se requiere conciliacion, no sobrescritura.""}]",[],[],120579240.4575,120579240.4575,,
16,error,62,BECAN,ejido,4,2511,"[{""campo"": ""nombre_nucleo"", ""codigo"": ""NUCLEO_OPERATIVO_EXISTENTE"", ""mensaje"": ""Ya existe el nucleo operativo 13 con el mismo nombre y municipio; se requiere conciliacion, no sobrescritura.""}]",[],[],22950963.4647,22950963.4647,,
17,error,4,BELEN Y SU ANEXO EL SAUZ,ejido,4,2510,"[{""campo"": ""nombre_nucleo"", ""codigo"": ""NUCLEO_OPERATIVO_EXISTENTE"", ""mensaje"": ""Ya existe el nucleo operativo 14 con el mismo nombre y municipio; se requiere conciliacion, no sobrescritura.""}]",[],[],20536116.9412,20536116.9412,,
18,error,39,BELLA UNION DE VERACRUZ,ejido,4,2511,"[{""campo"": ""nombre_nucleo"", ""codigo"": ""NUCLEO_OPERATIVO_EXISTENTE"", ""mensaje"": ""Ya existe el nucleo operativo 15 con el mismo nombre y municipio; se requiere conciliacion, no sobrescritura.""}]",[],[],21179679.3888,21179679.3888,,
19,error,21,BENITO JUAREZ NO. 2,ejido,4,2510,"[{""campo"": ""nombre_nucleo"", ""codigo"": ""NUCLEO_OPERATIVO_EXISTENTE"", ""mensaje"": ""Ya existe el nucleo operativo 16 con el mismo nombre y municipio; se requiere conciliacion, no sobrescritura.""}]",[],[],19962370.7504,19962370.7504,,
20,error,8,BLANCA FLOR,ejido,4,2506,"[{""campo"": ""nombre_nucleo"", ""codigo"": ""NUCLEO_OPERATIVO_EXISTENTE"", ""mensaje"": ""Ya existe el nucleo operativo 17 con el mismo nombre y municipio; se requiere conciliacion, no sobrescritura.""}]","[{""campo"": ""geometria"", ""codigo"": ""PARTES_POR_UNIR"", ""mensaje"": ""Las partes con la misma identidad externa se uniran solamente durante la confirmacion.""}]",[],3480595.8718,3480595.8718,,
21,error,8,BLANCA FLOR,ejido,4,2506,"[{""campo"": ""nombre_nucleo"", ""codigo"": ""NUCLEO_OPERATIVO_EXISTENTE"", ""mensaje"": ""Ya existe el nucleo operativo 17 con el mismo nombre y municipio; se requiere conciliacion, no sobrescritura.""}]","[{""campo"": ""geometria"", ""codigo"": ""PARTES_POR_UNIR"", ""mensaje"": ""Las partes con la misma identidad externa se uniran solamente durante la confirmacion.""}]",[],12445385.1949,12445385.1949,,
22,error,23,BOLONCHENCAHUICH,ejido,4,2503,"[{""campo"": ""nombre_nucleo"", ""codigo"": ""NUCLEO_OPERATIVO_EXISTENTE"", ""mensaje"": ""Ya existe el nucleo operativo 18 con el mismo nombre y municipio; se requiere conciliacion, no sobrescritura.""}]",[],[],49420047.8413,49420047.8413,,
23,error,24,BOLONCHENTICUL,ejido,4,2507,"[{""campo"": ""nombre_nucleo"", ""codigo"": ""NUCLEO_OPERATIVO_EXISTENTE"", ""mensaje"": ""Ya existe el nucleo operativo 19 con el mismo nombre y municipio; se requiere conciliacion, no sobrescritura.""}]","[{""campo"": ""geometria"", ""codigo"": ""PARTES_POR_UNIR"", ""mensaje"": ""Las partes con la misma identidad externa se uniran solamente durante la confirmacion.""}]",[],736894454.1308,736894454.1308,,
24,error,24,BOLONCHENTICUL,ejido,4,2507,"[{""campo"": ""nombre_nucleo"", ""codigo"": ""NUCLEO_OPERATIVO_EXISTENTE"", ""mensaje"": ""Ya existe el nucleo operativo 19 con el mismo nombre y municipio; se requiere conciliacion, no sobrescritura.""}]","[{""campo"": ""geometria"", ""codigo"": ""PARTES_POR_UNIR"", ""mensaje"": ""Las partes con la misma identidad externa se uniran solamente durante la confirmacion.""}]",[],16768115.8965,16768115.8965,,
25,error,24,BOLONCHENTICUL,ejido,4,2507,"[{""campo"": ""nombre_nucleo"", ""codigo"": ""NUCLEO_OPERATIVO_EXISTENTE"", ""mensaje"": ""Ya existe el nucleo operativo 19 con el mismo nombre y municipio; se requiere conciliacion, no sobrescritura.""}]","[{""campo"": ""geometria"", ""codigo"": ""PARTES_POR_UNIR"", ""mensaje"": ""Las partes con la misma identidad externa se uniran solamente durante la confirmacion.""}]",[],208585977.8255,208585977.8255,,
26,error,39,BUENAVENTURA,ejido,4,2505,"[{""campo"": ""nombre_nucleo"", ""codigo"": ""NUCLEO_OPERATIVO_EXISTENTE"", ""mensaje"": ""Ya existe el nucleo operativo 20 con el mismo nombre y municipio; se requiere conciliacion, no sobrescritura.""}]",[],[],26124780.6177,26124780.6177,,
27,error,48,CAMPO DE LA OLLA,ejido,4,2512,"[{""campo"": ""nombre_nucleo"", ""codigo"": ""NUCLEO_OPERATIVO_EXISTENTE"", ""mensaje"": ""Ya existe el nucleo operativo 21 con el mismo nombre y municipio; se requiere conciliacion, no sobrescritura.""}]",[],[],20325623.5595,20325623.5595,,
28,error,10,CANASAYAB,ejido,4,2505,"[{""campo"": ""nombre_nucleo"", ""codigo"": ""NUCLEO_OPERATIVO_EXISTENTE"", ""mensaje"": ""Ya existe el nucleo operativo 22 con el mismo nombre y municipio; se requiere conciliacion, no sobrescritura.""}]",[],[],22756895.6563,22756895.6563,,
29,error,13,CANCABCHEN,ejido,4,2507,"[{""campo"": ""nombre_nucleo"", ""codigo"": ""NUCLEO_OPERATIVO_EXISTENTE"", ""mensaje"": ""Ya existe el nucleo operativo 23 con el mismo nombre y municipio; se requiere conciliacion, no sobrescritura.""}]",[],[],241252741.1897,241252741.1897,,
30,error,1,CANDELARIA,ejido,4,2512,"[{""campo"": ""nombre_nucleo"", ""codigo"": ""NUCLEO_OPERATIVO_EXISTENTE"", ""mensaje"": ""Ya existe el nucleo operativo 24 con el mismo nombre y municipio; se requiere conciliacion, no sobrescritura.""}]","[{""campo"": ""geometria"", ""codigo"": ""PARTES_POR_UNIR"", ""mensaje"": ""Las partes con la misma identidad externa se uniran solamente durante la confirmacion.""}]",[],12823481.9247,12823481.9247,,
31,error,1,CANDELARIA,ejido,4,2512,"[{""campo"": ""nombre_nucleo"", ""codigo"": ""NUCLEO_OPERATIVO_EXISTENTE"", ""mensaje"": ""Ya existe el nucleo operativo 24 con el mismo nombre y municipio; se requiere conciliacion, no sobrescritura.""}]","[{""campo"": ""geometria"", ""codigo"": ""PARTES_POR_UNIR"", ""mensaje"": ""Las partes con la misma identidad externa se uniran solamente durante la confirmacion.""}]",[],43391675.4043,43391675.4043,,
32,error,1,CANDELARIA,ejido,4,2512,"[{""campo"": ""nombre_nucleo"", ""codigo"": ""NUCLEO_OPERATIVO_EXISTENTE"", ""mensaje"": ""Ya existe el nucleo operativo 24 con el mismo nombre y municipio; se requiere conciliacion, no sobrescritura.""}]","[{""campo"": ""geometria"", ""codigo"": ""PARTES_POR_UNIR"", ""mensaje"": ""Las partes con la misma identidad externa se uniran solamente durante la confirmacion.""}]",[],45223369.2181,45223369.2181,,
33,error,1,CANDELARIA,ejido,4,2512,"[{""campo"": ""nombre_nucleo"", ""codigo"": ""NUCLEO_OPERATIVO_EXISTENTE"", ""mensaje"": ""Ya existe el nucleo operativo 24 con el mismo nombre y municipio; se requiere conciliacion, no sobrescritura.""}]","[{""campo"": ""geometria"", ""codigo"": ""PARTES_POR_UNIR"", ""mensaje"": ""Las partes con la misma identidad externa se uniran solamente durante la confirmacion.""}]",[],20830956.0519,20830956.0519,,
34,error,63,CAÑA BRAVA,ejido,4,2511,"[{""campo"": ""nombre_nucleo"", ""codigo"": ""NUCLEO_OPERATIVO_EXISTENTE"", ""mensaje"": ""Ya existe el nucleo operativo 25 con el mismo nombre y municipio; se requiere conciliacion, no sobrescritura.""}]",[],[],20446631.8430,20446631.8430,,
35,error,46,CARLOS A. MADRAZO,ejido,4,2511,"[{""campo"": ""nombre_nucleo"", ""codigo"": ""NUCLEO_OPERATIVO_EXISTENTE"", ""mensaje"": ""Ya existe el nucleo operativo 26 con el mismo nombre y municipio; se requiere conciliacion, no sobrescritura.""}]",[],[],16272599.8022,16272599.8022,,
36,error,34,CARLOS SALINAS DE GORTARI,ejido,4,2505,"[{""campo"": ""nombre_nucleo"", ""codigo"": ""NUCLEO_OPERATIVO_EXISTENTE"", ""mensaje"": ""Ya existe el nucleo operativo 27 con el mismo nombre y municipio; se requiere conciliacion, no sobrescritura.""}]",[],[],34893101.4023,34893101.4023,,
37,error,8,CASTAMAY,ejido,4,2503,"[{""campo"": ""nombre_nucleo"", ""codigo"": ""NUCLEO_OPERATIVO_EXISTENTE"", ""mensaje"": ""Ya existe el nucleo operativo 28 con el mismo nombre y municipio; se requiere conciliacion, no sobrescritura.""}]","[{""campo"": ""geometria"", ""codigo"": ""PARTES_POR_UNIR"", ""mensaje"": ""Las partes con la misma identidad externa se uniran solamente durante la confirmacion.""}]",[],28531715.5017,28531715.5017,,
38,error,8,CASTAMAY,ejido,4,2503,"[{""campo"": ""nombre_nucleo"", ""codigo"": ""NUCLEO_OPERATIVO_EXISTENTE"", ""mensaje"": ""Ya existe el nucleo operativo 28 con el mismo nombre y municipio; se requiere conciliacion, no sobrescritura.""}]","[{""campo"": ""geometria"", ""codigo"": ""PARTES_POR_UNIR"", ""mensaje"": ""Las partes con la misma identidad externa se uniran solamente durante la confirmacion.""}]",[],18869631.7540,18869631.7540,,
39,error,10,CAYAL,ejido,4,2503,"[{""campo"": ""nombre_nucleo"", ""codigo"": ""NUCLEO_OPERATIVO_EXISTENTE"", ""mensaje"": ""Ya existe el nucleo operativo 29 con el mismo nombre y municipio; se requiere conciliacion, no sobrescritura.""}]",[],[],23536692.3650,23536692.3650,,
40,error,36,CHACCHEITO,ejido,4,2505,"[{""campo"": ""nombre_nucleo"", ""codigo"": ""NUCLEO_OPERATIVO_EXISTENTE"", ""mensaje"": ""Ya existe el nucleo operativo 30 con el mismo nombre y municipio; se requiere conciliacion, no sobrescritura.""}]",[],[],36235700.5687,36235700.5687,,
41,error,28,CHAMPOTON,ejido,4,2505,"[{""campo"": ""nombre_nucleo"", ""codigo"": ""NUCLEO_OPERATIVO_EXISTENTE"", ""mensaje"": ""Ya existe el nucleo operativo 31 con el mismo nombre y municipio; se requiere conciliacion, no sobrescritura.""}]","[{""campo"": ""geometria"", ""codigo"": ""PARTES_POR_UNIR"", ""mensaje"": ""Las partes con la misma identidad externa se uniran solamente durante la confirmacion.""}]",[],586407516.4895,586407516.4895,,
42,error,28,CHAMPOTON,ejido,4,2505,"[{""campo"": ""nombre_nucleo"", ""codigo"": ""NUCLEO_OPERATIVO_EXISTENTE"", ""mensaje"": ""Ya existe el nucleo operativo 31 con el mismo nombre y municipio; se requiere conciliacion, no sobrescritura.""}]","[{""campo"": ""geometria"", ""codigo"": ""PARTES_POR_UNIR"", ""mensaje"": ""Las partes con la misma identidad externa se uniran solamente durante la confirmacion.""}]",[],51396204.8632,51396204.8632,,
43,error,28,CHAMPOTON,ejido,4,2505,"[{""campo"": ""nombre_nucleo"", ""codigo"": ""NUCLEO_OPERATIVO_EXISTENTE"", ""mensaje"": ""Ya existe el nucleo operativo 31 con el mismo nombre y municipio; se requiere conciliacion, no sobrescritura.""}]","[{""campo"": ""geometria"", ""codigo"": ""PARTES_POR_UNIR"", ""mensaje"": ""Las partes con la misma identidad externa se uniran solamente durante la confirmacion.""}]",[],69774913.2596,69774913.2596,,
44,error,28,CHAMPOTON,ejido,4,2505,"[{""campo"": ""nombre_nucleo"", ""codigo"": ""NUCLEO_OPERATIVO_EXISTENTE"", ""mensaje"": ""Ya existe el nucleo operativo 31 con el mismo nombre y municipio; se requiere conciliacion, no sobrescritura.""}]","[{""campo"": ""geometria"", ""codigo"": ""PARTES_POR_UNIR"", ""mensaje"": ""Las partes con la misma identidad externa se uniran solamente durante la confirmacion.""}]",[],27896893.3947,27896893.3947,,
45,error,4,CHANCHEN,ejido,4,2507,"[{""campo"": ""nombre_nucleo"", ""codigo"": ""NUCLEO_OPERATIVO_EXISTENTE"", ""mensaje"": ""Ya existe el nucleo operativo 32 con el mismo nombre y municipio; se requiere conciliacion, no sobrescritura.""}]",[],[],19303590.1201,19303590.1201,,
46,error,59,CHAN LAGUNA,ejido,4,2510,"[{""campo"": ""nombre_nucleo"", ""codigo"": ""NUCLEO_OPERATIVO_EXISTENTE"", ""mensaje"": ""Ya existe el nucleo operativo 33 con el mismo nombre y municipio; se requiere conciliacion, no sobrescritura.""}]",[],[],33185438.6516,33185438.6516,,
47,error,75,CHEKUBUL,ejido,4,2504,"[{""campo"": ""nombre_nucleo"", ""codigo"": ""NUCLEO_OPERATIVO_EXISTENTE"", ""mensaje"": ""Ya existe el nucleo operativo 34 con el mismo nombre y municipio; se requiere conciliacion, no sobrescritura.""}]","[{""campo"": ""geometria"", ""codigo"": ""PARTES_POR_UNIR"", ""mensaje"": ""Las partes con la misma identidad externa se uniran solamente durante la confirmacion.""}]",[],1978048.3768,1978048.3768,,
48,error,75,CHEKUBUL,ejido,4,2504,"[{""campo"": ""nombre_nucleo"", ""codigo"": ""NUCLEO_OPERATIVO_EXISTENTE"", ""mensaje"": ""Ya existe el nucleo operativo 34 con el mismo nombre y municipio; se requiere conciliacion, no sobrescritura.""}]","[{""campo"": ""geometria"", ""codigo"": ""PARTES_POR_UNIR"", ""mensaje"": ""Las partes con la misma identidad externa se uniran solamente durante la confirmacion.""}]","[{""campo"": ""geometria"", ""codigo"": ""EXTRACCION_POLIGONOS"", ""mensaje"": ""Se extrajeron los componentes poligonales de GeometryCollection.""}]",21321139.6382,21321139.6382,,
49,error,75,CHEKUBUL,ejido,4,2504,"[{""campo"": ""nombre_nucleo"", ""codigo"": ""NUCLEO_OPERATIVO_EXISTENTE"", ""mensaje"": ""Ya existe el nucleo operativo 34 con el mismo nombre y municipio; se requiere conciliacion, no sobrescritura.""}]","[{""campo"": ""geometria"", ""codigo"": ""PARTES_POR_UNIR"", ""mensaje"": ""Las partes con la misma identidad externa se uniran solamente durante la confirmacion.""}]",[],51667912.4874,51667912.4874,,
50,error,75,CHEKUBUL,ejido,4,2504,"[{""campo"": ""nombre_nucleo"", ""codigo"": ""NUCLEO_OPERATIVO_EXISTENTE"", ""mensaje"": ""Ya existe el nucleo operativo 34 con el mismo nombre y municipio; se requiere conciliacion, no sobrescritura.""}]","[{""campo"": ""geometria"", ""codigo"": ""PARTES_POR_UNIR"", ""mensaje"": ""Las partes con la misma identidad externa se uniran solamente durante la confirmacion.""}]",[],10770011.9075,10770011.9075,,
51,error,7,CHEMBLAS,ejido,4,2503,"[{""campo"": ""nombre_nucleo"", ""codigo"": ""NUCLEO_OPERATIVO_EXISTENTE"", ""mensaje"": ""Ya existe el nucleo operativo 35 con el mismo nombre y municipio; se requiere conciliacion, no sobrescritura.""}]",[],[],19817584.5331,19817584.5331,,
52,error,14,CHENCOH,ejido,4,2507,"[{""campo"": ""nombre_nucleo"", ""codigo"": ""NUCLEO_OPERATIVO_EXISTENTE"", ""mensaje"": ""Ya existe el nucleo operativo 36 con el mismo nombre y municipio; se requiere conciliacion, no sobrescritura.""}]","[{""campo"": ""geometria"", ""codigo"": ""PARTES_POR_UNIR"", ""mensaje"": ""Las partes con la misma identidad externa se uniran solamente durante la confirmacion.""}]",[],344708845.3911,344708845.3911,,
53,error,14,CHENCOH,ejido,4,2507,"[{""campo"": ""nombre_nucleo"", ""codigo"": ""NUCLEO_OPERATIVO_EXISTENTE"", ""mensaje"": ""Ya existe el nucleo operativo 36 con el mismo nombre y municipio; se requiere conciliacion, no sobrescritura.""}]","[{""campo"": ""geometria"", ""codigo"": ""PARTES_POR_UNIR"", ""mensaje"": ""Las partes con la misma identidad externa se uniran solamente durante la confirmacion.""}]",[],61559046.4988,61559046.4988,,
54,error,12,CHENCOHUOH,ejido,4,2506,"[{""campo"": ""nombre_nucleo"", ""codigo"": ""NUCLEO_OPERATIVO_EXISTENTE"", ""mensaje"": ""Ya existe el nucleo operativo 37 con el mismo nombre y municipio; se requiere conciliacion, no sobrescritura.""}]",[],[],16830203.9067,16830203.9067,,
55,error,11,CHENCOYI,ejido,4,2503,"[{""campo"": ""nombre_nucleo"", ""codigo"": ""NUCLEO_OPERATIVO_EXISTENTE"", ""mensaje"": ""Ya existe el nucleo operativo 38 con el mismo nombre y municipio; se requiere conciliacion, no sobrescritura.""}]",[],[],14473062.4537,14473062.4537,,
56,error,76,CHICBUL,ejido,4,2504,"[{""campo"": ""nombre_nucleo"", ""codigo"": ""NUCLEO_OPERATIVO_EXISTENTE"", ""mensaje"": ""Ya existe el nucleo operativo 39 con el mismo nombre y municipio; se requiere conciliacion, no sobrescritura.""}]",[],[],65921206.5021,65921206.5021,,
57,error,44,CHILAM BALAM,ejido,4,2505,"[{""campo"": ""nombre_nucleo"", ""codigo"": ""NUCLEO_OPERATIVO_EXISTENTE"", ""mensaje"": ""Ya existe el nucleo operativo 40 con el mismo nombre y municipio; se requiere conciliacion, no sobrescritura.""}]",[],[],39831276.4819,39831276.4819,,
58,error,9,CHILIB,ejido,4,2509,"[{""campo"": ""nombre_nucleo"", ""codigo"": ""NUCLEO_OPERATIVO_EXISTENTE"", ""mensaje"": ""Ya existe el nucleo operativo 41 con el mismo nombre y municipio; se requiere conciliacion, no sobrescritura.""}]",[],[],12590122.4481,12590122.4481,,
59,error,101,CHIMAY,ejido,4,2507,"[{""campo"": ""nombre_nucleo"", ""codigo"": ""NUCLEO_OPERATIVO_EXISTENTE"", ""mensaje"": ""Ya existe el nucleo operativo 42 con el mismo nombre y municipio; se requiere conciliacion, no sobrescritura.""}]",[],[],66201415.7081,66201415.7081,,
60,error,3,CHINA,ejido,4,2503,"[{""campo"": ""nombre_nucleo"", ""codigo"": ""NUCLEO_OPERATIVO_EXISTENTE"", ""mensaje"": ""Ya existe el nucleo operativo 43 con el mismo nombre y municipio; se requiere conciliacion, no sobrescritura.""}]","[{""campo"": ""geometria"", ""codigo"": ""PARTES_POR_UNIR"", ""mensaje"": ""Las partes con la misma identidad externa se uniran solamente durante la confirmacion.""}]",[],22752058.2283,22752058.2283,,
61,error,3,CHINA,ejido,4,2503,"[{""campo"": ""nombre_nucleo"", ""codigo"": ""NUCLEO_OPERATIVO_EXISTENTE"", ""mensaje"": ""Ya existe el nucleo operativo 43 con el mismo nombre y municipio; se requiere conciliacion, no sobrescritura.""}]","[{""campo"": ""geometria"", ""codigo"": ""PARTES_POR_UNIR"", ""mensaje"": ""Las partes con la misma identidad externa se uniran solamente durante la confirmacion.""}]",[],80113209.3019,80113209.3019,,
62,error,3,CHINA,ejido,4,2503,"[{""campo"": ""nombre_nucleo"", ""codigo"": ""NUCLEO_OPERATIVO_EXISTENTE"", ""mensaje"": ""Ya existe el nucleo operativo 43 con el mismo nombre y municipio; se requiere conciliacion, no sobrescritura.""}]","[{""campo"": ""geometria"", ""codigo"": ""PARTES_POR_UNIR"", ""mensaje"": ""Las partes con la misma identidad externa se uniran solamente durante la confirmacion.""}]",[],6440971.9194,6440971.9194,,
63,error,106,CHONTALPA,ejido,4,2504,"[{""campo"": ""nombre_nucleo"", ""codigo"": ""NUCLEO_OPERATIVO_EXISTENTE"", ""mensaje"": ""Ya existe el nucleo operativo 44 con el mismo nombre y municipio; se requiere conciliacion, no sobrescritura.""}]",[],[],28552972.1490,28552972.1490,,
64,error,27,CHUNCEDRO,ejido,4,2507,"[{""campo"": ""nombre_nucleo"", ""codigo"": ""NUCLEO_OPERATIVO_EXISTENTE"", ""mensaje"": ""Ya existe el nucleo operativo 45 con el mismo nombre y municipio; se requiere conciliacion, no sobrescritura.""}]",[],[],20984709.0238,20984709.0238,,
65,error,5,CHUN EK,ejido,4,2507,"[{""campo"": ""nombre_nucleo"", ""codigo"": ""NUCLEO_OPERATIVO_EXISTENTE"", ""mensaje"": ""Ya existe el nucleo operativo 46 con el mismo nombre y municipio; se requiere conciliacion, no sobrescritura.""}]",[],[],156085366.7812,156085366.7812,,
66,error,11,CHUNHUAS,ejido,4,2502,"[{""campo"": ""nombre_nucleo"", ""codigo"": ""NUCLEO_OPERATIVO_EXISTENTE"", ""mensaje"": ""Ya existe el nucleo operativo 47 con el mismo nombre y municipio; se requiere conciliacion, no sobrescritura.""}]","[{""campo"": ""geometria"", ""codigo"": ""PARTES_POR_UNIR"", ""mensaje"": ""Las partes con la misma identidad externa se uniran solamente durante la confirmacion.""}]",[],3920469.9861,3920469.9861,,
67,error,11,CHUNHUAS,ejido,4,2502,"[{""campo"": ""nombre_nucleo"", ""codigo"": ""NUCLEO_OPERATIVO_EXISTENTE"", ""mensaje"": ""Ya existe el nucleo operativo 47 con el mismo nombre y municipio; se requiere conciliacion, no sobrescritura.""}]","[{""campo"": ""geometria"", ""codigo"": ""PARTES_POR_UNIR"", ""mensaje"": ""Las partes con la misma identidad externa se uniran solamente durante la confirmacion.""}]",[],37143787.6956,37143787.6956,,
68,error,1,CHUNKANAN,ejido,4,2506,"[{""campo"": ""nombre_nucleo"", ""codigo"": ""NUCLEO_OPERATIVO_EXISTENTE"", ""mensaje"": ""Ya existe el nucleo operativo 48 con el mismo nombre y municipio; se requiere conciliacion, no sobrescritura.""}]",[],[],58044540.4040,58044540.4040,,
69,error,17,CHUNYAXNIC YAXCHEIL,ejido,4,2507,"[{""campo"": ""nombre_nucleo"", ""codigo"": ""NUCLEO_OPERATIVO_EXISTENTE"", ""mensaje"": ""Ya existe el nucleo operativo 49 con el mismo nombre y municipio; se requiere conciliacion, no sobrescritura.""}]",[],[],28430619.1740,28430619.1740,,
70,error,60,CINCO DE FEBRERO,ejido,4,2505,"[{""campo"": ""nombre_nucleo"", ""codigo"": ""NUCLEO_OPERATIVO_EXISTENTE"", ""mensaje"": ""Ya existe el nucleo operativo 50 con el mismo nombre y municipio; se requiere conciliacion, no sobrescritura.""}]",[],[],296153456.5285,296153456.5285,,
71,error,17,CONCEPCION,ejido,4,2511,"[{""campo"": ""nombre_nucleo"", ""codigo"": ""NUCLEO_OPERATIVO_EXISTENTE"", ""mensaje"": ""Ya existe el nucleo operativo 51 con el mismo nombre y municipio; se requiere conciliacion, no sobrescritura.""}]",[],[],187785761.7782,187785761.7782,,
72,error,10,CONCEPCION,ejido,4,2502,"[{""campo"": ""nombre_nucleo"", ""codigo"": ""NUCLEO_OPERATIVO_EXISTENTE"", ""mensaje"": ""Ya existe el nucleo operativo 52 con el mismo nombre y municipio; se requiere conciliacion, no sobrescritura.""}]",[],[],65417390.1565,65417390.1565,,
73,error,16,CONHUAS,ejido,4,2511,"[{""campo"": ""nombre_nucleo"", ""codigo"": ""NUCLEO_OPERATIVO_EXISTENTE"", ""mensaje"": ""Ya existe el nucleo operativo 53 con el mismo nombre y municipio; se requiere conciliacion, no sobrescritura.""}]","[{""campo"": ""geometria"", ""codigo"": ""PARTES_POR_UNIR"", ""mensaje"": ""Las partes con la misma identidad externa se uniran solamente durante la confirmacion.""}]",[],21323180.6637,21323180.6637,,
74,error,16,CONHUAS,ejido,4,2511,"[{""campo"": ""nombre_nucleo"", ""codigo"": ""NUCLEO_OPERATIVO_EXISTENTE"", ""mensaje"": ""Ya existe el nucleo operativo 53 con el mismo nombre y municipio; se requiere conciliacion, no sobrescritura.""}]","[{""campo"": ""geometria"", ""codigo"": ""PARTES_POR_UNIR"", ""mensaje"": ""Las partes con la misma identidad externa se uniran solamente durante la confirmacion.""}]",[],563612257.7325,563612257.7325,,
75,error,14,CONSTITUCION,ejido,4,2511,"[{""campo"": ""nombre_nucleo"", ""codigo"": ""NUCLEO_OPERATIVO_EXISTENTE"", ""mensaje"": ""Ya existe el nucleo operativo 54 con el mismo nombre y municipio; se requiere conciliacion, no sobrescritura.""}]","[{""campo"": ""geometria"", ""codigo"": ""PARTES_POR_UNIR"", ""mensaje"": ""Las partes con la misma identidad externa se uniran solamente durante la confirmacion.""}]",[],273938574.5380,273938574.5380,,
76,error,14,CONSTITUCION,ejido,4,2511,"[{""campo"": ""nombre_nucleo"", ""codigo"": ""NUCLEO_OPERATIVO_EXISTENTE"", ""mensaje"": ""Ya existe el nucleo operativo 54 con el mismo nombre y municipio; se requiere conciliacion, no sobrescritura.""}]","[{""campo"": ""geometria"", ""codigo"": ""PARTES_POR_UNIR"", ""mensaje"": ""Las partes con la misma identidad externa se uniran solamente durante la confirmacion.""}]",[],19439253.6809,19439253.6809,,
77,error,1,CORONEL JOSE ORTIZ AVILA,ejido,4,2505,"[{""campo"": ""nombre_nucleo"", ""codigo"": ""NUCLEO_OPERATIVO_EXISTENTE"", ""mensaje"": ""Ya existe el nucleo operativo 55 con el mismo nombre y municipio; se requiere conciliacion, no sobrescritura.""}]",[],[],26880716.3558,26880716.3558,,
78,error,14,CORTE DE PAJARAL,ejido,4,2512,"[{""campo"": ""nombre_nucleo"", ""codigo"": ""NUCLEO_OPERATIVO_EXISTENTE"", ""mensaje"": ""Ya existe el nucleo operativo 56 con el mismo nombre y municipio; se requiere conciliacion, no sobrescritura.""}]",[],[],25277221.2759,25277221.2759,,
79,error,31,CRUCERO DE SAN LUIS,ejido,4,2507,"[{""campo"": ""nombre_nucleo"", ""codigo"": ""NUCLEO_OPERATIVO_EXISTENTE"", ""mensaje"": ""Ya existe el nucleo operativo 57 con el mismo nombre y municipio; se requiere conciliacion, no sobrescritura.""}]",[],[],57800945.3641,57800945.3641,,
80,error,17,CUAUHTEMOC,ejido,4,2512,"[{""campo"": ""nombre_nucleo"", ""codigo"": ""NUCLEO_OPERATIVO_EXISTENTE"", ""mensaje"": ""Ya existe el nucleo operativo 58 con el mismo nombre y municipio; se requiere conciliacion, no sobrescritura.""}]",[],[],28323434.0477,28323434.0477,,
81,error,18,DON SAMUEL,ejido,4,2510,"[{""campo"": ""nombre_nucleo"", ""codigo"": ""NUCLEO_OPERATIVO_EXISTENTE"", ""mensaje"": ""Ya existe el nucleo operativo 59 con el mismo nombre y municipio; se requiere conciliacion, no sobrescritura.""}]",[],[],176755589.2488,176755589.2488,,
82,error,57,DOS NACIONES,ejido,4,2511,"[{""campo"": ""nombre_nucleo"", ""codigo"": ""NUCLEO_OPERATIVO_EXISTENTE"", ""mensaje"": ""Ya existe el nucleo operativo 60 con el mismo nombre y municipio; se requiere conciliacion, no sobrescritura.""}]",[],[],28905674.0134,28905674.0134,,
83,error,50,DZACABUCHEN,ejido,4,2505,"[{""campo"": ""nombre_nucleo"", ""codigo"": ""NUCLEO_OPERATIVO_EXISTENTE"", ""mensaje"": ""Ya existe el nucleo operativo 61 con el mismo nombre y municipio; se requiere conciliacion, no sobrescritura.""}]",[],[],55288725.2426,55288725.2426,,
84,error,1,DZIBALCHEN,ejido,4,2507,"[{""campo"": ""nombre_nucleo"", ""codigo"": ""NUCLEO_OPERATIVO_EXISTENTE"", ""mensaje"": ""Ya existe el nucleo operativo 62 con el mismo nombre y municipio; se requiere conciliacion, no sobrescritura.""}]",[],[],107986602.3399,107986602.3399,,
85,error,41,DZITBALCHE  CASTELLOT,ejido,4,2505,"[{""campo"": ""nombre_nucleo"", ""codigo"": ""NUCLEO_OPERATIVO_EXISTENTE"", ""mensaje"": ""Ya existe el nucleo operativo 63 con el mismo nombre y municipio; se requiere conciliacion, no sobrescritura.""}]",[],[],47658523.9400,47658523.9400,,
86,error,6,DZITNUP,ejido,4,2506,"[{""campo"": ""nombre_nucleo"", ""codigo"": ""NUCLEO_OPERATIVO_EXISTENTE"", ""mensaje"": ""Ya existe el nucleo operativo 64 con el mismo nombre y municipio; se requiere conciliacion, no sobrescritura.""}]",[],[],19166881.6690,19166881.6690,,
87,error,10,DZOCCHEN,ejido,4,2506,"[{""campo"": ""nombre_nucleo"", ""codigo"": ""NUCLEO_OPERATIVO_EXISTENTE"", ""mensaje"": ""Ya existe el nucleo operativo 65 con el mismo nombre y municipio; se requiere conciliacion, no sobrescritura.""}]",[],[],11297186.8816,11297186.8816,,
88,error,3,DZOTZIL,ejido,4,2506,"[{""campo"": ""nombre_nucleo"", ""codigo"": ""NUCLEO_OPERATIVO_EXISTENTE"", ""mensaje"": ""Ya existe el nucleo operativo 66 con el mismo nombre y municipio; se requiere conciliacion, no sobrescritura.""}]",[],[],47685574.9170,47685574.9170,,
89,error,116,EL AGUACATAL,ejido,4,2504,"[{""campo"": ""nombre_nucleo"", ""codigo"": ""NUCLEO_OPERATIVO_EXISTENTE"", ""mensaje"": ""Ya existe el nucleo operativo 67 con el mismo nombre y municipio; se requiere conciliacion, no sobrescritura.""}]","[{""campo"": ""geometria"", ""codigo"": ""PARTES_POR_UNIR"", ""mensaje"": ""Las partes con la misma identidad externa se uniran solamente durante la confirmacion.""}]",[],2497571.4679,2497571.4679,,
90,error,116,EL AGUACATAL,ejido,4,2504,"[{""campo"": ""nombre_nucleo"", ""codigo"": ""NUCLEO_OPERATIVO_EXISTENTE"", ""mensaje"": ""Ya existe el nucleo operativo 67 con el mismo nombre y municipio; se requiere conciliacion, no sobrescritura.""}]","[{""campo"": ""geometria"", ""codigo"": ""PARTES_POR_UNIR"", ""mensaje"": ""Las partes con la misma identidad externa se uniran solamente durante la confirmacion.""}]",[],1433034.2825,1433034.2825,,
91,error,116,EL AGUACATAL,ejido,4,2504,"[{""campo"": ""nombre_nucleo"", ""codigo"": ""NUCLEO_OPERATIVO_EXISTENTE"", ""mensaje"": ""Ya existe el nucleo operativo 67 con el mismo nombre y municipio; se requiere conciliacion, no sobrescritura.""}]","[{""campo"": ""geometria"", ""codigo"": ""PARTES_POR_UNIR"", ""mensaje"": ""Las partes con la misma identidad externa se uniran solamente durante la confirmacion.""}]",[],43623849.2581,43623849.2581,,
92,error,116,EL AGUACATAL,ejido,4,2504,"[{""campo"": ""nombre_nucleo"", ""codigo"": ""NUCLEO_OPERATIVO_EXISTENTE"", ""mensaje"": ""Ya existe el nucleo operativo 67 con el mismo nombre y municipio; se requiere conciliacion, no sobrescritura.""}]","[{""campo"": ""geometria"", ""codigo"": ""PARTES_POR_UNIR"", ""mensaje"": ""Las partes con la misma identidad externa se uniran solamente durante la confirmacion.""}]",[],19205600.3239,19205600.3239,,
93,error,7,EL CAÑAVERAL,ejido,4,2505,"[{""campo"": ""nombre_nucleo"", ""codigo"": ""NUCLEO_OPERATIVO_EXISTENTE"", ""mensaje"": ""Ya existe el nucleo operativo 68 con el mismo nombre y municipio; se requiere conciliacion, no sobrescritura.""}]",[],[],39595235.6519,39595235.6519,,
94,error,53,EL CENTENARIO,ejido,4,2510,"[{""campo"": ""nombre_nucleo"", ""codigo"": ""NUCLEO_OPERATIVO_EXISTENTE"", ""mensaje"": ""Ya existe el nucleo operativo 69 con el mismo nombre y municipio; se requiere conciliacion, no sobrescritura.""}]","[{""campo"": ""geometria"", ""codigo"": ""PARTES_POR_UNIR"", ""mensaje"": ""Las partes con la misma identidad externa se uniran solamente durante la confirmacion.""}]",[],350065001.9906,350065001.9906,,
95,error,53,EL CENTENARIO,ejido,4,2510,"[{""campo"": ""nombre_nucleo"", ""codigo"": ""NUCLEO_OPERATIVO_EXISTENTE"", ""mensaje"": ""Ya existe el nucleo operativo 69 con el mismo nombre y municipio; se requiere conciliacion, no sobrescritura.""}]","[{""campo"": ""geometria"", ""codigo"": ""PARTES_POR_UNIR"", ""mensaje"": ""Las partes con la misma identidad externa se uniran solamente durante la confirmacion.""}]",[],901800.4989,901800.4989,,
96,error,23,EL CHICHONAL,ejido,4,2511,"[{""campo"": ""nombre_nucleo"", ""codigo"": ""NUCLEO_OPERATIVO_EXISTENTE"", ""mensaje"": ""Ya existe el nucleo operativo 70 con el mismo nombre y municipio; se requiere conciliacion, no sobrescritura.""}]",[],[],26293145.3400,26293145.3400,,
97,error,54,EL CHILAR,ejido,4,2512,"[{""campo"": ""nombre_nucleo"", ""codigo"": ""NUCLEO_OPERATIVO_EXISTENTE"", ""mensaje"": ""Ya existe el nucleo operativo 71 con el mismo nombre y municipio; se requiere conciliacion, no sobrescritura.""}]",[],[],31612674.7928,31612674.7928,,
98,error,37,EL DESENGAÑO,ejido,4,2512,"[{""campo"": ""nombre_nucleo"", ""codigo"": ""NUCLEO_OPERATIVO_EXISTENTE"", ""mensaje"": ""Ya existe el nucleo operativo 72 con el mismo nombre y municipio; se requiere conciliacion, no sobrescritura.""}]",[],[],53427539.9140,53427539.9140,,
99,error,46,EL ESFUERZO DE JUAN ESCUTIA,ejido,4,2510,"[{""campo"": ""nombre_nucleo"", ""codigo"": ""NUCLEO_OPERATIVO_EXISTENTE"", ""mensaje"": ""Ya existe el nucleo operativo 73 con el mismo nombre y municipio; se requiere conciliacion, no sobrescritura.""}]",[],[],8916757.9856,8916757.9856,,
100,error,19,EL GALLO,ejido,4,2510,"[{""campo"": ""nombre_nucleo"", ""codigo"": ""NUCLEO_OPERATIVO_EXISTENTE"", ""mensaje"": ""Ya existe el nucleo operativo 74 con el mismo nombre y municipio; se requiere conciliacion, no sobrescritura.""}]",[],[],11153747.3141,11153747.3141,,
101,error,20,EL HUIRO,ejido,4,2510,"[{""campo"": ""nombre_nucleo"", ""codigo"": ""NUCLEO_OPERATIVO_EXISTENTE"", ""mensaje"": ""Ya existe el nucleo operativo 75 con el mismo nombre y municipio; se requiere conciliacion, no sobrescritura.""}]",[],[],20031920.9940,20031920.9940,,
102,error,58,EL JOBAL,ejido,4,2510,"[{""campo"": ""nombre_nucleo"", ""codigo"": ""NUCLEO_OPERATIVO_EXISTENTE"", ""mensaje"": ""Ya existe el nucleo operativo 76 con el mismo nombre y municipio; se requiere conciliacion, no sobrescritura.""}]",[],[],5002877.1274,5002877.1274,,
103,error,1,EL LECHUGAL,ejido,4,2510,"[{""campo"": ""nombre_nucleo"", ""codigo"": ""NUCLEO_OPERATIVO_EXISTENTE"", ""mensaje"": ""Ya existe el nucleo operativo 77 con el mismo nombre y municipio; se requiere conciliacion, no sobrescritura.""}]",[],[],276581959.4424,276581959.4424,,
104,error,16,EL MACHETAZO,ejido,4,2512,"[{""campo"": ""nombre_nucleo"", ""codigo"": ""NUCLEO_OPERATIVO_EXISTENTE"", ""mensaje"": ""Ya existe el nucleo operativo 78 con el mismo nombre y municipio; se requiere conciliacion, no sobrescritura.""}]",[],[],21045792.2721,21045792.2721,,
105,error,20,EL MAMEY,ejido,4,2512,"[{""campo"": ""nombre_nucleo"", ""codigo"": ""NUCLEO_OPERATIVO_EXISTENTE"", ""mensaje"": ""Ya existe el nucleo operativo 79 con el mismo nombre y municipio; se requiere conciliacion, no sobrescritura.""}]",[],[],24824268.2829,24824268.2829,,
106,error,29,EL MANANTIAL,ejido,4,2511,"[{""campo"": ""nombre_nucleo"", ""codigo"": ""NUCLEO_OPERATIVO_EXISTENTE"", ""mensaje"": ""Ya existe el nucleo operativo 80 con el mismo nombre y municipio; se requiere conciliacion, no sobrescritura.""}]",[],[],49805486.5104,49805486.5104,,
107,error,3,EL NARANJO,ejido,4,2512,"[{""campo"": ""nombre_nucleo"", ""codigo"": ""NUCLEO_OPERATIVO_EXISTENTE"", ""mensaje"": ""Ya existe el nucleo operativo 81 con el mismo nombre y municipio; se requiere conciliacion, no sobrescritura.""}]","[{""campo"": ""geometria"", ""codigo"": ""PARTES_POR_UNIR"", ""mensaje"": ""Las partes con la misma identidad externa se uniran solamente durante la confirmacion.""}]",[],1913357.4834,1913357.4834,,
108,error,3,EL NARANJO,ejido,4,2512,"[{""campo"": ""nombre_nucleo"", ""codigo"": ""NUCLEO_OPERATIVO_EXISTENTE"", ""mensaje"": ""Ya existe el nucleo operativo 81 con el mismo nombre y municipio; se requiere conciliacion, no sobrescritura.""}]","[{""campo"": ""geometria"", ""codigo"": ""PARTES_POR_UNIR"", ""mensaje"": ""Las partes con la misma identidad externa se uniran solamente durante la confirmacion.""}]",[],97228193.8625,97228193.8625,,
109,error,3,EL NARANJO,ejido,4,2512,"[{""campo"": ""nombre_nucleo"", ""codigo"": ""NUCLEO_OPERATIVO_EXISTENTE"", ""mensaje"": ""Ya existe el nucleo operativo 81 con el mismo nombre y municipio; se requiere conciliacion, no sobrescritura.""}]","[{""campo"": ""geometria"", ""codigo"": ""PARTES_POR_UNIR"", ""mensaje"": ""Las partes con la misma identidad externa se uniran solamente durante la confirmacion.""}]",[],15353906.9801,15353906.9801,,
110,error,35,EL PARAISO,ejido,4,2503,"[{""campo"": ""nombre_nucleo"", ""codigo"": ""NUCLEO_OPERATIVO_EXISTENTE"", ""mensaje"": ""Ya existe el nucleo operativo 82 con el mismo nombre y municipio; se requiere conciliacion, no sobrescritura.""}]",[],[],20373437.1339,20373437.1339,,
111,error,49,EL PEDREGAL,ejido,4,2512,"[{""campo"": ""nombre_nucleo"", ""codigo"": ""NUCLEO_OPERATIVO_EXISTENTE"", ""mensaje"": ""Ya existe el nucleo operativo 83 con el mismo nombre y municipio; se requiere conciliacion, no sobrescritura.""}]","[{""campo"": ""geometria"", ""codigo"": ""PARTES_POR_UNIR"", ""mensaje"": ""Las partes con la misma identidad externa se uniran solamente durante la confirmacion.""}]",[],25279208.6649,25279208.6649,,
112,error,49,EL PEDREGAL,ejido,4,2512,"[{""campo"": ""nombre_nucleo"", ""codigo"": ""NUCLEO_OPERATIVO_EXISTENTE"", ""mensaje"": ""Ya existe el nucleo operativo 83 con el mismo nombre y municipio; se requiere conciliacion, no sobrescritura.""}]","[{""campo"": ""geometria"", ""codigo"": ""PARTES_POR_UNIR"", ""mensaje"": ""Las partes con la misma identidad externa se uniran solamente durante la confirmacion.""}]",[],30234931.7958,30234931.7958,,
113,error,104,EL PITAL,ejido,4,2504,"[{""campo"": ""nombre_nucleo"", ""codigo"": ""NUCLEO_OPERATIVO_EXISTENTE"", ""mensaje"": ""Ya existe el nucleo operativo 84 con el mismo nombre y municipio; se requiere conciliacion, no sobrescritura.""}]","[{""campo"": ""geometria"", ""codigo"": ""PARTES_POR_UNIR"", ""mensaje"": ""Las partes con la misma identidad externa se uniran solamente durante la confirmacion.""}]",[],3502409.5501,3502409.5501,,
114,error,104,EL PITAL,ejido,4,2504,"[{""campo"": ""nombre_nucleo"", ""codigo"": ""NUCLEO_OPERATIVO_EXISTENTE"", ""mensaje"": ""Ya existe el nucleo operativo 84 con el mismo nombre y municipio; se requiere conciliacion, no sobrescritura.""}]","[{""campo"": ""geometria"", ""codigo"": ""PARTES_POR_UNIR"", ""mensaje"": ""Las partes con la misma identidad externa se uniran solamente durante la confirmacion.""}]",[],5079464.1102,5079464.1102,,
115,error,104,EL PITAL,ejido,4,2504,"[{""campo"": ""nombre_nucleo"", ""codigo"": ""NUCLEO_OPERATIVO_EXISTENTE"", ""mensaje"": ""Ya existe el nucleo operativo 84 con el mismo nombre y municipio; se requiere conciliacion, no sobrescritura.""}]","[{""campo"": ""geometria"", ""codigo"": ""PARTES_POR_UNIR"", ""mensaje"": ""Las partes con la misma identidad externa se uniran solamente durante la confirmacion.""}]",[],35026664.6875,35026664.6875,,
116,error,55,EL POCITO,ejido,4,2512,"[{""campo"": ""nombre_nucleo"", ""codigo"": ""NUCLEO_OPERATIVO_EXISTENTE"", ""mensaje"": ""Ya existe el nucleo operativo 85 con el mismo nombre y municipio; se requiere conciliacion, no sobrescritura.""}]",[],[],24203397.0701,24203397.0701,,
117,error,22,EL PORVENIR,ejido,4,2512,"[{""campo"": ""nombre_nucleo"", ""codigo"": ""NUCLEO_OPERATIVO_EXISTENTE"", ""mensaje"": ""Ya existe el nucleo operativo 86 con el mismo nombre y municipio; se requiere conciliacion, no sobrescritura.""}]",[],[],13628372.9094,13628372.9094,,
118,error,21,EL POSTE,ejido,4,2507,"[{""campo"": ""nombre_nucleo"", ""codigo"": ""NUCLEO_OPERATIVO_EXISTENTE"", ""mensaje"": ""Ya existe el nucleo operativo 87 con el mismo nombre y municipio; se requiere conciliacion, no sobrescritura.""}]",[],[],19335667.3257,19335667.3257,,
119,error,110,EL QUEBRACHE.,ejido,4,2504,"[{""campo"": ""nombre_nucleo"", ""codigo"": ""NUCLEO_OPERATIVO_EXISTENTE"", ""mensaje"": ""Ya existe el nucleo operativo 88 con el mismo nombre y municipio; se requiere conciliacion, no sobrescritura.""}]",[],[],11218905.8804,11218905.8804,,
120,error,26,EL RAMONAL,ejido,4,2512,"[{""campo"": ""nombre_nucleo"", ""codigo"": ""NUCLEO_OPERATIVO_EXISTENTE"", ""mensaje"": ""Ya existe el nucleo operativo 89 con el mismo nombre y municipio; se requiere conciliacion, no sobrescritura.""}]",[],[],28792819.2496,28792819.2496,,
121,error,50,EL REFUGIO,ejido,4,2511,"[{""campo"": ""nombre_nucleo"", ""codigo"": ""NUCLEO_OPERATIVO_EXISTENTE"", ""mensaje"": ""Ya existe el nucleo operativo 90 con el mismo nombre y municipio; se requiere conciliacion, no sobrescritura.""}]",[],[],27908111.7525,27908111.7525,,
122,error,115,EL SACRIFICIO,ejido,4,2504,"[{""campo"": ""nombre_nucleo"", ""codigo"": ""NUCLEO_OPERATIVO_EXISTENTE"", ""mensaje"": ""Ya existe el nucleo operativo 91 con el mismo nombre y municipio; se requiere conciliacion, no sobrescritura.""}]",[],[],10729302.2584,10729302.2584,,
123,error,48,EL TESORO,ejido,4,2511,"[{""campo"": ""nombre_nucleo"", ""codigo"": ""NUCLEO_OPERATIVO_EXISTENTE"", ""mensaje"": ""Ya existe el nucleo operativo 92 con el mismo nombre y municipio; se requiere conciliacion, no sobrescritura.""}]",[],[],50382879.3091,50382879.3091,,
124,error,39,EL TIGRE,ejido,4,2512,"[{""campo"": ""nombre_nucleo"", ""codigo"": ""NUCLEO_OPERATIVO_EXISTENTE"", ""mensaje"": ""Ya existe el nucleo operativo 93 con el mismo nombre y municipio; se requiere conciliacion, no sobrescritura.""}]",[],[],12334774.0715,12334774.0715,,
125,error,35,EL TULIPAN,ejido,4,2512,"[{""campo"": ""nombre_nucleo"", ""codigo"": ""NUCLEO_OPERATIVO_EXISTENTE"", ""mensaje"": ""Ya existe el nucleo operativo 94 con el mismo nombre y municipio; se requiere conciliacion, no sobrescritura.""}]",[],[],23458396.5657,23458396.5657,,
126,error,90,EL ZAPOTE,ejido,4,2504,"[{""campo"": ""nombre_nucleo"", ""codigo"": ""NUCLEO_OPERATIVO_EXISTENTE"", ""mensaje"": ""Ya existe el nucleo operativo 95 con el mismo nombre y municipio; se requiere conciliacion, no sobrescritura.""}]",[],[],29855180.1776,29855180.1776,,
127,error,19,EMILIANO ZAPATA,ejido,4,2511,"[{""campo"": ""nombre_nucleo"", ""codigo"": ""NUCLEO_OPERATIVO_EXISTENTE"", ""mensaje"": ""Ya existe el nucleo operativo 96 con el mismo nombre y municipio; se requiere conciliacion, no sobrescritura.""}]",[],[],80449001.6353,80449001.6353,,
128,error,7,EMILIANO ZAPATA,ejido,4,2509,"[{""campo"": ""nombre_nucleo"", ""codigo"": ""NUCLEO_OPERATIVO_EXISTENTE"", ""mensaje"": ""Ya existe el nucleo operativo 97 con el mismo nombre y municipio; se requiere conciliacion, no sobrescritura.""}]",[],[],54902071.5082,54902071.5082,,
129,error,97,ENRIQUE RODRIGUEZ CANO,ejido,4,2504,"[{""campo"": ""nombre_nucleo"", ""codigo"": ""NUCLEO_OPERATIVO_EXISTENTE"", ""mensaje"": ""Ya existe el nucleo operativo 98 con el mismo nombre y municipio; se requiere conciliacion, no sobrescritura.""}]",[],[],23475203.2543,23475203.2543,,
130,error,9,ESCARCEGA,ejido,4,2510,"[{""campo"": ""nombre_nucleo"", ""codigo"": ""NUCLEO_OPERATIVO_EXISTENTE"", ""mensaje"": ""Ya existe el nucleo operativo 99 con el mismo nombre y municipio; se requiere conciliacion, no sobrescritura.""}]",[],[],199042117.6030,199042117.6030,,
131,error,42,ESPERANZA,ejido,4,2512,"[{""campo"": ""nombre_nucleo"", ""codigo"": ""NUCLEO_OPERATIVO_EXISTENTE"", ""mensaje"": ""Ya existe el nucleo operativo 100 con el mismo nombre y municipio; se requiere conciliacion, no sobrescritura.""}]",[],[],40496688.6314,40496688.6314,,
132,error,25,ESTRELLA DEL SUR,ejido,4,2512,"[{""campo"": ""nombre_nucleo"", ""codigo"": ""NUCLEO_OPERATIVO_EXISTENTE"", ""mensaje"": ""Ya existe el nucleo operativo 101 con el mismo nombre y municipio; se requiere conciliacion, no sobrescritura.""}]",[],[],22311876.5044,22311876.5044,,
133,error,107,FELIPE ANGELES,ejido,4,2504,"[{""campo"": ""nombre_nucleo"", ""codigo"": ""NUCLEO_OPERATIVO_EXISTENTE"", ""mensaje"": ""Ya existe el nucleo operativo 102 con el mismo nombre y municipio; se requiere conciliacion, no sobrescritura.""}]",[],[],35627375.3727,35627375.3727,,
134,error,45,FELIPE CARRILLO PUERTO,ejido,4,2505,"[{""campo"": ""nombre_nucleo"", ""codigo"": ""NUCLEO_OPERATIVO_EXISTENTE"", ""mensaje"": ""Ya existe el nucleo operativo 103 con el mismo nombre y municipio; se requiere conciliacion, no sobrescritura.""}]",[],[],438363579.6226,438363579.6226,,
135,error,87,FERNANDO FOGLIO M.,ejido,4,2504,"[{""campo"": ""nombre_nucleo"", ""codigo"": ""NUCLEO_OPERATIVO_EXISTENTE"", ""mensaje"": ""Ya existe el nucleo operativo 104 con el mismo nombre y municipio; se requiere conciliacion, no sobrescritura.""}]",[],[],22298673.1923,22298673.1923,,
136,error,34,FLOR DE CHIAPAS,ejido,4,2512,"[{""campo"": ""nombre_nucleo"", ""codigo"": ""NUCLEO_OPERATIVO_EXISTENTE"", ""mensaje"": ""Ya existe el nucleo operativo 105 con el mismo nombre y municipio; se requiere conciliacion, no sobrescritura.""}]","[{""campo"": ""geometria"", ""codigo"": ""PARTES_POR_UNIR"", ""mensaje"": ""Las partes con la misma identidad externa se uniran solamente durante la confirmacion.""}]",[],9173044.2809,9173044.2809,,
137,error,52,FLOR DE CHIAPAS,ejido,4,2510,"[{""campo"": ""nombre_nucleo"", ""codigo"": ""NUCLEO_OPERATIVO_EXISTENTE"", ""mensaje"": ""Ya existe el nucleo operativo 106 con el mismo nombre y municipio; se requiere conciliacion, no sobrescritura.""}]",[],[],26157095.3574,26157095.3574,,
138,error,34,FLOR DE CHIAPAS,ejido,4,2512,"[{""campo"": ""nombre_nucleo"", ""codigo"": ""NUCLEO_OPERATIVO_EXISTENTE"", ""mensaje"": ""Ya existe el nucleo operativo 105 con el mismo nombre y municipio; se requiere conciliacion, no sobrescritura.""}]","[{""campo"": ""geometria"", ""codigo"": ""PARTES_POR_UNIR"", ""mensaje"": ""Las partes con la misma identidad externa se uniran solamente durante la confirmacion.""}]",[],15683802.2166,15683802.2166,,
139,error,53,FLORES MAGON,ejido,4,2511,"[{""campo"": ""nombre_nucleo"", ""codigo"": ""NUCLEO_OPERATIVO_EXISTENTE"", ""mensaje"": ""Ya existe el nucleo operativo 107 con el mismo nombre y municipio; se requiere conciliacion, no sobrescritura.""}]",[],[],72782117.5170,72782117.5170,,
140,error,26,FRANCISCO I. MADERO,ejido,4,2510,"[{""campo"": ""nombre_nucleo"", ""codigo"": ""NUCLEO_OPERATIVO_EXISTENTE"", ""mensaje"": ""Ya existe el nucleo operativo 108 con el mismo nombre y municipio; se requiere conciliacion, no sobrescritura.""}]",[],[],37953398.2057,37953398.2057,,
141,error,31,FRANCISCO I. MADERO NO. 2,ejido,4,2512,"[{""campo"": ""nombre_nucleo"", ""codigo"": ""NUCLEO_OPERATIVO_EXISTENTE"", ""mensaje"": ""Ya existe el nucleo operativo 109 con el mismo nombre y municipio; se requiere conciliacion, no sobrescritura.""}]",[],[],25611982.7849,25611982.7849,,
142,error,5,FRANCISCO J. MUJICA,ejido,4,2512,"[{""campo"": ""nombre_nucleo"", ""codigo"": ""NUCLEO_OPERATIVO_EXISTENTE"", ""mensaje"": ""Ya existe el nucleo operativo 110 con el mismo nombre y municipio; se requiere conciliacion, no sobrescritura.""}]","[{""campo"": ""geometria"", ""codigo"": ""PARTES_POR_UNIR"", ""mensaje"": ""Las partes con la misma identidad externa se uniran solamente durante la confirmacion.""}]",[],2179127.0441,2179127.0441,,
143,error,5,FRANCISCO J. MUJICA,ejido,4,2512,"[{""campo"": ""nombre_nucleo"", ""codigo"": ""NUCLEO_OPERATIVO_EXISTENTE"", ""mensaje"": ""Ya existe el nucleo operativo 110 con el mismo nombre y municipio; se requiere conciliacion, no sobrescritura.""}]","[{""campo"": ""geometria"", ""codigo"": ""PARTES_POR_UNIR"", ""mensaje"": ""Las partes con la misma identidad externa se uniran solamente durante la confirmacion.""}]",[],10555165.9937,10555165.9937,,
144,error,84,GENERALISIMO MORELOS,ejido,4,2504,"[{""campo"": ""nombre_nucleo"", ""codigo"": ""NUCLEO_OPERATIVO_EXISTENTE"", ""mensaje"": ""Ya existe el nucleo operativo 111 con el mismo nombre y municipio; se requiere conciliacion, no sobrescritura.""}]",[],[],7834129.5131,7834129.5131,,
145,error,49,GENERAL ORTIZ AVILA,ejido,4,2505,"[{""campo"": ""nombre_nucleo"", ""codigo"": ""NUCLEO_OPERATIVO_EXISTENTE"", ""mensaje"": ""Ya existe el nucleo operativo 112 con el mismo nombre y municipio; se requiere conciliacion, no sobrescritura.""}]","[{""campo"": ""geometria"", ""codigo"": ""PARTES_POR_UNIR"", ""mensaje"": ""Las partes con la misma identidad externa se uniran solamente durante la confirmacion.""}]",[],11762271.3372,11762271.3372,,
146,error,49,GENERAL ORTIZ AVILA,ejido,4,2505,"[{""campo"": ""nombre_nucleo"", ""codigo"": ""NUCLEO_OPERATIVO_EXISTENTE"", ""mensaje"": ""Ya existe el nucleo operativo 112 con el mismo nombre y municipio; se requiere conciliacion, no sobrescritura.""}]","[{""campo"": ""geometria"", ""codigo"": ""PARTES_POR_UNIR"", ""mensaje"": ""Las partes con la misma identidad externa se uniran solamente durante la confirmacion.""}]",[],9453062.2589,9453062.2589,,
147,error,5,GENERAL RODOLFO FIERROS,ejido,4,2510,"[{""campo"": ""nombre_nucleo"", ""codigo"": ""NUCLEO_OPERATIVO_EXISTENTE"", ""mensaje"": ""Ya existe el nucleo operativo 113 con el mismo nombre y municipio; se requiere conciliacion, no sobrescritura.""}]",[],[],32066454.9347,32066454.9347,,
148,error,42,GRAL. ALVARO OBREGON,ejido,4,2511,"[{""campo"": ""nombre_nucleo"", ""codigo"": ""NUCLEO_OPERATIVO_EXISTENTE"", ""mensaje"": ""Ya existe el nucleo operativo 114 con el mismo nombre y municipio; se requiere conciliacion, no sobrescritura.""}]",[],[],243252646.5542,243252646.5542,,
149,error,16,GRAL. FRANCISCO J. MUJICA,ejido,4,2507,"[{""campo"": ""nombre_nucleo"", ""codigo"": ""NUCLEO_OPERATIVO_EXISTENTE"", ""mensaje"": ""Ya existe el nucleo operativo 115 con el mismo nombre y municipio; se requiere conciliacion, no sobrescritura.""}]",[],[],35574612.1677,35574612.1677,,
150,error,70,GRAL. HERIBERTO JARA,ejido,4,2511,"[{""campo"": ""nombre_nucleo"", ""codigo"": ""NUCLEO_OPERATIVO_EXISTENTE"", ""mensaje"": ""Ya existe el nucleo operativo 116 con el mismo nombre y municipio; se requiere conciliacion, no sobrescritura.""}]",[],[],20655970.0020,20655970.0020,,
151,error,74,GRAL. IGNACIO GUTIERREZ,ejido,4,2504,"[{""campo"": ""nombre_nucleo"", ""codigo"": ""NUCLEO_OPERATIVO_EXISTENTE"", ""mensaje"": ""Ya existe el nucleo operativo 117 con el mismo nombre y municipio; se requiere conciliacion, no sobrescritura.""}]","[{""campo"": ""geometria"", ""codigo"": ""PARTES_POR_UNIR"", ""mensaje"": ""Las partes con la misma identidad externa se uniran solamente durante la confirmacion.""}]",[],47718587.3166,47718587.3166,,
152,error,74,GRAL. IGNACIO GUTIERREZ,ejido,4,2504,"[{""campo"": ""nombre_nucleo"", ""codigo"": ""NUCLEO_OPERATIVO_EXISTENTE"", ""mensaje"": ""Ya existe el nucleo operativo 117 con el mismo nombre y municipio; se requiere conciliacion, no sobrescritura.""}]","[{""campo"": ""geometria"", ""codigo"": ""PARTES_POR_UNIR"", ""mensaje"": ""Las partes con la misma identidad externa se uniran solamente durante la confirmacion.""}]",[],22381126.9138,22381126.9138,,
153,error,74,GRAL. IGNACIO GUTIERREZ,ejido,4,2504,"[{""campo"": ""nombre_nucleo"", ""codigo"": ""NUCLEO_OPERATIVO_EXISTENTE"", ""mensaje"": ""Ya existe el nucleo operativo 117 con el mismo nombre y municipio; se requiere conciliacion, no sobrescritura.""}]","[{""campo"": ""geometria"", ""codigo"": ""PARTES_POR_UNIR"", ""mensaje"": ""Las partes con la misma identidad externa se uniran solamente durante la confirmacion.""}]",[],3234351.2799,3234351.2799,,
154,error,29,GRAL. LAZARO CARDENAS,ejido,4,2512,"[{""campo"": ""nombre_nucleo"", ""codigo"": ""NUCLEO_OPERATIVO_EXISTENTE"", ""mensaje"": ""Ya existe el nucleo operativo 118 con el mismo nombre y municipio; se requiere conciliacion, no sobrescritura.""}]",[],[],72522430.1406,72522430.1406,,
155,error,31,GRAL. MANUEL CASTILLA BRITO,ejido,4,2511,"[{""campo"": ""nombre_nucleo"", ""codigo"": ""NUCLEO_OPERATIVO_EXISTENTE"", ""mensaje"": ""Ya existe el nucleo operativo 119 con el mismo nombre y municipio; se requiere conciliacion, no sobrescritura.""}]",[],[],38105369.9647,38105369.9647,,
156,error,74,GUADALUPE,ejido,4,2511,"[{""campo"": ""nombre_nucleo"", ""codigo"": ""NUCLEO_OPERATIVO_EXISTENTE"", ""mensaje"": ""Ya existe el nucleo operativo 120 con el mismo nombre y municipio; se requiere conciliacion, no sobrescritura.""}]",[],[],44216993.2329,44216993.2329,,
157,error,55,GUSTAVO DIAZ ORDAZ,ejido,4,2511,"[{""campo"": ""nombre_nucleo"", ""codigo"": ""NUCLEO_OPERATIVO_EXISTENTE"", ""mensaje"": ""Ya existe el nucleo operativo 121 con el mismo nombre y municipio; se requiere conciliacion, no sobrescritura.""}]",[],[],148843331.5862,148843331.5862,,
158,error,18,HALTUNCHEN (VILLA MADERO),ejido,4,2505,"[{""campo"": ""nombre_nucleo"", ""codigo"": ""NUCLEO_OPERATIVO_EXISTENTE"", ""mensaje"": ""Ya existe el nucleo operativo 122 con el mismo nombre y municipio; se requiere conciliacion, no sobrescritura.""}]",[],[],34565805.9742,34565805.9742,,
159,error,5,HAMPOLOL,ejido,4,2503,"[{""campo"": ""nombre_nucleo"", ""codigo"": ""NUCLEO_OPERATIVO_EXISTENTE"", ""mensaje"": ""Ya existe el nucleo operativo 123 con el mismo nombre y municipio; se requiere conciliacion, no sobrescritura.""}]",[],[],20813344.1893,20813344.1893,,
160,error,15,HARO,ejido,4,2510,"[{""campo"": ""nombre_nucleo"", ""codigo"": ""NUCLEO_OPERATIVO_EXISTENTE"", ""mensaje"": ""Ya existe el nucleo operativo 124 con el mismo nombre y municipio; se requiere conciliacion, no sobrescritura.""}]","[{""campo"": ""geometria"", ""codigo"": ""PARTES_POR_UNIR"", ""mensaje"": ""Las partes con la misma identidad externa se uniran solamente durante la confirmacion.""}]",[],81879030.3599,81879030.3599,,
161,error,15,HARO,ejido,4,2510,"[{""campo"": ""nombre_nucleo"", ""codigo"": ""NUCLEO_OPERATIVO_EXISTENTE"", ""mensaje"": ""Ya existe el nucleo operativo 124 con el mismo nombre y municipio; se requiere conciliacion, no sobrescritura.""}]","[{""campo"": ""geometria"", ""codigo"": ""PARTES_POR_UNIR"", ""mensaje"": ""Las partes con la misma identidad externa se uniran solamente durante la confirmacion.""}]",[],137837236.1938,137837236.1938,,
162,error,15,HARO,ejido,4,2510,"[{""campo"": ""nombre_nucleo"", ""codigo"": ""NUCLEO_OPERATIVO_EXISTENTE"", ""mensaje"": ""Ya existe el nucleo operativo 124 con el mismo nombre y municipio; se requiere conciliacion, no sobrescritura.""}]","[{""campo"": ""geometria"", ""codigo"": ""PARTES_POR_UNIR"", ""mensaje"": ""Las partes con la misma identidad externa se uniran solamente durante la confirmacion.""}]",[],1586610.4674,1586610.4674,,
163,error,4,HECELCHAKAN,ejido,4,2506,"[{""campo"": ""nombre_nucleo"", ""codigo"": ""NUCLEO_OPERATIVO_EXISTENTE"", ""mensaje"": ""Ya existe el nucleo operativo 125 con el mismo nombre y municipio; se requiere conciliacion, no sobrescritura.""}]","[{""campo"": ""geometria"", ""codigo"": ""PARTES_POR_UNIR"", ""mensaje"": ""Las partes con la misma identidad externa se uniran solamente durante la confirmacion.""}]",[],26493443.4762,26493443.4762,,
164,error,4,HECELCHAKAN,ejido,4,2506,"[{""campo"": ""nombre_nucleo"", ""codigo"": ""NUCLEO_OPERATIVO_EXISTENTE"", ""mensaje"": ""Ya existe el nucleo operativo 125 con el mismo nombre y municipio; se requiere conciliacion, no sobrescritura.""}]","[{""campo"": ""geometria"", ""codigo"": ""PARTES_POR_UNIR"", ""mensaje"": ""Las partes con la misma identidad externa se uniran solamente durante la confirmacion.""}]",[],59088935.5687,59088935.5687,,
165,error,4,HECELCHAKAN,ejido,4,2506,"[{""campo"": ""nombre_nucleo"", ""codigo"": ""NUCLEO_OPERATIVO_EXISTENTE"", ""mensaje"": ""Ya existe el nucleo operativo 125 con el mismo nombre y municipio; se requiere conciliacion, no sobrescritura.""}]","[{""campo"": ""geometria"", ""codigo"": ""PARTES_POR_UNIR"", ""mensaje"": ""Las partes con la misma identidad externa se uniran solamente durante la confirmacion.""}]",[],342094807.8398,342094807.8398,,
166,error,4,HECELCHAKAN,ejido,4,2506,"[{""campo"": ""nombre_nucleo"", ""codigo"": ""NUCLEO_OPERATIVO_EXISTENTE"", ""mensaje"": ""Ya existe el nucleo operativo 125 con el mismo nombre y municipio; se requiere conciliacion, no sobrescritura.""}]","[{""campo"": ""geometria"", ""codigo"": ""PARTES_POR_UNIR"", ""mensaje"": ""Las partes con la misma identidad externa se uniran solamente durante la confirmacion.""}]",[],3126408.4884,3126408.4884,,
167,error,4,HECELCHAKAN,ejido,4,2506,"[{""campo"": ""nombre_nucleo"", ""codigo"": ""NUCLEO_OPERATIVO_EXISTENTE"", ""mensaje"": ""Ya existe el nucleo operativo 125 con el mismo nombre y municipio; se requiere conciliacion, no sobrescritura.""}]","[{""campo"": ""geometria"", ""codigo"": ""PARTES_POR_UNIR"", ""mensaje"": ""Las partes con la misma identidad externa se uniran solamente durante la confirmacion.""}]",[],66598312.6046,66598312.6046,,
168,error,18,HOBOMO,ejido,4,2503,"[{""campo"": ""nombre_nucleo"", ""codigo"": ""NUCLEO_OPERATIVO_EXISTENTE"", ""mensaje"": ""Ya existe el nucleo operativo 126 con el mismo nombre y municipio; se requiere conciliacion, no sobrescritura.""}]",[],[],20788265.6193,20788265.6193,,
169,error,11,HOOL,ejido,4,2505,"[{""campo"": ""nombre_nucleo"", ""codigo"": ""NUCLEO_OPERATIVO_EXISTENTE"", ""mensaje"": ""Ya existe el nucleo operativo 127 con el mismo nombre y municipio; se requiere conciliacion, no sobrescritura.""}]",[],[],38178480.9836,38178480.9836,,
170,error,35,HOPELCHEN,ejido,4,2507,"[{""campo"": ""nombre_nucleo"", ""codigo"": ""NUCLEO_OPERATIVO_EXISTENTE"", ""mensaje"": ""Ya existe el nucleo operativo 128 con el mismo nombre y municipio; se requiere conciliacion, no sobrescritura.""}]","[{""campo"": ""geometria"", ""codigo"": ""PARTES_POR_UNIR"", ""mensaje"": ""Las partes con la misma identidad externa se uniran solamente durante la confirmacion.""}]",[],107381304.7941,107381304.7941,,
171,error,35,HOPELCHEN,ejido,4,2507,"[{""campo"": ""nombre_nucleo"", ""codigo"": ""NUCLEO_OPERATIVO_EXISTENTE"", ""mensaje"": ""Ya existe el nucleo operativo 128 con el mismo nombre y municipio; se requiere conciliacion, no sobrescritura.""}]","[{""campo"": ""geometria"", ""codigo"": ""PARTES_POR_UNIR"", ""mensaje"": ""Las partes con la misma identidad externa se uniran solamente durante la confirmacion.""}]",[],996636786.3692,996636786.3692,,
172,error,36,ICH EK,ejido,4,2507,"[{""campo"": ""nombre_nucleo"", ""codigo"": ""NUCLEO_OPERATIVO_EXISTENTE"", ""mensaje"": ""Ya existe el nucleo operativo 129 con el mismo nombre y municipio; se requiere conciliacion, no sobrescritura.""}]",[],[],67238004.1007,67238004.1007,,
173,error,43,IGNACIO LOPEZ RAYON,ejido,4,2505,"[{""campo"": ""nombre_nucleo"", ""codigo"": ""NUCLEO_OPERATIVO_EXISTENTE"", ""mensaje"": ""Ya existe el nucleo operativo 130 con el mismo nombre y municipio; se requiere conciliacion, no sobrescritura.""}]",[],[],29363714.8265,29363714.8265,,
174,error,32,INDEPENDENCIA,ejido,4,2504,"[{""campo"": ""nombre_nucleo"", ""codigo"": ""NUCLEO_OPERATIVO_EXISTENTE"", ""mensaje"": ""Ya existe el nucleo operativo 131 con el mismo nombre y municipio; se requiere conciliacion, no sobrescritura.""}]",[],[],8796870.5654,8796870.5654,,
175,error,22,ING. EUGENIO ECHEVERRIA CASTELLOT No.1,ejido,4,2511,"[{""campo"": ""nombre_nucleo"", ""codigo"": ""NUCLEO_OPERATIVO_EXISTENTE"", ""mensaje"": ""Ya existe el nucleo operativo 132 con el mismo nombre y municipio; se requiere conciliacion, no sobrescritura.""}]",[],[],11857572.4807,11857572.4807,,
176,error,32,ING. EUGENIO ECHEVERRIA CASTELLOT No. 2,ejido,4,2511,"[{""campo"": ""nombre_nucleo"", ""codigo"": ""NUCLEO_OPERATIVO_EXISTENTE"", ""mensaje"": ""Ya existe el nucleo operativo 133 con el mismo nombre y municipio; se requiere conciliacion, no sobrescritura.""}]",[],[],25618472.7313,25618472.7313,,
177,error,71,ISLA AGUADA,ejido,4,2504,"[{""campo"": ""nombre_nucleo"", ""codigo"": ""NUCLEO_OPERATIVO_EXISTENTE"", ""mensaje"": ""Ya existe el nucleo operativo 134 con el mismo nombre y municipio; se requiere conciliacion, no sobrescritura.""}]",[],[],12752576.5647,12752576.5647,,
178,error,9,ITURBIDE,ejido,4,2507,"[{""campo"": ""nombre_nucleo"", ""codigo"": ""NUCLEO_OPERATIVO_EXISTENTE"", ""mensaje"": ""Ya existe el nucleo operativo 135 con el mismo nombre y municipio; se requiere conciliacion, no sobrescritura.""}]",[],[],755426507.6365,755426507.6365,,
179,error,41,JOSEFA ORTIZ DE DOMINGUEZ,ejido,4,2511,"[{""campo"": ""nombre_nucleo"", ""codigo"": ""NUCLEO_OPERATIVO_EXISTENTE"", ""mensaje"": ""Ya existe el nucleo operativo 136 con el mismo nombre y municipio; se requiere conciliacion, no sobrescritura.""}]",[],[],18873924.8580,18873924.8580,,
180,error,40,JOSE LOPEZ PORTILLO NO. 2,ejido,4,2505,"[{""campo"": ""nombre_nucleo"", ""codigo"": ""NUCLEO_OPERATIVO_EXISTENTE"", ""mensaje"": ""Ya existe el nucleo operativo 137 con el mismo nombre y municipio; se requiere conciliacion, no sobrescritura.""}]",[],[],17751846.4557,17751846.4557,,
181,error,59,JOSE MA. MORELOS Y P. No.2 (EL CIBALITO),ejido,4,2511,"[{""campo"": ""nombre_nucleo"", ""codigo"": ""NUCLEO_OPERATIVO_EXISTENTE"", ""mensaje"": ""Ya existe el nucleo operativo 138 con el mismo nombre y municipio; se requiere conciliacion, no sobrescritura.""}]",[],[],21856627.4041,21856627.4041,,
182,error,80,JOSE MA. PINO SUAREZ,ejido,4,2504,"[{""campo"": ""nombre_nucleo"", ""codigo"": ""NUCLEO_OPERATIVO_EXISTENTE"", ""mensaje"": ""Ya existe el nucleo operativo 139 con el mismo nombre y municipio; se requiere conciliacion, no sobrescritura.""}]",[],[],15360206.1028,15360206.1028,,
183,error,51,JOSE M. MORELOS Y PAVON,ejido,4,2505,"[{""campo"": ""nombre_nucleo"", ""codigo"": ""NUCLEO_OPERATIVO_EXISTENTE"", ""mensaje"": ""Ya existe el nucleo operativo 140 con el mismo nombre y municipio; se requiere conciliacion, no sobrescritura.""}]","[{""campo"": ""geometria"", ""codigo"": ""PARTES_POR_UNIR"", ""mensaje"": ""Las partes con la misma identidad externa se uniran solamente durante la confirmacion.""}]",[],27247336.7535,27247336.7535,,
184,error,51,JOSE M. MORELOS Y PAVON,ejido,4,2505,"[{""campo"": ""nombre_nucleo"", ""codigo"": ""NUCLEO_OPERATIVO_EXISTENTE"", ""mensaje"": ""Ya existe el nucleo operativo 140 con el mismo nombre y municipio; se requiere conciliacion, no sobrescritura.""}]","[{""campo"": ""geometria"", ""codigo"": ""PARTES_POR_UNIR"", ""mensaje"": ""Las partes con la misma identidad externa se uniran solamente durante la confirmacion.""}]",[],6270233.1238,6270233.1238,,
185,error,8,KANKI,ejido,4,2509,"[{""campo"": ""nombre_nucleo"", ""codigo"": ""NUCLEO_OPERATIVO_EXISTENTE"", ""mensaje"": ""Ya existe el nucleo operativo 141 con el mismo nombre y municipio; se requiere conciliacion, no sobrescritura.""}]",[],[],27054801.4886,27054801.4886,,
186,error,22,KATAB,ejido,4,2507,"[{""campo"": ""nombre_nucleo"", ""codigo"": ""NUCLEO_OPERATIVO_EXISTENTE"", ""mensaje"": ""Ya existe el nucleo operativo 142 con el mismo nombre y municipio; se requiere conciliacion, no sobrescritura.""}]",[],[],44996699.6413,44996699.6413,,
187,error,37,KICCHE,ejido,4,2511,"[{""campo"": ""nombre_nucleo"", ""codigo"": ""NUCLEO_OPERATIVO_EXISTENTE"", ""mensaje"": ""Ya existe el nucleo operativo 143 con el mismo nombre y municipio; se requiere conciliacion, no sobrescritura.""}]",[],[],21634033.8984,21634033.8984,,
188,error,21,KIKAB,ejido,4,2503,"[{""campo"": ""nombre_nucleo"", ""codigo"": ""NUCLEO_OPERATIVO_EXISTENTE"", ""mensaje"": ""Ya existe el nucleo operativo 144 con el mismo nombre y municipio; se requiere conciliacion, no sobrescritura.""}]",[],[],52496068.3094,52496068.3094,,
189,error,18,KILOMETRO 120,ejido,4,2511,"[{""campo"": ""nombre_nucleo"", ""codigo"": ""NUCLEO_OPERATIVO_EXISTENTE"", ""mensaje"": ""Ya existe el nucleo operativo 145 con el mismo nombre y municipio; se requiere conciliacion, no sobrescritura.""}]",[],[],103271501.7255,103271501.7255,,
190,error,102,KILOMETRO 18,ejido,4,2504,"[{""campo"": ""nombre_nucleo"", ""codigo"": ""NUCLEO_OPERATIVO_EXISTENTE"", ""mensaje"": ""Ya existe el nucleo operativo 146 con el mismo nombre y municipio; se requiere conciliacion, no sobrescritura.""}]",[],[],34995193.4015,34995193.4015,,
191,error,13,KILOMETRO 36,ejido,4,2510,"[{""campo"": ""nombre_nucleo"", ""codigo"": ""NUCLEO_OPERATIVO_EXISTENTE"", ""mensaje"": ""Ya existe el nucleo operativo 147 con el mismo nombre y municipio; se requiere conciliacion, no sobrescritura.""}]",[],[],32631356.7583,32631356.7583,,
192,error,97,KILOMETRO 67,ejido,4,2505,"[{""campo"": ""nombre_nucleo"", ""codigo"": ""NUCLEO_OPERATIVO_EXISTENTE"", ""mensaje"": ""Ya existe el nucleo operativo 148 con el mismo nombre y municipio; se requiere conciliacion, no sobrescritura.""}]",[],[],36135543.5235,36135543.5235,,
193,error,10,KILOMETRO 74,ejido,4,2510,"[{""campo"": ""nombre_nucleo"", ""codigo"": ""NUCLEO_OPERATIVO_EXISTENTE"", ""mensaje"": ""Ya existe el nucleo operativo 149 con el mismo nombre y municipio; se requiere conciliacion, no sobrescritura.""}]",[],[],33761386.7310,33761386.7310,,
194,error,4,KOBEN,ejido,4,2503,"[{""campo"": ""nombre_nucleo"", ""codigo"": ""NUCLEO_OPERATIVO_EXISTENTE"", ""mensaje"": ""Ya existe el nucleo operativo 150 con el mismo nombre y municipio; se requiere conciliacion, no sobrescritura.""}]",[],[],26940379.8565,26940379.8565,,
195,error,30,KONCHEN,ejido,4,2507,"[{""campo"": ""nombre_nucleo"", ""codigo"": ""NUCLEO_OPERATIVO_EXISTENTE"", ""mensaje"": ""Ya existe el nucleo operativo 151 con el mismo nombre y municipio; se requiere conciliacion, no sobrescritura.""}]",[],[],33166737.8275,33166737.8275,,
196,error,35,KUCULKAN,ejido,4,2505,"[{""campo"": ""nombre_nucleo"", ""codigo"": ""NUCLEO_OPERATIVO_EXISTENTE"", ""mensaje"": ""Ya existe el nucleo operativo 152 con el mismo nombre y municipio; se requiere conciliacion, no sobrescritura.""}]",[],[],41093226.4562,41093226.4562,,
197,error,11,LA ASUNCION,ejido,4,2510,"[{""campo"": ""nombre_nucleo"", ""codigo"": ""NUCLEO_OPERATIVO_EXISTENTE"", ""mensaje"": ""Ya existe el nucleo operativo 153 con el mismo nombre y municipio; se requiere conciliacion, no sobrescritura.""}]",[],[],12093747.5768,12093747.5768,,
198,error,44,LA ESMERALDA,ejido,4,2512,"[{""campo"": ""nombre_nucleo"", ""codigo"": ""NUCLEO_OPERATIVO_EXISTENTE"", ""mensaje"": ""Ya existe el nucleo operativo 154 con el mismo nombre y municipio; se requiere conciliacion, no sobrescritura.""}]","[{""campo"": ""geometria"", ""codigo"": ""PARTES_POR_UNIR"", ""mensaje"": ""Las partes con la misma identidad externa se uniran solamente durante la confirmacion.""}]",[],21199935.0062,21199935.0062,,
199,error,44,LA ESMERALDA,ejido,4,2512,"[{""campo"": ""nombre_nucleo"", ""codigo"": ""NUCLEO_OPERATIVO_EXISTENTE"", ""mensaje"": ""Ya existe el nucleo operativo 154 con el mismo nombre y municipio; se requiere conciliacion, no sobrescritura.""}]","[{""campo"": ""geometria"", ""codigo"": ""PARTES_POR_UNIR"", ""mensaje"": ""Las partes con la misma identidad externa se uniran solamente durante la confirmacion.""}]",[],2317677.0550,2317677.0550,,
200,error,22,LA FLOR,ejido,4,2510,"[{""campo"": ""nombre_nucleo"", ""codigo"": ""NUCLEO_OPERATIVO_EXISTENTE"", ""mensaje"": ""Ya existe el nucleo operativo 155 con el mismo nombre y municipio; se requiere conciliacion, no sobrescritura.""}]",[],[],11875622.8307,11875622.8307,,
201,error,93,LA FLORIDA,ejido,4,2504,"[{""campo"": ""nombre_nucleo"", ""codigo"": ""NUCLEO_OPERATIVO_EXISTENTE"", ""mensaje"": ""Ya existe el nucleo operativo 156 con el mismo nombre y municipio; se requiere conciliacion, no sobrescritura.""}]",[],[],8101628.0592,8101628.0592,,
202,error,12,LA FORTUNA,ejido,4,2512,"[{""campo"": ""nombre_nucleo"", ""codigo"": ""NUCLEO_OPERATIVO_EXISTENTE"", ""mensaje"": ""Ya existe el nucleo operativo 157 con el mismo nombre y municipio; se requiere conciliacion, no sobrescritura.""}]",[],[],6261360.1671,6261360.1671,,
203,error,2,LAGON DULCE,ejido,4,2508,"[{""campo"": ""nombre_nucleo"", ""codigo"": ""NUCLEO_OPERATIVO_EXISTENTE"", ""mensaje"": ""Ya existe el nucleo operativo 158 con el mismo nombre y municipio; se requiere conciliacion, no sobrescritura.""}]","[{""campo"": ""geometria"", ""codigo"": ""PARTES_POR_UNIR"", ""mensaje"": ""Las partes con la misma identidad externa se uniran solamente durante la confirmacion.""}]",[],4197281.9556,4197281.9556,,
204,error,2,LAGON DULCE,ejido,4,2508,"[{""campo"": ""nombre_nucleo"", ""codigo"": ""NUCLEO_OPERATIVO_EXISTENTE"", ""mensaje"": ""Ya existe el nucleo operativo 158 con el mismo nombre y municipio; se requiere conciliacion, no sobrescritura.""}]","[{""campo"": ""geometria"", ""codigo"": ""PARTES_POR_UNIR"", ""mensaje"": ""Las partes con la misma identidad externa se uniran solamente durante la confirmacion.""}]",[],3409985.5818,3409985.5818,,
205,error,2,LAGON DULCE,ejido,4,2508,"[{""campo"": ""nombre_nucleo"", ""codigo"": ""NUCLEO_OPERATIVO_EXISTENTE"", ""mensaje"": ""Ya existe el nucleo operativo 158 con el mismo nombre y municipio; se requiere conciliacion, no sobrescritura.""}]","[{""campo"": ""geometria"", ""codigo"": ""PARTES_POR_UNIR"", ""mensaje"": ""Las partes con la misma identidad externa se uniran solamente durante la confirmacion.""}]",[],3377887.6016,3377887.6016,,
206,error,49,LAGUNA GRANDE,ejido,4,2510,"[{""campo"": ""nombre_nucleo"", ""codigo"": ""NUCLEO_OPERATIVO_EXISTENTE"", ""mensaje"": ""Ya existe el nucleo operativo 159 con el mismo nombre y municipio; se requiere conciliacion, no sobrescritura.""}]",[],[],38946840.9189,38946840.9189,,
207,error,3,LA LIBERTAD,ejido,4,2510,"[{""campo"": ""nombre_nucleo"", ""codigo"": ""NUCLEO_OPERATIVO_EXISTENTE"", ""mensaje"": ""Ya existe el nucleo operativo 160 con el mismo nombre y municipio; se requiere conciliacion, no sobrescritura.""}]",[],[],142976630.1680,142976630.1680,,
208,error,57,LA LUCHA,ejido,4,2512,"[{""campo"": ""nombre_nucleo"", ""codigo"": ""NUCLEO_OPERATIVO_EXISTENTE"", ""mensaje"": ""Ya existe el nucleo operativo 161 con el mismo nombre y municipio; se requiere conciliacion, no sobrescritura.""}]",[],[],4672985.8732,4672985.8732,,
209,error,33,LA LUCHA,ejido,4,2511,"[{""campo"": ""nombre_nucleo"", ""codigo"": ""NUCLEO_OPERATIVO_EXISTENTE"", ""mensaje"": ""Ya existe el nucleo operativo 162 con el mismo nombre y municipio; se requiere conciliacion, no sobrescritura.""}]",[],[],22995038.6250,22995038.6250,,
210,error,7,LA NUEVA ESPERANZA,ejido,4,2508,"[{""campo"": ""nombre_nucleo"", ""codigo"": ""NUCLEO_OPERATIVO_EXISTENTE"", ""mensaje"": ""Ya existe el nucleo operativo 163 con el mismo nombre y municipio; se requiere conciliacion, no sobrescritura.""}]",[],[],5771446.2369,5771446.2369,,
211,error,51,LA NUEVA VIDA,ejido,4,2511,"[{""campo"": ""nombre_nucleo"", ""codigo"": ""NUCLEO_OPERATIVO_EXISTENTE"", ""mensaje"": ""Ya existe el nucleo operativo 164 con el mismo nombre y municipio; se requiere conciliacion, no sobrescritura.""}]",[],[],43778790.2913,43778790.2913,,
212,error,65,LA PROVIDENCIA,ejido,4,2505,"[{""campo"": ""nombre_nucleo"", ""codigo"": ""NUCLEO_OPERATIVO_EXISTENTE"", ""mensaje"": ""Ya existe el nucleo operativo 165 con el mismo nombre y municipio; se requiere conciliacion, no sobrescritura.""}]",[],[],37706081.3875,37706081.3875,,
213,error,19,LAS DELICIAS,ejido,4,2512,"[{""campo"": ""nombre_nucleo"", ""codigo"": ""NUCLEO_OPERATIVO_EXISTENTE"", ""mensaje"": ""Ya existe el nucleo operativo 166 con el mismo nombre y municipio; se requiere conciliacion, no sobrescritura.""}]",[],[],35415446.6268,35415446.6268,,
214,error,23,LAS GOLONDRINAS,ejido,4,2512,"[{""campo"": ""nombre_nucleo"", ""codigo"": ""NUCLEO_OPERATIVO_EXISTENTE"", ""mensaje"": ""Ya existe el nucleo operativo 167 con el mismo nombre y municipio; se requiere conciliacion, no sobrescritura.""}]",[],[],68194247.5555,68194247.5555,,
215,error,1,LAS GRANJAS,ejido,4,2504,"[{""campo"": ""nombre_nucleo"", ""codigo"": ""NUCLEO_OPERATIVO_EXISTENTE"", ""mensaje"": ""Ya existe el nucleo operativo 168 con el mismo nombre y municipio; se requiere conciliacion, no sobrescritura.""}]",[],[],2001543.6571,2001543.6571,,
216,error,28,LA VICTORIA,ejido,4,2510,"[{""campo"": ""nombre_nucleo"", ""codigo"": ""NUCLEO_OPERATIVO_EXISTENTE"", ""mensaje"": ""Ya existe el nucleo operativo 169 con el mismo nombre y municipio; se requiere conciliacion, no sobrescritura.""}]",[],[],26694551.0823,26694551.0823,,
217,error,67,LA VICTORIA,ejido,4,2511,"[{""campo"": ""nombre_nucleo"", ""codigo"": ""NUCLEO_OPERATIVO_EXISTENTE"", ""mensaje"": ""Ya existe el nucleo operativo 170 con el mismo nombre y municipio; se requiere conciliacion, no sobrescritura.""}]",[],[],39633590.5754,39633590.5754,,
218,error,28,LA VIRGENCITA DE LA CANDELARIA,ejido,4,2511,"[{""campo"": ""nombre_nucleo"", ""codigo"": ""NUCLEO_OPERATIVO_EXISTENTE"", ""mensaje"": ""Ya existe el nucleo operativo 171 con el mismo nombre y municipio; se requiere conciliacion, no sobrescritura.""}]",[],[],34067935.7614,34067935.7614,,
219,error,43,LA ZANJA,ejido,4,2512,"[{""campo"": ""nombre_nucleo"", ""codigo"": ""NUCLEO_OPERATIVO_EXISTENTE"", ""mensaje"": ""Ya existe el nucleo operativo 172 con el mismo nombre y municipio; se requiere conciliacion, no sobrescritura.""}]",[],[],35624678.4587,35624678.4587,,
220,error,54,LAZARO CARDENAS,ejido,4,2505,"[{""campo"": ""nombre_nucleo"", ""codigo"": ""NUCLEO_OPERATIVO_EXISTENTE"", ""mensaje"": ""Ya existe el nucleo operativo 173 con el mismo nombre y municipio; se requiere conciliacion, no sobrescritura.""}]",[],[],58190015.0535,58190015.0535,,
221,error,45,LAZARO CARDENAS NO. 2,ejido,4,2511,"[{""campo"": ""nombre_nucleo"", ""codigo"": ""NUCLEO_OPERATIVO_EXISTENTE"", ""mensaje"": ""Ya existe el nucleo operativo 174 con el mismo nombre y municipio; se requiere conciliacion, no sobrescritura.""}]",[],[],37673924.6299,37673924.6299,,
222,valido,1,LERMA,ejido,4,2503,[],[],"[{""campo"": ""geometria"", ""codigo"": ""EXTRACCION_POLIGONOS"", ""mensaje"": ""Se extrajeron los componentes poligonales de GeometryCollection.""}]",108672768.3955,108672768.3955,,
223,error,43,LEY DE FOMENTO AGROPECUARIO,ejido,4,2511,"[{""campo"": ""nombre_nucleo"", ""codigo"": ""NUCLEO_OPERATIVO_EXISTENTE"", ""mensaje"": ""Ya existe el nucleo operativo 175 con el mismo nombre y municipio; se requiere conciliacion, no sobrescritura.""}]",[],[],51164680.8276,51164680.8276,,
224,error,8,LIC. ADOLFO LOPEZ MATEOS,ejido,4,2505,"[{""campo"": ""nombre_nucleo"", ""codigo"": ""NUCLEO_OPERATIVO_EXISTENTE"", ""mensaje"": ""Ya existe el nucleo operativo 176 con el mismo nombre y municipio; se requiere conciliacion, no sobrescritura.""}]",[],[],54634632.2716,54634632.2716,,
225,error,50,LIC. BENITO JUAREZ,ejido,4,2510,"[{""campo"": ""nombre_nucleo"", ""codigo"": ""NUCLEO_OPERATIVO_EXISTENTE"", ""mensaje"": ""Ya existe el nucleo operativo 177 con el mismo nombre y municipio; se requiere conciliacion, no sobrescritura.""}]",[],[],34560929.0016,34560929.0016,,
226,error,51,LIC. JOSE LOPEZ PORTILLO,ejido,4,2510,"[{""campo"": ""nombre_nucleo"", ""codigo"": ""NUCLEO_OPERATIVO_EXISTENTE"", ""mensaje"": ""Ya existe el nucleo operativo 178 con el mismo nombre y municipio; se requiere conciliacion, no sobrescritura.""}]",[],[],27295414.8891,27295414.8891,,
227,error,30,LIC.JUSTO SIERRA MENDEZ,ejido,4,2512,"[{""campo"": ""nombre_nucleo"", ""codigo"": ""NUCLEO_OPERATIVO_EXISTENTE"", ""mensaje"": ""Ya existe el nucleo operativo 179 con el mismo nombre y municipio; se requiere conciliacion, no sobrescritura.""}]",[],[],46105466.6229,46105466.6229,,
228,error,9,LIC.MIGUEL ALEMAN,ejido,4,2512,"[{""campo"": ""nombre_nucleo"", ""codigo"": ""NUCLEO_OPERATIVO_EXISTENTE"", ""mensaje"": ""Ya existe el nucleo operativo 180 con el mismo nombre y municipio; se requiere conciliacion, no sobrescritura.""}]","[{""campo"": ""geometria"", ""codigo"": ""PARTES_POR_UNIR"", ""mensaje"": ""Las partes con la misma identidad externa se uniran solamente durante la confirmacion.""}]",[],9350962.3220,9350962.3220,,
229,error,9,LIC.MIGUEL ALEMAN,ejido,4,2512,"[{""campo"": ""nombre_nucleo"", ""codigo"": ""NUCLEO_OPERATIVO_EXISTENTE"", ""mensaje"": ""Ya existe el nucleo operativo 180 con el mismo nombre y municipio; se requiere conciliacion, no sobrescritura.""}]","[{""campo"": ""geometria"", ""codigo"": ""PARTES_POR_UNIR"", ""mensaje"": ""Las partes con la misma identidad externa se uniran solamente durante la confirmacion.""}]",[],94452778.0935,94452778.0935,,
230,error,17,LIC. MIGUEL DE LA MADRID HURTADO.,ejido,4,2510,"[{""campo"": ""nombre_nucleo"", ""codigo"": ""NUCLEO_OPERATIVO_EXISTENTE"", ""mensaje"": ""Ya existe el nucleo operativo 181 con el mismo nombre y municipio; se requiere conciliacion, no sobrescritura.""}]",[],[],8649962.6930,8649962.6930,,
231,error,82,LOS MANANTIALES,ejido,4,2504,"[{""campo"": ""nombre_nucleo"", ""codigo"": ""NUCLEO_OPERATIVO_EXISTENTE"", ""mensaje"": ""Ya existe el nucleo operativo 182 con el mismo nombre y municipio; se requiere conciliacion, no sobrescritura.""}]",[],[],31914478.3098,31914478.3098,,
232,error,86,LOS NIÑOS HEROES,ejido,4,2511,"[{""campo"": ""nombre_nucleo"", ""codigo"": ""NUCLEO_OPERATIVO_EXISTENTE"", ""mensaje"": ""Ya existe el nucleo operativo 183 con el mismo nombre y municipio; se requiere conciliacion, no sobrescritura.""}]",[],[],8876723.1134,8876723.1134,,
233,error,41,LUINAL Y ARROYO ESPERANZA,ejido,4,2512,"[{""campo"": ""nombre_nucleo"", ""codigo"": ""NUCLEO_OPERATIVO_EXISTENTE"", ""mensaje"": ""Ya existe el nucleo operativo 184 con el mismo nombre y municipio; se requiere conciliacion, no sobrescritura.""}]",[],[],26257081.6474,26257081.6474,,
234,error,25,LUNA,ejido,4,2510,"[{""campo"": ""nombre_nucleo"", ""codigo"": ""NUCLEO_OPERATIVO_EXISTENTE"", ""mensaje"": ""Ya existe el nucleo operativo 185 con el mismo nombre y municipio; se requiere conciliacion, no sobrescritura.""}]","[{""campo"": ""geometria"", ""codigo"": ""PARTES_POR_UNIR"", ""mensaje"": ""Las partes con la misma identidad externa se uniran solamente durante la confirmacion.""}]",[],170885116.6395,170885116.6395,,
235,error,25,LUNA,ejido,4,2510,"[{""campo"": ""nombre_nucleo"", ""codigo"": ""NUCLEO_OPERATIVO_EXISTENTE"", ""mensaje"": ""Ya existe el nucleo operativo 185 con el mismo nombre y municipio; se requiere conciliacion, no sobrescritura.""}]","[{""campo"": ""geometria"", ""codigo"": ""PARTES_POR_UNIR"", ""mensaje"": ""Las partes con la misma identidad externa se uniran solamente durante la confirmacion.""}]",[],74863391.1342,74863391.1342,,
236,error,25,LUNA,ejido,4,2510,"[{""campo"": ""nombre_nucleo"", ""codigo"": ""NUCLEO_OPERATIVO_EXISTENTE"", ""mensaje"": ""Ya existe el nucleo operativo 185 con el mismo nombre y municipio; se requiere conciliacion, no sobrescritura.""}]","[{""campo"": ""geometria"", ""codigo"": ""PARTES_POR_UNIR"", ""mensaje"": ""Las partes con la misma identidad externa se uniran solamente durante la confirmacion.""}]","[{""campo"": ""geometria"", ""codigo"": ""EXTRACCION_POLIGONOS"", ""mensaje"": ""Se extrajeron los componentes poligonales de GeometryCollection.""}]",2303390.5407,2303390.5407,,
237,error,105,MAMANTEL (FCO.VILLA),ejido,4,2504,"[{""campo"": ""nombre_nucleo"", ""codigo"": ""NUCLEO_OPERATIVO_EXISTENTE"", ""mensaje"": ""Ya existe el nucleo operativo 186 con el mismo nombre y municipio; se requiere conciliacion, no sobrescritura.""}]",[],[],47848154.9793,47848154.9793,,
238,error,6,MATAMOROS,ejido,4,2510,"[{""campo"": ""nombre_nucleo"", ""codigo"": ""NUCLEO_OPERATIVO_EXISTENTE"", ""mensaje"": ""Ya existe el nucleo operativo 187 con el mismo nombre y municipio; se requiere conciliacion, no sobrescritura.""}]",[],[],191725141.5056,191725141.5056,,
239,error,15,MIGUEL ALLENDE,ejido,4,2505,"[{""campo"": ""nombre_nucleo"", ""codigo"": ""NUCLEO_OPERATIVO_EXISTENTE"", ""mensaje"": ""Ya existe el nucleo operativo 188 con el mismo nombre y municipio; se requiere conciliacion, no sobrescritura.""}]",[],[],33476716.6629,33476716.6629,,
240,error,55,MIGUEL COLORADO,ejido,4,2505,"[{""campo"": ""nombre_nucleo"", ""codigo"": ""NUCLEO_OPERATIVO_EXISTENTE"", ""mensaje"": ""Ya existe el nucleo operativo 189 con el mismo nombre y municipio; se requiere conciliacion, no sobrescritura.""}]",[],[],365946298.4994,365946298.4994,,
241,error,31,MOCH-COHUO,ejido,4,2505,"[{""campo"": ""nombre_nucleo"", ""codigo"": ""NUCLEO_OPERATIVO_EXISTENTE"", ""mensaje"": ""Ya existe el nucleo operativo 190 con el mismo nombre y municipio; se requiere conciliacion, no sobrescritura.""}]",[],[],35639726.2318,35639726.2318,,
242,error,33,MOCH COHUOH,ejido,4,2507,"[{""campo"": ""nombre_nucleo"", ""codigo"": ""NUCLEO_OPERATIVO_EXISTENTE"", ""mensaje"": ""Ya existe el nucleo operativo 191 con el mismo nombre y municipio; se requiere conciliacion, no sobrescritura.""}]",[],[],49982469.1880,49982469.1880,,
243,error,16,MONTE BELLO,ejido,4,2506,"[{""campo"": ""nombre_nucleo"", ""codigo"": ""NUCLEO_OPERATIVO_EXISTENTE"", ""mensaje"": ""Ya existe el nucleo operativo 192 con el mismo nombre y municipio; se requiere conciliacion, no sobrescritura.""}]",[],[],9350864.5975,9350864.5975,,
244,error,19,MOQUEL,ejido,4,2505,"[{""campo"": ""nombre_nucleo"", ""codigo"": ""NUCLEO_OPERATIVO_EXISTENTE"", ""mensaje"": ""Ya existe el nucleo operativo 193 con el mismo nombre y municipio; se requiere conciliacion, no sobrescritura.""}]",[],[],61481779.3663,61481779.3663,,
245,error,19,MUCUYCHAKAN,ejido,4,2503,"[{""campo"": ""nombre_nucleo"", ""codigo"": ""NUCLEO_OPERATIVO_EXISTENTE"", ""mensaje"": ""Ya existe el nucleo operativo 194 con el mismo nombre y municipio; se requiere conciliacion, no sobrescritura.""}]",[],[],8910262.4563,8910262.4563,,
246,error,83,MURALLAS DE CAMPECHE,ejido,4,2504,"[{""campo"": ""nombre_nucleo"", ""codigo"": ""NUCLEO_OPERATIVO_EXISTENTE"", ""mensaje"": ""Ya existe el nucleo operativo 195 con el mismo nombre y municipio; se requiere conciliacion, no sobrescritura.""}]",[],[],27174535.6169,27174535.6169,,
247,error,10,NACHEHA,ejido,4,2509,"[{""campo"": ""nombre_nucleo"", ""codigo"": ""NUCLEO_OPERATIVO_EXISTENTE"", ""mensaje"": ""Ya existe el nucleo operativo 196 con el mismo nombre y municipio; se requiere conciliacion, no sobrescritura.""}]",[],[],8862850.1352,8862850.1352,,
248,error,27,NARCISO MENDOZA,ejido,4,2512,"[{""campo"": ""nombre_nucleo"", ""codigo"": ""NUCLEO_OPERATIVO_EXISTENTE"", ""mensaje"": ""Ya existe el nucleo operativo 197 con el mismo nombre y municipio; se requiere conciliacion, no sobrescritura.""}]",[],[],17680599.8636,17680599.8636,,
249,error,38,NAYARIT CASTELLOT,ejido,4,2505,"[{""campo"": ""nombre_nucleo"", ""codigo"": ""NUCLEO_OPERATIVO_EXISTENTE"", ""mensaje"": ""Ya existe el nucleo operativo 198 con el mismo nombre y municipio; se requiere conciliacion, no sobrescritura.""}]",[],[],24675269.4457,24675269.4457,,
250,error,2,NCPA. BENITO JUAREZ,ejido,4,2512,"[{""campo"": ""nombre_nucleo"", ""codigo"": ""NUCLEO_OPERATIVO_EXISTENTE"", ""mensaje"": ""Ya existe el nucleo operativo 199 con el mismo nombre y municipio; se requiere conciliacion, no sobrescritura.""}]",[],[],101451534.0711,101451534.0711,,
251,error,14,NCPA.DIV.DEL NORTE Y SUS ANEXOS,ejido,4,2510,"[{""campo"": ""nombre_nucleo"", ""codigo"": ""NUCLEO_OPERATIVO_EXISTENTE"", ""mensaje"": ""Ya existe el nucleo operativo 200 con el mismo nombre y municipio; se requiere conciliacion, no sobrescritura.""}]",[],[],300477662.6973,300477662.6973,,
252,error,27,N.C.P.A. EL PORVENIR,ejido,4,2511,"[{""campo"": ""nombre_nucleo"", ""codigo"": ""NUCLEO_OPERATIVO_EXISTENTE"", ""mensaje"": ""Ya existe el nucleo operativo 201 con el mismo nombre y municipio; se requiere conciliacion, no sobrescritura.""}]",[],[],14540397.8622,14540397.8622,,
253,error,38,N.C.P.A. ESTADO DE MEXICO,ejido,4,2512,"[{""campo"": ""nombre_nucleo"", ""codigo"": ""NUCLEO_OPERATIVO_EXISTENTE"", ""mensaje"": ""Ya existe el nucleo operativo 202 con el mismo nombre y municipio; se requiere conciliacion, no sobrescritura.""}]",[],[],64563426.7745,64563426.7745,,
254,error,2,N.C.P.A. JUSTICIA SOCIAL,ejido,4,2510,"[{""campo"": ""nombre_nucleo"", ""codigo"": ""NUCLEO_OPERATIVO_EXISTENTE"", ""mensaje"": ""Ya existe el nucleo operativo 203 con el mismo nombre y municipio; se requiere conciliacion, no sobrescritura.""}]",[],[],115454539.2715,115454539.2715,,
255,error,111,NCPA. LA CONQUISTA CAMPESINA,ejido,4,2504,"[{""campo"": ""nombre_nucleo"", ""codigo"": ""NUCLEO_OPERATIVO_EXISTENTE"", ""mensaje"": ""Ya existe el nucleo operativo 204 con el mismo nombre y municipio; se requiere conciliacion, no sobrescritura.""}]",[],[],52228832.9110,52228832.9110,,
256,error,81,N.C.P.A. LA CRISTALINA,ejido,4,2504,"[{""campo"": ""nombre_nucleo"", ""codigo"": ""NUCLEO_OPERATIVO_EXISTENTE"", ""mensaje"": ""Ya existe el nucleo operativo 205 con el mismo nombre y municipio; se requiere conciliacion, no sobrescritura.""}]",[],[],47789028.3470,47789028.3470,,
257,error,3,NCPA.LEY FED.DE REF.AGRARIA,ejido,4,2505,"[{""campo"": ""nombre_nucleo"", ""codigo"": ""NUCLEO_OPERATIVO_EXISTENTE"", ""mensaje"": ""Ya existe el nucleo operativo 206 con el mismo nombre y municipio; se requiere conciliacion, no sobrescritura.""}]",[],[],185610976.0221,185610976.0221,,
258,error,40,N.C.P.A. MONCLOVA,ejido,4,2512,"[{""campo"": ""nombre_nucleo"", ""codigo"": ""NUCLEO_OPERATIVO_EXISTENTE"", ""mensaje"": ""Ya existe el nucleo operativo 207 con el mismo nombre y municipio; se requiere conciliacion, no sobrescritura.""}]","[{""campo"": ""geometria"", ""codigo"": ""PARTES_POR_UNIR"", ""mensaje"": ""Las partes con la misma identidad externa se uniran solamente durante la confirmacion.""}]",[],55086078.9759,55086078.9759,,
259,error,40,N.C.P.A. MONCLOVA,ejido,4,2512,"[{""campo"": ""nombre_nucleo"", ""codigo"": ""NUCLEO_OPERATIVO_EXISTENTE"", ""mensaje"": ""Ya existe el nucleo operativo 207 con el mismo nombre y municipio; se requiere conciliacion, no sobrescritura.""}]","[{""campo"": ""geometria"", ""codigo"": ""PARTES_POR_UNIR"", ""mensaje"": ""Las partes con la misma identidad externa se uniran solamente durante la confirmacion.""}]",[],48038221.3563,48038221.3563,,
260,error,53,N.C.P.A. NUEVA ROSITA,ejido,4,2512,"[{""campo"": ""nombre_nucleo"", ""codigo"": ""NUCLEO_OPERATIVO_EXISTENTE"", ""mensaje"": ""Ya existe el nucleo operativo 208 con el mismo nombre y municipio; se requiere conciliacion, no sobrescritura.""}]",[],[],70111123.6317,70111123.6317,,
261,error,24,NCPA. NUEVO COAHUILA,ejido,4,2512,"[{""campo"": ""nombre_nucleo"", ""codigo"": ""NUCLEO_OPERATIVO_EXISTENTE"", ""mensaje"": ""Ya existe el nucleo operativo 209 con el mismo nombre y municipio; se requiere conciliacion, no sobrescritura.""}]",[],[],89614266.8177,89614266.8177,,
262,error,21,N.C.P.A. PEDRO BARANDA,ejido,4,2512,"[{""campo"": ""nombre_nucleo"", ""codigo"": ""NUCLEO_OPERATIVO_EXISTENTE"", ""mensaje"": ""Ya existe el nucleo operativo 210 con el mismo nombre y municipio; se requiere conciliacion, no sobrescritura.""}]",[],[],946784.5432,946784.5432,,
263,error,13,N.C.P.A. VENUSTIANO CARRANZA,ejido,4,2512,"[{""campo"": ""nombre_nucleo"", ""codigo"": ""NUCLEO_OPERATIVO_EXISTENTE"", ""mensaje"": ""Ya existe el nucleo operativo 211 con el mismo nombre y municipio; se requiere conciliacion, no sobrescritura.""}]",[],[],50939143.1915,50939143.1915,,
264,error,78,N.C.P.E. ABELARDO L. RODRIGUEZ,ejido,4,2504,"[{""campo"": ""nombre_nucleo"", ""codigo"": ""NUCLEO_OPERATIVO_EXISTENTE"", ""mensaje"": ""Ya existe el nucleo operativo 212 con el mismo nombre y municipio; se requiere conciliacion, no sobrescritura.""}]",[],[],50002736.1746,50002736.1746,,
265,error,92,N.C.P.E. ALLENDE PEJELAGARTO,ejido,4,2504,"[{""campo"": ""nombre_nucleo"", ""codigo"": ""NUCLEO_OPERATIVO_EXISTENTE"", ""mensaje"": ""Ya existe el nucleo operativo 213 con el mismo nombre y municipio; se requiere conciliacion, no sobrescritura.""}]",[],[],30985051.8759,30985051.8759,,
266,error,56,N.C.P.E. ALTAMIRA DE ZINAPARO,ejido,4,2510,"[{""campo"": ""nombre_nucleo"", ""codigo"": ""NUCLEO_OPERATIVO_EXISTENTE"", ""mensaje"": ""Ya existe el nucleo operativo 214 con el mismo nombre y municipio; se requiere conciliacion, no sobrescritura.""}]",[],[],183359429.1640,183359429.1640,,
267,error,60,N.C.P.E. ARROYO NEGRO,ejido,4,2511,"[{""campo"": ""nombre_nucleo"", ""codigo"": ""NUCLEO_OPERATIVO_EXISTENTE"", ""mensaje"": ""Ya existe el nucleo operativo 215 con el mismo nombre y municipio; se requiere conciliacion, no sobrescritura.""}]",[],[],66045446.5424,66045446.5424,,
268,error,112,N.C.P.E. BELISARIO DOMINGUEZ,ejido,4,2504,"[{""campo"": ""nombre_nucleo"", ""codigo"": ""NUCLEO_OPERATIVO_EXISTENTE"", ""mensaje"": ""Ya existe el nucleo operativo 216 con el mismo nombre y municipio; se requiere conciliacion, no sobrescritura.""}]",[],[],4201716.3236,4201716.3236,,
269,error,98,N.C.P.E. BELLA PALIZADA,ejido,4,2504,"[{""campo"": ""nombre_nucleo"", ""codigo"": ""NUCLEO_OPERATIVO_EXISTENTE"", ""mensaje"": ""Ya existe el nucleo operativo 217 con el mismo nombre y municipio; se requiere conciliacion, no sobrescritura.""}]",[],[],20520233.4844,20520233.4844,,
270,error,26,NCPE. BENITO JUAREZ,ejido,4,2511,"[{""campo"": ""nombre_nucleo"", ""codigo"": ""NUCLEO_OPERATIVO_EXISTENTE"", ""mensaje"": ""Ya existe el nucleo operativo 218 con el mismo nombre y municipio; se requiere conciliacion, no sobrescritura.""}]",[],[],14478370.7812,14478370.7812,,
271,error,33,NCPE. CARLOS CANO CRUZ,ejido,4,2503,"[{""campo"": ""nombre_nucleo"", ""codigo"": ""NUCLEO_OPERATIVO_EXISTENTE"", ""mensaje"": ""Ya existe el nucleo operativo 219 con el mismo nombre y municipio; se requiere conciliacion, no sobrescritura.""}]",[],[],93766027.1018,93766027.1018,,
272,error,71,NCPE. CENTAURO DEL NORTE,ejido,4,2511,"[{""campo"": ""nombre_nucleo"", ""codigo"": ""NUCLEO_OPERATIVO_EXISTENTE"", ""mensaje"": ""Ya existe el nucleo operativo 220 con el mismo nombre y municipio; se requiere conciliacion, no sobrescritura.""}]",[],[],117088964.9169,117088964.9169,,
273,error,68,N.C.P.E. CRISTOBAL COLON,ejido,4,2511,"[{""campo"": ""nombre_nucleo"", ""codigo"": ""NUCLEO_OPERATIVO_EXISTENTE"", ""mensaje"": ""Ya existe el nucleo operativo 221 con el mismo nombre y municipio; se requiere conciliacion, no sobrescritura.""}]",[],[],47872816.5767,47872816.5767,,
274,error,58,N.C.P.E. DOS LAGUNAS,ejido,4,2511,"[{""campo"": ""nombre_nucleo"", ""codigo"": ""NUCLEO_OPERATIVO_EXISTENTE"", ""mensaje"": ""Ya existe el nucleo operativo 222 con el mismo nombre y municipio; se requiere conciliacion, no sobrescritura.""}]",[],[],56801822.5805,56801822.5805,,
275,error,45,NCPE.DR. HECTOR PEREZ MORALES,ejido,4,2512,"[{""campo"": ""nombre_nucleo"", ""codigo"": ""NUCLEO_OPERATIVO_EXISTENTE"", ""mensaje"": ""Ya existe el nucleo operativo 223 con el mismo nombre y municipio; se requiere conciliacion, no sobrescritura.""}]",[],[],45396086.4914,45396086.4914,,
276,error,73,N.C.P.E. EL CARMEN,ejido,4,2511,"[{""campo"": ""nombre_nucleo"", ""codigo"": ""NUCLEO_OPERATIVO_EXISTENTE"", ""mensaje"": ""Ya existe el nucleo operativo 224 con el mismo nombre y municipio; se requiere conciliacion, no sobrescritura.""}]",[],[],40912399.6575,40912399.6575,,
277,error,113,N.C.P.E EL CHINAL,ejido,4,2504,"[{""campo"": ""nombre_nucleo"", ""codigo"": ""NUCLEO_OPERATIVO_EXISTENTE"", ""mensaje"": ""Ya existe el nucleo operativo 225 con el mismo nombre y municipio; se requiere conciliacion, no sobrescritura.""}]",[],[],25546503.2362,25546503.2362,,
278,error,21,N.C.P.E. GRAL.FELIPE ANGELES,ejido,4,2511,"[{""campo"": ""nombre_nucleo"", ""codigo"": ""NUCLEO_OPERATIVO_EXISTENTE"", ""mensaje"": ""Ya existe el nucleo operativo 226 con el mismo nombre y municipio; se requiere conciliacion, no sobrescritura.""}]",[],[],13262124.7100,13262124.7100,,
279,error,27,NCPE. GUADALAJARA,ejido,4,2510,"[{""campo"": ""nombre_nucleo"", ""codigo"": ""NUCLEO_OPERATIVO_EXISTENTE"", ""mensaje"": ""Ya existe el nucleo operativo 227 con el mismo nombre y municipio; se requiere conciliacion, no sobrescritura.""}]","[{""campo"": ""geometria"", ""codigo"": ""PARTES_POR_UNIR"", ""mensaje"": ""Las partes con la misma identidad externa se uniran solamente durante la confirmacion.""}]",[],4776991.0284,4776991.0284,,
280,error,27,NCPE. GUADALAJARA,ejido,4,2510,"[{""campo"": ""nombre_nucleo"", ""codigo"": ""NUCLEO_OPERATIVO_EXISTENTE"", ""mensaje"": ""Ya existe el nucleo operativo 227 con el mismo nombre y municipio; se requiere conciliacion, no sobrescritura.""}]","[{""campo"": ""geometria"", ""codigo"": ""PARTES_POR_UNIR"", ""mensaje"": ""Las partes con la misma identidad externa se uniran solamente durante la confirmacion.""}]",[],1008897.7208,1008897.7208,,
281,error,27,NCPE. GUADALAJARA,ejido,4,2510,"[{""campo"": ""nombre_nucleo"", ""codigo"": ""NUCLEO_OPERATIVO_EXISTENTE"", ""mensaje"": ""Ya existe el nucleo operativo 227 con el mismo nombre y municipio; se requiere conciliacion, no sobrescritura.""}]","[{""campo"": ""geometria"", ""codigo"": ""PARTES_POR_UNIR"", ""mensaje"": ""Las partes con la misma identidad externa se uniran solamente durante la confirmacion.""}]",[],3167600.6321,3167600.6321,,
282,error,30,N.C.P.E. ING. RICARDO PAYRO JENE,ejido,4,2511,"[{""campo"": ""nombre_nucleo"", ""codigo"": ""NUCLEO_OPERATIVO_EXISTENTE"", ""mensaje"": ""Ya existe el nucleo operativo 228 con el mismo nombre y municipio; se requiere conciliacion, no sobrescritura.""}]",[],[],50074505.6615,50074505.6615,,
283,error,12,N.C.P.E. JOSE E. DE LA CRUZ BLANCO,ejido,4,2510,"[{""campo"": ""nombre_nucleo"", ""codigo"": ""NUCLEO_OPERATIVO_EXISTENTE"", ""mensaje"": ""Ya existe el nucleo operativo 229 con el mismo nombre y municipio; se requiere conciliacion, no sobrescritura.""}]",[],[],18043237.2479,18043237.2479,,
284,error,47,N.C.P.E. JUAN DE LA BARRERA,ejido,4,2510,"[{""campo"": ""nombre_nucleo"", ""codigo"": ""NUCLEO_OPERATIVO_EXISTENTE"", ""mensaje"": ""Ya existe el nucleo operativo 230 con el mismo nombre y municipio; se requiere conciliacion, no sobrescritura.""}]",[],[],14991359.6837,14991359.6837,,
285,error,61,N.C.P.E. JUSTO SIERRA MENDEZ,ejido,4,2511,"[{""campo"": ""nombre_nucleo"", ""codigo"": ""NUCLEO_OPERATIVO_EXISTENTE"", ""mensaje"": ""Ya existe el nucleo operativo 231 con el mismo nombre y municipio; se requiere conciliacion, no sobrescritura.""}]",[],[],33694262.9769,33694262.9769,,
286,error,55,N.C.P.E. LIC. ADOLFO LOPEZ MATEOS,ejido,4,2510,"[{""campo"": ""nombre_nucleo"", ""codigo"": ""NUCLEO_OPERATIVO_EXISTENTE"", ""mensaje"": ""Ya existe el nucleo operativo 232 con el mismo nombre y municipio; se requiere conciliacion, no sobrescritura.""}]",[],[],83935095.5607,83935095.5607,,
287,error,56,N.C.P.E. LIC. MANUEL CRESCENCIO REJON,ejido,4,2511,"[{""campo"": ""nombre_nucleo"", ""codigo"": ""NUCLEO_OPERATIVO_EXISTENTE"", ""mensaje"": ""Ya existe el nucleo operativo 233 con el mismo nombre y municipio; se requiere conciliacion, no sobrescritura.""}]",[],[],62997790.7433,62997790.7433,,
288,error,44,N.C.P.E. LOS ALACRANES,ejido,4,2511,"[{""campo"": ""nombre_nucleo"", ""codigo"": ""NUCLEO_OPERATIVO_EXISTENTE"", ""mensaje"": ""Ya existe el nucleo operativo 234 con el mismo nombre y municipio; se requiere conciliacion, no sobrescritura.""}]",[],[],17907196.5454,17907196.5454,,
289,error,47,N.C.P.E. LOS ANGELES,ejido,4,2511,"[{""campo"": ""nombre_nucleo"", ""codigo"": ""NUCLEO_OPERATIVO_EXISTENTE"", ""mensaje"": ""Ya existe el nucleo operativo 235 con el mismo nombre y municipio; se requiere conciliacion, no sobrescritura.""}]",[],[],60864328.4191,60864328.4191,,
290,error,22,N.C.P.E. MELCHOR OCAMPO,ejido,4,2503,"[{""campo"": ""nombre_nucleo"", ""codigo"": ""NUCLEO_OPERATIVO_EXISTENTE"", ""mensaje"": ""Ya existe el nucleo operativo 236 con el mismo nombre y municipio; se requiere conciliacion, no sobrescritura.""}]",[],[],176035866.2745,176035866.2745,,
291,error,4,N.C.P.E. MIGUEL HIDALGO Y COSTILLA,ejido,4,2512,"[{""campo"": ""nombre_nucleo"", ""codigo"": ""NUCLEO_OPERATIVO_EXISTENTE"", ""mensaje"": ""Ya existe el nucleo operativo 237 con el mismo nombre y municipio; se requiere conciliacion, no sobrescritura.""}]",[],[],127417227.0381,127417227.0381,,
292,error,36,NCPE. NARCISO MENDOZA,ejido,4,2511,"[{""campo"": ""nombre_nucleo"", ""codigo"": ""NUCLEO_OPERATIVO_EXISTENTE"", ""mensaje"": ""Ya existe el nucleo operativo 238 con el mismo nombre y municipio; se requiere conciliacion, no sobrescritura.""}]",[],[],39583056.4403,39583056.4403,,
293,error,10,N.C.P.E. NUEVA LUCHA,ejido,4,2512,"[{""campo"": ""nombre_nucleo"", ""codigo"": ""NUCLEO_OPERATIVO_EXISTENTE"", ""mensaje"": ""Ya existe el nucleo operativo 239 con el mismo nombre y municipio; se requiere conciliacion, no sobrescritura.""}]",[],[],15038598.7054,15038598.7054,,
294,error,15,N.C.P.E.PABLO GARCIA,ejido,4,2511,"[{""campo"": ""nombre_nucleo"", ""codigo"": ""NUCLEO_OPERATIVO_EXISTENTE"", ""mensaje"": ""Ya existe el nucleo operativo 240 con el mismo nombre y municipio; se requiere conciliacion, no sobrescritura.""}]",[],[],130064451.8517,130064451.8517,,
295,error,38,N.C.P.E. PIONEROS DEL RIO XHON HA,ejido,4,2511,"[{""campo"": ""nombre_nucleo"", ""codigo"": ""NUCLEO_OPERATIVO_EXISTENTE"", ""mensaje"": ""Ya existe el nucleo operativo 241 con el mismo nombre y municipio; se requiere conciliacion, no sobrescritura.""}]",[],[],75628928.9676,75628928.9676,,
296,error,25,N.C.P.E. PLAN DE SAN LUIS,ejido,4,2511,"[{""campo"": ""nombre_nucleo"", ""codigo"": ""NUCLEO_OPERATIVO_EXISTENTE"", ""mensaje"": ""Ya existe el nucleo operativo 242 con el mismo nombre y municipio; se requiere conciliacion, no sobrescritura.""}]",[],[],151210094.7753,151210094.7753,,
297,error,6,N.C.P.E. PRIMER PRESIDENTE DE MEXICO,ejido,4,2512,"[{""campo"": ""nombre_nucleo"", ""codigo"": ""NUCLEO_OPERATIVO_EXISTENTE"", ""mensaje"": ""Ya existe el nucleo operativo 243 con el mismo nombre y municipio; se requiere conciliacion, no sobrescritura.""}]",[],[],21924277.1190,21924277.1190,,
298,error,36,N.C.P.E SAN MIGUEL,ejido,4,2512,"[{""campo"": ""nombre_nucleo"", ""codigo"": ""NUCLEO_OPERATIVO_EXISTENTE"", ""mensaje"": ""Ya existe el nucleo operativo 244 con el mismo nombre y municipio; se requiere conciliacion, no sobrescritura.""}]",[],[],32485113.2621,32485113.2621,,
299,error,72,N.C.P.E. SANTA ROSA,ejido,4,2511,"[{""campo"": ""nombre_nucleo"", ""codigo"": ""NUCLEO_OPERATIVO_EXISTENTE"", ""mensaje"": ""Ya existe el nucleo operativo 245 con el mismo nombre y municipio; se requiere conciliacion, no sobrescritura.""}]",[],[],51867241.5785,51867241.5785,,
300,error,24,N.C.P.E. VALENTIN GOMEZ FARIAS,ejido,4,2511,"[{""campo"": ""nombre_nucleo"", ""codigo"": ""NUCLEO_OPERATIVO_EXISTENTE"", ""mensaje"": ""Ya existe el nucleo operativo 246 con el mismo nombre y municipio; se requiere conciliacion, no sobrescritura.""}]",[],[],14506478.5313,14506478.5313,,
301,error,11,NCPE. VICENTE LOMBARDO T.,ejido,4,2512,"[{""campo"": ""nombre_nucleo"", ""codigo"": ""NUCLEO_OPERATIVO_EXISTENTE"", ""mensaje"": ""Ya existe el nucleo operativo 247 con el mismo nombre y municipio; se requiere conciliacion, no sobrescritura.""}]",[],[],11521862.7458,11521862.7458,,
302,error,25,N.C.P.E VILLAMAR,ejido,4,2505,"[{""campo"": ""nombre_nucleo"", ""codigo"": ""NUCLEO_OPERATIVO_EXISTENTE"", ""mensaje"": ""Ya existe el nucleo operativo 248 con el mismo nombre y municipio; se requiere conciliacion, no sobrescritura.""}]",[],[],7617579.7852,7617579.7852,,
303,error,18,NCPE. X-TAMPAK,ejido,4,2507,"[{""campo"": ""nombre_nucleo"", ""codigo"": ""NUCLEO_OPERATIVO_EXISTENTE"", ""mensaje"": ""Ya existe el nucleo operativo 249 con el mismo nombre y municipio; se requiere conciliacion, no sobrescritura.""}]",[],[],47342463.4390,47342463.4390,,
304,error,57,NCPE ZONA CHICLERA LAS MARAVILLAS,ejido,4,2510,"[{""campo"": ""nombre_nucleo"", ""codigo"": ""NUCLEO_OPERATIVO_EXISTENTE"", ""mensaje"": ""Ya existe el nucleo operativo 250 con el mismo nombre y municipio; se requiere conciliacion, no sobrescritura.""}]",[],[],33220899.0582,33220899.0582,,
305,error,79,NICOLAS BRAVO,ejido,4,2504,"[{""campo"": ""nombre_nucleo"", ""codigo"": ""NUCLEO_OPERATIVO_EXISTENTE"", ""mensaje"": ""Ya existe el nucleo operativo 251 con el mismo nombre y municipio; se requiere conciliacion, no sobrescritura.""}]",[],[],18342220.7373,18342220.7373,,
306,error,9,NILCHI,ejido,4,2503,"[{""campo"": ""nombre_nucleo"", ""codigo"": ""NUCLEO_OPERATIVO_EXISTENTE"", ""mensaje"": ""Ya existe el nucleo operativo 252 con el mismo nombre y municipio; se requiere conciliacion, no sobrescritura.""}]",[],[],40209685.1581,40209685.1581,,
307,error,28,NOHAKAL,ejido,4,2503,"[{""campo"": ""nombre_nucleo"", ""codigo"": ""NUCLEO_OPERATIVO_EXISTENTE"", ""mensaje"": ""Ya existe el nucleo operativo 253 con el mismo nombre y municipio; se requiere conciliacion, no sobrescritura.""}]",[],[],97488029.5653,97488029.5653,,
308,error,11,NOHALAL,ejido,4,2506,"[{""campo"": ""nombre_nucleo"", ""codigo"": ""NUCLEO_OPERATIVO_EXISTENTE"", ""mensaje"": ""Ya existe el nucleo operativo 254 con el mismo nombre y municipio; se requiere conciliacion, no sobrescritura.""}]",[],[],45768296.3101,45768296.3101,,
309,error,56,NUEVA ESPERANZA,ejido,4,2512,"[{""campo"": ""nombre_nucleo"", ""codigo"": ""NUCLEO_OPERATIVO_EXISTENTE"", ""mensaje"": ""Ya existe el nucleo operativo 255 con el mismo nombre y municipio; se requiere conciliacion, no sobrescritura.""}]",[],[],16470527.7163,16470527.7163,,
310,error,52,NUEVO BECAL,ejido,4,2511,"[{""campo"": ""nombre_nucleo"", ""codigo"": ""NUCLEO_OPERATIVO_EXISTENTE"", ""mensaje"": ""Ya existe el nucleo operativo 256 con el mismo nombre y municipio; se requiere conciliacion, no sobrescritura.""}]",[],[],511339466.8286,511339466.8286,,
311,error,34,NUEVO CAMPANARIO,ejido,4,2511,"[{""campo"": ""nombre_nucleo"", ""codigo"": ""NUCLEO_OPERATIVO_EXISTENTE"", ""mensaje"": ""Ya existe el nucleo operativo 257 con el mismo nombre y municipio; se requiere conciliacion, no sobrescritura.""}]",[],[],34923472.8117,34923472.8117,,
312,error,46,NUEVO CANUTILLO SAN MANUEL,ejido,4,2512,"[{""campo"": ""nombre_nucleo"", ""codigo"": ""NUCLEO_OPERATIVO_EXISTENTE"", ""mensaje"": ""Ya existe el nucleo operativo 258 con el mismo nombre y municipio; se requiere conciliacion, no sobrescritura.""}]","[{""campo"": ""geometria"", ""codigo"": ""PARTES_POR_UNIR"", ""mensaje"": ""Las partes con la misma identidad externa se uniran solamente durante la confirmacion.""}]",[],13480027.1435,13480027.1435,,
313,error,46,NUEVO CANUTILLO SAN MANUEL,ejido,4,2512,"[{""campo"": ""nombre_nucleo"", ""codigo"": ""NUCLEO_OPERATIVO_EXISTENTE"", ""mensaje"": ""Ya existe el nucleo operativo 258 con el mismo nombre y municipio; se requiere conciliacion, no sobrescritura.""}]","[{""campo"": ""geometria"", ""codigo"": ""PARTES_POR_UNIR"", ""mensaje"": ""Las partes con la misma identidad externa se uniran solamente durante la confirmacion.""}]",[],8188132.4731,8188132.4731,,
314,error,0,NUEVO DURANGO,ejido,4,2507,"[{""campo"": ""nombre_nucleo"", ""codigo"": ""NUCLEO_OPERATIVO_EXISTENTE"", ""mensaje"": ""Ya existe el nucleo operativo 259 con el mismo nombre y municipio; se requiere conciliacion, no sobrescritura.""}]",[],[],56701498.7936,56701498.7936,,
315,error,99,NUEVO MICHOACAN,ejido,4,2505,"[{""campo"": ""nombre_nucleo"", ""codigo"": ""NUCLEO_OPERATIVO_EXISTENTE"", ""mensaje"": ""Ya existe el nucleo operativo 260 con el mismo nombre y municipio; se requiere conciliacion, no sobrescritura.""}]",[],[],50341171.9723,50341171.9723,,
316,error,37,NUEVO PARAISO,ejido,4,2505,"[{""campo"": ""nombre_nucleo"", ""codigo"": ""NUCLEO_OPERATIVO_EXISTENTE"", ""mensaje"": ""Ya existe el nucleo operativo 261 con el mismo nombre y municipio; se requiere conciliacion, no sobrescritura.""}]",[],[],13127124.7078,13127124.7078,,
317,error,67,NUEVO PROGRESO,ejido,4,2504,"[{""campo"": ""nombre_nucleo"", ""codigo"": ""NUCLEO_OPERATIVO_EXISTENTE"", ""mensaje"": ""Ya existe el nucleo operativo 262 con el mismo nombre y municipio; se requiere conciliacion, no sobrescritura.""}]","[{""campo"": ""geometria"", ""codigo"": ""PARTES_POR_UNIR"", ""mensaje"": ""Las partes con la misma identidad externa se uniran solamente durante la confirmacion.""}]",[],47951991.3040,47951991.3040,,
318,error,67,NUEVO PROGRESO,ejido,4,2504,"[{""campo"": ""nombre_nucleo"", ""codigo"": ""NUCLEO_OPERATIVO_EXISTENTE"", ""mensaje"": ""Ya existe el nucleo operativo 262 con el mismo nombre y municipio; se requiere conciliacion, no sobrescritura.""}]","[{""campo"": ""geometria"", ""codigo"": ""PARTES_POR_UNIR"", ""mensaje"": ""Las partes con la misma identidad externa se uniran solamente durante la confirmacion.""}]",[],37148346.4182,37148346.4182,,
319,error,49,NUEVO PROGRESO,ejido,4,2511,"[{""campo"": ""nombre_nucleo"", ""codigo"": ""NUCLEO_OPERATIVO_EXISTENTE"", ""mensaje"": ""Ya existe el nucleo operativo 263 con el mismo nombre y municipio; se requiere conciliacion, no sobrescritura.""}]",[],[],29381901.0730,29381901.0730,,
320,error,16,NUEVO PROGRESO II,ejido,4,2510,"[{""campo"": ""nombre_nucleo"", ""codigo"": ""NUCLEO_OPERATIVO_EXISTENTE"", ""mensaje"": ""Ya existe el nucleo operativo 264 con el mismo nombre y municipio; se requiere conciliacion, no sobrescritura.""}]",[],[],16024932.7476,16024932.7476,,
321,error,109,OJO DE AGUA,ejido,4,2504,"[{""campo"": ""nombre_nucleo"", ""codigo"": ""NUCLEO_OPERATIVO_EXISTENTE"", ""mensaje"": ""Ya existe el nucleo operativo 265 con el mismo nombre y municipio; se requiere conciliacion, no sobrescritura.""}]",[],[],13426205.4547,13426205.4547,,
322,error,30,OXA,ejido,4,2503,"[{""campo"": ""nombre_nucleo"", ""codigo"": ""NUCLEO_OPERATIVO_EXISTENTE"", ""mensaje"": ""Ya existe el nucleo operativo 266 con el mismo nombre y municipio; se requiere conciliacion, no sobrescritura.""}]",[],[],18450272.1562,18450272.1562,,
323,error,73,OXCABAL,ejido,4,2504,"[{""campo"": ""nombre_nucleo"", ""codigo"": ""NUCLEO_OPERATIVO_EXISTENTE"", ""mensaje"": ""Ya existe el nucleo operativo 267 con el mismo nombre y municipio; se requiere conciliacion, no sobrescritura.""}]","[{""campo"": ""geometria"", ""codigo"": ""PARTES_POR_UNIR"", ""mensaje"": ""Las partes con la misma identidad externa se uniran solamente durante la confirmacion.""}]",[],5519130.6643,5519130.6643,,
324,error,73,OXCABAL,ejido,4,2504,"[{""campo"": ""nombre_nucleo"", ""codigo"": ""NUCLEO_OPERATIVO_EXISTENTE"", ""mensaje"": ""Ya existe el nucleo operativo 267 con el mismo nombre y municipio; se requiere conciliacion, no sobrescritura.""}]","[{""campo"": ""geometria"", ""codigo"": ""PARTES_POR_UNIR"", ""mensaje"": ""Las partes con la misma identidad externa se uniran solamente durante la confirmacion.""}]",[],21421638.7931,21421638.7931,,
325,error,18,PABLO GARCIA,ejido,4,2512,"[{""campo"": ""nombre_nucleo"", ""codigo"": ""NUCLEO_OPERATIVO_EXISTENTE"", ""mensaje"": ""Ya existe el nucleo operativo 268 con el mismo nombre y municipio; se requiere conciliacion, no sobrescritura.""}]",[],[],113713514.1605,113713514.1605,,
326,error,52,PABLO TORRES BURGOS,ejido,4,2512,"[{""campo"": ""nombre_nucleo"", ""codigo"": ""NUCLEO_OPERATIVO_EXISTENTE"", ""mensaje"": ""Ya existe el nucleo operativo 269 con el mismo nombre y municipio; se requiere conciliacion, no sobrescritura.""}]",[],[],28363220.1313,28363220.1313,,
327,error,102,PAC-CHEN,ejido,4,2507,"[{""campo"": ""nombre_nucleo"", ""codigo"": ""NUCLEO_OPERATIVO_EXISTENTE"", ""mensaje"": ""Ya existe el nucleo operativo 270 con el mismo nombre y municipio; se requiere conciliacion, no sobrescritura.""}]",[],[],42328273.7799,42328273.7799,,
328,error,11,PACHUITZ,ejido,4,2507,"[{""campo"": ""nombre_nucleo"", ""codigo"": ""NUCLEO_OPERATIVO_EXISTENTE"", ""mensaje"": ""Ya existe el nucleo operativo 271 con el mismo nombre y municipio; se requiere conciliacion, no sobrescritura.""}]","[{""campo"": ""geometria"", ""codigo"": ""PARTES_POR_UNIR"", ""mensaje"": ""Las partes con la misma identidad externa se uniran solamente durante la confirmacion.""}]",[],224794946.1099,224794946.1099,,
329,error,11,PACHUITZ,ejido,4,2507,"[{""campo"": ""nombre_nucleo"", ""codigo"": ""NUCLEO_OPERATIVO_EXISTENTE"", ""mensaje"": ""Ya existe el nucleo operativo 271 con el mismo nombre y municipio; se requiere conciliacion, no sobrescritura.""}]","[{""campo"": ""geometria"", ""codigo"": ""PARTES_POR_UNIR"", ""mensaje"": ""Las partes con la misma identidad externa se uniran solamente durante la confirmacion.""}]",[],36863392.4672,36863392.4672,,
330,error,4,PALIZADA,ejido,4,2508,"[{""campo"": ""nombre_nucleo"", ""codigo"": ""NUCLEO_OPERATIVO_EXISTENTE"", ""mensaje"": ""Ya existe el nucleo operativo 272 con el mismo nombre y municipio; se requiere conciliacion, no sobrescritura.""}]",[],[],88025813.2176,88025813.2176,,
331,error,22,PARAISO,ejido,4,2505,"[{""campo"": ""nombre_nucleo"", ""codigo"": ""NUCLEO_OPERATIVO_EXISTENTE"", ""mensaje"": ""Ya existe el nucleo operativo 273 con el mismo nombre y municipio; se requiere conciliacion, no sobrescritura.""}]",[],[],39257594.5170,39257594.5170,,
332,error,15,PARAISO NUEVO,ejido,4,2512,"[{""campo"": ""nombre_nucleo"", ""codigo"": ""NUCLEO_OPERATIVO_EXISTENTE"", ""mensaje"": ""Ya existe el nucleo operativo 274 con el mismo nombre y municipio; se requiere conciliacion, no sobrescritura.""}]","[{""campo"": ""geometria"", ""codigo"": ""PARTES_POR_UNIR"", ""mensaje"": ""Las partes con la misma identidad externa se uniran solamente durante la confirmacion.""}]",[],11132375.1793,11132375.1793,,
333,error,15,PARAISO NUEVO,ejido,4,2512,"[{""campo"": ""nombre_nucleo"", ""codigo"": ""NUCLEO_OPERATIVO_EXISTENTE"", ""mensaje"": ""Ya existe el nucleo operativo 274 con el mismo nombre y municipio; se requiere conciliacion, no sobrescritura.""}]","[{""campo"": ""geometria"", ""codigo"": ""PARTES_POR_UNIR"", ""mensaje"": ""Las partes con la misma identidad externa se uniran solamente durante la confirmacion.""}]",[],9389063.7839,9389063.7839,,
334,error,8,PEJELAGARTO,ejido,4,2512,"[{""campo"": ""nombre_nucleo"", ""codigo"": ""NUCLEO_OPERATIVO_EXISTENTE"", ""mensaje"": ""Ya existe el nucleo operativo 275 con el mismo nombre y municipio; se requiere conciliacion, no sobrescritura.""}]","[{""campo"": ""geometria"", ""codigo"": ""PARTES_POR_UNIR"", ""mensaje"": ""Las partes con la misma identidad externa se uniran solamente durante la confirmacion.""}]",[],54579510.7708,54579510.7708,,
335,error,8,PEJELAGARTO,ejido,4,2512,"[{""campo"": ""nombre_nucleo"", ""codigo"": ""NUCLEO_OPERATIVO_EXISTENTE"", ""mensaje"": ""Ya existe el nucleo operativo 275 con el mismo nombre y municipio; se requiere conciliacion, no sobrescritura.""}]","[{""campo"": ""geometria"", ""codigo"": ""PARTES_POR_UNIR"", ""mensaje"": ""Las partes con la misma identidad externa se uniran solamente durante la confirmacion.""}]",[],14780707.3184,14780707.3184,,
336,error,20,PENJAMO,ejido,4,2503,"[{""campo"": ""nombre_nucleo"", ""codigo"": ""NUCLEO_OPERATIVO_EXISTENTE"", ""mensaje"": ""Ya existe el nucleo operativo 276 con el mismo nombre y municipio; se requiere conciliacion, no sobrescritura.""}]",[],[],32744634.5812,32744634.5812,,
337,error,26,PICH,ejido,4,2503,"[{""campo"": ""nombre_nucleo"", ""codigo"": ""NUCLEO_OPERATIVO_EXISTENTE"", ""mensaje"": ""Ya existe el nucleo operativo 277 con el mismo nombre y municipio; se requiere conciliacion, no sobrescritura.""}]","[{""campo"": ""geometria"", ""codigo"": ""PARTES_POR_UNIR"", ""mensaje"": ""Las partes con la misma identidad externa se uniran solamente durante la confirmacion.""}]",[],51588183.4546,51588183.4546,,
338,error,26,PICH,ejido,4,2503,"[{""campo"": ""nombre_nucleo"", ""codigo"": ""NUCLEO_OPERATIVO_EXISTENTE"", ""mensaje"": ""Ya existe el nucleo operativo 277 con el mismo nombre y municipio; se requiere conciliacion, no sobrescritura.""}]","[{""campo"": ""geometria"", ""codigo"": ""PARTES_POR_UNIR"", ""mensaje"": ""Las partes con la misma identidad externa se uniran solamente durante la confirmacion.""}]",[],802290815.4017,802290815.4017,,
339,error,52,PIXOYAL,ejido,4,2505,"[{""campo"": ""nombre_nucleo"", ""codigo"": ""NUCLEO_OPERATIVO_EXISTENTE"", ""mensaje"": ""Ya existe el nucleo operativo 278 con el mismo nombre y municipio; se requiere conciliacion, no sobrescritura.""}]","[{""campo"": ""geometria"", ""codigo"": ""PARTES_POR_UNIR"", ""mensaje"": ""Las partes con la misma identidad externa se uniran solamente durante la confirmacion.""}]",[],1973091.6428,1973091.6428,,
340,error,52,PIXOYAL,ejido,4,2505,"[{""campo"": ""nombre_nucleo"", ""codigo"": ""NUCLEO_OPERATIVO_EXISTENTE"", ""mensaje"": ""Ya existe el nucleo operativo 278 con el mismo nombre y municipio; se requiere conciliacion, no sobrescritura.""}]","[{""campo"": ""geometria"", ""codigo"": ""PARTES_POR_UNIR"", ""mensaje"": ""Las partes con la misma identidad externa se uniran solamente durante la confirmacion.""}]",[],228869938.6102,228869938.6102,,
341,error,77,PLAN DE AYALA,ejido,4,2504,"[{""campo"": ""nombre_nucleo"", ""codigo"": ""NUCLEO_OPERATIVO_EXISTENTE"", ""mensaje"": ""Ya existe el nucleo operativo 279 con el mismo nombre y municipio; se requiere conciliacion, no sobrescritura.""}]",[],[],29146375.9534,29146375.9534,,
342,error,5,POCBOC,ejido,4,2506,"[{""campo"": ""nombre_nucleo"", ""codigo"": ""NUCLEO_OPERATIVO_EXISTENTE"", ""mensaje"": ""Ya existe el nucleo operativo 280 con el mismo nombre y municipio; se requiere conciliacion, no sobrescritura.""}]","[{""campo"": ""geometria"", ""codigo"": ""PARTES_POR_UNIR"", ""mensaje"": ""Las partes con la misma identidad externa se uniran solamente durante la confirmacion.""}]",[],80929959.3946,80929959.3946,,
343,error,5,POCBOC,ejido,4,2506,"[{""campo"": ""nombre_nucleo"", ""codigo"": ""NUCLEO_OPERATIVO_EXISTENTE"", ""mensaje"": ""Ya existe el nucleo operativo 280 con el mismo nombre y municipio; se requiere conciliacion, no sobrescritura.""}]","[{""campo"": ""geometria"", ""codigo"": ""PARTES_POR_UNIR"", ""mensaje"": ""Las partes con la misma identidad externa se uniran solamente durante la confirmacion.""}]",[],38370543.3430,38370543.3430,,
344,error,15,POCYAXUM,ejido,4,2503,"[{""campo"": ""nombre_nucleo"", ""codigo"": ""NUCLEO_OPERATIVO_EXISTENTE"", ""mensaje"": ""Ya existe el nucleo operativo 281 con el mismo nombre y municipio; se requiere conciliacion, no sobrescritura.""}]",[],[],40894886.8996,40894886.8996,,
345,error,2,POMUCH,ejido,4,2506,"[{""campo"": ""nombre_nucleo"", ""codigo"": ""NUCLEO_OPERATIVO_EXISTENTE"", ""mensaje"": ""Ya existe el nucleo operativo 282 con el mismo nombre y municipio; se requiere conciliacion, no sobrescritura.""}]","[{""campo"": ""geometria"", ""codigo"": ""PARTES_POR_UNIR"", ""mensaje"": ""Las partes con la misma identidad externa se uniran solamente durante la confirmacion.""}]",[],5033704.6477,5033704.6477,,
346,error,2,POMUCH,ejido,4,2506,"[{""campo"": ""nombre_nucleo"", ""codigo"": ""NUCLEO_OPERATIVO_EXISTENTE"", ""mensaje"": ""Ya existe el nucleo operativo 282 con el mismo nombre y municipio; se requiere conciliacion, no sobrescritura.""}]","[{""campo"": ""geometria"", ""codigo"": ""PARTES_POR_UNIR"", ""mensaje"": ""Las partes con la misma identidad externa se uniran solamente durante la confirmacion.""}]",[],177805540.1574,177805540.1574,,
347,error,2,POMUCH,ejido,4,2506,"[{""campo"": ""nombre_nucleo"", ""codigo"": ""NUCLEO_OPERATIVO_EXISTENTE"", ""mensaje"": ""Ya existe el nucleo operativo 282 con el mismo nombre y municipio; se requiere conciliacion, no sobrescritura.""}]","[{""campo"": ""geometria"", ""codigo"": ""PARTES_POR_UNIR"", ""mensaje"": ""Las partes con la misma identidad externa se uniran solamente durante la confirmacion.""}]",[],777426976.6910,777426976.6910,,
348,error,56,PROF. GRACIANO SANCHEZ,ejido,4,2505,"[{""campo"": ""nombre_nucleo"", ""codigo"": ""NUCLEO_OPERATIVO_EXISTENTE"", ""mensaje"": ""Ya existe el nucleo operativo 283 con el mismo nombre y municipio; se requiere conciliacion, no sobrescritura.""}]",[],[],38081248.6060,38081248.6060,,
349,error,9,PUCNACHEN,ejido,4,2502,"[{""campo"": ""nombre_nucleo"", ""codigo"": ""NUCLEO_OPERATIVO_EXISTENTE"", ""mensaje"": ""Ya existe el nucleo operativo 284 con el mismo nombre y municipio; se requiere conciliacion, no sobrescritura.""}]",[],[],58866688.8846,58866688.8846,,
350,error,20,PUEBLA DE MORELIA,ejido,4,2511,"[{""campo"": ""nombre_nucleo"", ""codigo"": ""NUCLEO_OPERATIVO_EXISTENTE"", ""mensaje"": ""Ya existe el nucleo operativo 285 con el mismo nombre y municipio; se requiere conciliacion, no sobrescritura.""}]",[],[],20965908.3406,20965908.3406,,
351,error,12,PUEBLO NUEVO,ejido,4,2503,"[{""campo"": ""nombre_nucleo"", ""codigo"": ""NUCLEO_OPERATIVO_EXISTENTE"", ""mensaje"": ""Ya existe el nucleo operativo 286 con el mismo nombre y municipio; se requiere conciliacion, no sobrescritura.""}]",[],[],20482434.0961,20482434.0961,,
352,error,70,PUERTO RICO,ejido,4,2504,"[{""campo"": ""nombre_nucleo"", ""codigo"": ""NUCLEO_OPERATIVO_EXISTENTE"", ""mensaje"": ""Ya existe el nucleo operativo 287 con el mismo nombre y municipio; se requiere conciliacion, no sobrescritura.""}]","[{""campo"": ""geometria"", ""codigo"": ""PARTES_POR_UNIR"", ""mensaje"": ""Las partes con la misma identidad externa se uniran solamente durante la confirmacion.""}]",[],5704860.6420,5704860.6420,,
353,error,70,PUERTO RICO,ejido,4,2504,"[{""campo"": ""nombre_nucleo"", ""codigo"": ""NUCLEO_OPERATIVO_EXISTENTE"", ""mensaje"": ""Ya existe el nucleo operativo 287 con el mismo nombre y municipio; se requiere conciliacion, no sobrescritura.""}]","[{""campo"": ""geometria"", ""codigo"": ""PARTES_POR_UNIR"", ""mensaje"": ""Las partes con la misma identidad externa se uniran solamente durante la confirmacion.""}]",[],2415576.8593,2415576.8593,,
354,error,98,PUNTA XEN,ejido,4,2505,"[{""campo"": ""nombre_nucleo"", ""codigo"": ""NUCLEO_OPERATIVO_EXISTENTE"", ""mensaje"": ""Ya existe el nucleo operativo 288 con el mismo nombre y municipio; se requiere conciliacion, no sobrescritura.""}]","[{""campo"": ""geometria"", ""codigo"": ""PARTES_POR_UNIR"", ""mensaje"": ""Las partes con la misma identidad externa se uniran solamente durante la confirmacion.""}]",[],7777485.3583,7777485.3583,,
355,error,98,PUNTA XEN,ejido,4,2505,"[{""campo"": ""nombre_nucleo"", ""codigo"": ""NUCLEO_OPERATIVO_EXISTENTE"", ""mensaje"": ""Ya existe el nucleo operativo 288 con el mismo nombre y municipio; se requiere conciliacion, no sobrescritura.""}]","[{""campo"": ""geometria"", ""codigo"": ""PARTES_POR_UNIR"", ""mensaje"": ""Las partes con la misma identidad externa se uniran solamente durante la confirmacion.""}]",[],2144314.0941,2144314.0941,,
356,error,98,PUNTA XEN,ejido,4,2505,"[{""campo"": ""nombre_nucleo"", ""codigo"": ""NUCLEO_OPERATIVO_EXISTENTE"", ""mensaje"": ""Ya existe el nucleo operativo 288 con el mismo nombre y municipio; se requiere conciliacion, no sobrescritura.""}]","[{""campo"": ""geometria"", ""codigo"": ""PARTES_POR_UNIR"", ""mensaje"": ""Las partes con la misma identidad externa se uniran solamente durante la confirmacion.""}]",[],5746295.2810,5746295.2810,,
357,error,9,PUSTUNICH,ejido,4,2505,"[{""campo"": ""nombre_nucleo"", ""codigo"": ""NUCLEO_OPERATIVO_EXISTENTE"", ""mensaje"": ""Ya existe el nucleo operativo 289 con el mismo nombre y municipio; se requiere conciliacion, no sobrescritura.""}]","[{""campo"": ""geometria"", ""codigo"": ""PARTES_POR_UNIR"", ""mensaje"": ""Las partes con la misma identidad externa se uniran solamente durante la confirmacion.""}]",[],64420303.4185,64420303.4185,,
358,error,9,PUSTUNICH,ejido,4,2505,"[{""campo"": ""nombre_nucleo"", ""codigo"": ""NUCLEO_OPERATIVO_EXISTENTE"", ""mensaje"": ""Ya existe el nucleo operativo 289 con el mismo nombre y municipio; se requiere conciliacion, no sobrescritura.""}]","[{""campo"": ""geometria"", ""codigo"": ""PARTES_POR_UNIR"", ""mensaje"": ""Las partes con la misma identidad externa se uniran solamente durante la confirmacion.""}]",[],246004043.3061,246004043.3061,,
359,error,7,RAMON CORONA,ejido,4,2507,"[{""campo"": ""nombre_nucleo"", ""codigo"": ""NUCLEO_OPERATIVO_EXISTENTE"", ""mensaje"": ""Ya existe el nucleo operativo 290 con el mismo nombre y municipio; se requiere conciliacion, no sobrescritura.""}]",[],[],36381610.6070,36381610.6070,,
360,error,20,RANCHOO XCALOT AKAL,ejido,4,2507,"[{""campo"": ""nombre_nucleo"", ""codigo"": ""NUCLEO_OPERATIVO_EXISTENTE"", ""mensaje"": ""Ya existe el nucleo operativo 291 con el mismo nombre y municipio; se requiere conciliacion, no sobrescritura.""}]","[{""campo"": ""geometria"", ""codigo"": ""PARTES_POR_UNIR"", ""mensaje"": ""Las partes con la misma identidad externa se uniran solamente durante la confirmacion.""}]",[],277134.0870,277134.0870,,
361,error,20,RANCHOO XCALOT AKAL,ejido,4,2507,"[{""campo"": ""nombre_nucleo"", ""codigo"": ""NUCLEO_OPERATIVO_EXISTENTE"", ""mensaje"": ""Ya existe el nucleo operativo 291 con el mismo nombre y municipio; se requiere conciliacion, no sobrescritura.""}]","[{""campo"": ""geometria"", ""codigo"": ""PARTES_POR_UNIR"", ""mensaje"": ""Las partes con la misma identidad externa se uniran solamente durante la confirmacion.""}]",[],32552823.5329,32552823.5329,,
362,error,34,RANCHO SOSA,ejido,4,2507,"[{""campo"": ""nombre_nucleo"", ""codigo"": ""NUCLEO_OPERATIVO_EXISTENTE"", ""mensaje"": ""Ya existe el nucleo operativo 292 con el mismo nombre y municipio; se requiere conciliacion, no sobrescritura.""}]",[],[],13079001.8283,13079001.8283,,
363,error,46,REVOLUCION,ejido,4,2505,"[{""campo"": ""nombre_nucleo"", ""codigo"": ""NUCLEO_OPERATIVO_EXISTENTE"", ""mensaje"": ""Ya existe el nucleo operativo 293 con el mismo nombre y municipio; se requiere conciliacion, no sobrescritura.""}]",[],[],54629089.1039,54629089.1039,,
364,error,6,RIBERA DE LA CORRIENTE,ejido,4,2508,"[{""campo"": ""nombre_nucleo"", ""codigo"": ""NUCLEO_OPERATIVO_EXISTENTE"", ""mensaje"": ""Ya existe el nucleo operativo 294 con el mismo nombre y municipio; se requiere conciliacion, no sobrescritura.""}]",[],[],14415907.4165,14415907.4165,,
365,error,72,SABANCUY,ejido,4,2504,"[{""campo"": ""nombre_nucleo"", ""codigo"": ""NUCLEO_OPERATIVO_EXISTENTE"", ""mensaje"": ""Ya existe el nucleo operativo 295 con el mismo nombre y municipio; se requiere conciliacion, no sobrescritura.""}]",[],[],465940894.0830,465940894.0830,,
366,error,2,SAMBULA,ejido,4,2503,"[{""campo"": ""nombre_nucleo"", ""codigo"": ""NUCLEO_OPERATIVO_EXISTENTE"", ""mensaje"": ""Ya existe el nucleo operativo 296 con el mismo nombre y municipio; se requiere conciliacion, no sobrescritura.""}]","[{""campo"": ""geometria"", ""codigo"": ""PARTES_POR_UNIR"", ""mensaje"": ""Las partes con la misma identidad externa se uniran solamente durante la confirmacion.""}]",[],1574242.7925,1574242.7925,,
367,error,2,SAMBULA,ejido,4,2503,"[{""campo"": ""nombre_nucleo"", ""codigo"": ""NUCLEO_OPERATIVO_EXISTENTE"", ""mensaje"": ""Ya existe el nucleo operativo 296 con el mismo nombre y municipio; se requiere conciliacion, no sobrescritura.""}]","[{""campo"": ""geometria"", ""codigo"": ""PARTES_POR_UNIR"", ""mensaje"": ""Las partes con la misma identidad externa se uniran solamente durante la confirmacion.""}]",[],21315267.2610,21315267.2610,,
368,error,2,SAMBULA,ejido,4,2503,"[{""campo"": ""nombre_nucleo"", ""codigo"": ""NUCLEO_OPERATIVO_EXISTENTE"", ""mensaje"": ""Ya existe el nucleo operativo 296 con el mismo nombre y municipio; se requiere conciliacion, no sobrescritura.""}]","[{""campo"": ""geometria"", ""codigo"": ""PARTES_POR_UNIR"", ""mensaje"": ""Las partes con la misma identidad externa se uniran solamente durante la confirmacion.""}]",[],947994.6335,947994.6335,,
369,error,2,SAMBULA,ejido,4,2503,"[{""campo"": ""nombre_nucleo"", ""codigo"": ""NUCLEO_OPERATIVO_EXISTENTE"", ""mensaje"": ""Ya existe el nucleo operativo 296 con el mismo nombre y municipio; se requiere conciliacion, no sobrescritura.""}]","[{""campo"": ""geometria"", ""codigo"": ""PARTES_POR_UNIR"", ""mensaje"": ""Las partes con la misma identidad externa se uniran solamente durante la confirmacion.""}]",[],2642884.5390,2642884.5390,,
370,error,2,SAMBULA,ejido,4,2503,"[{""campo"": ""nombre_nucleo"", ""codigo"": ""NUCLEO_OPERATIVO_EXISTENTE"", ""mensaje"": ""Ya existe el nucleo operativo 296 con el mismo nombre y municipio; se requiere conciliacion, no sobrescritura.""}]","[{""campo"": ""geometria"", ""codigo"": ""PARTES_POR_UNIR"", ""mensaje"": ""Las partes con la misma identidad externa se uniran solamente durante la confirmacion.""}]",[],123547.3003,123547.3003,,
371,error,16,SAN AGUSTIN OLA,ejido,4,2503,"[{""campo"": ""nombre_nucleo"", ""codigo"": ""NUCLEO_OPERATIVO_EXISTENTE"", ""mensaje"": ""Ya existe el nucleo operativo 297 con el mismo nombre y municipio; se requiere conciliacion, no sobrescritura.""}]","[{""campo"": ""geometria"", ""codigo"": ""PARTES_POR_UNIR"", ""mensaje"": ""Las partes con la misma identidad externa se uniran solamente durante la confirmacion.""}]",[],20642.3462,20642.3462,,
372,error,16,SAN AGUSTIN OLA,ejido,4,2503,"[{""campo"": ""nombre_nucleo"", ""codigo"": ""NUCLEO_OPERATIVO_EXISTENTE"", ""mensaje"": ""Ya existe el nucleo operativo 297 con el mismo nombre y municipio; se requiere conciliacion, no sobrescritura.""}]","[{""campo"": ""geometria"", ""codigo"": ""PARTES_POR_UNIR"", ""mensaje"": ""Las partes con la misma identidad externa se uniran solamente durante la confirmacion.""}]",[],14697848.2362,14697848.2362,,
373,error,14,SAN ANTONIO BOBOLA,ejido,4,2503,"[{""campo"": ""nombre_nucleo"", ""codigo"": ""NUCLEO_OPERATIVO_EXISTENTE"", ""mensaje"": ""Ya existe el nucleo operativo 298 con el mismo nombre y municipio; se requiere conciliacion, no sobrescritura.""}]","[{""campo"": ""geometria"", ""codigo"": ""PARTES_POR_UNIR"", ""mensaje"": ""Las partes con la misma identidad externa se uniran solamente durante la confirmacion.""}]",[],5577680.8295,5577680.8295,,
374,error,14,SAN ANTONIO BOBOLA,ejido,4,2503,"[{""campo"": ""nombre_nucleo"", ""codigo"": ""NUCLEO_OPERATIVO_EXISTENTE"", ""mensaje"": ""Ya existe el nucleo operativo 298 con el mismo nombre y municipio; se requiere conciliacion, no sobrescritura.""}]","[{""campo"": ""geometria"", ""codigo"": ""PARTES_POR_UNIR"", ""mensaje"": ""Las partes con la misma identidad externa se uniran solamente durante la confirmacion.""}]",[],8741682.2165,8741682.2165,,
375,error,68,SAN ANTONIO CARDENAS,ejido,4,2504,"[{""campo"": ""nombre_nucleo"", ""codigo"": ""NUCLEO_OPERATIVO_EXISTENTE"", ""mensaje"": ""Ya existe el nucleo operativo 299 con el mismo nombre y municipio; se requiere conciliacion, no sobrescritura.""}]","[{""campo"": ""geometria"", ""codigo"": ""PARTES_POR_UNIR"", ""mensaje"": ""Las partes con la misma identidad externa se uniran solamente durante la confirmacion.""}]",[],61210476.4280,61210476.4280,,
376,error,68,SAN ANTONIO CARDENAS,ejido,4,2504,"[{""campo"": ""nombre_nucleo"", ""codigo"": ""NUCLEO_OPERATIVO_EXISTENTE"", ""mensaje"": ""Ya existe el nucleo operativo 299 con el mismo nombre y municipio; se requiere conciliacion, no sobrescritura.""}]","[{""campo"": ""geometria"", ""codigo"": ""PARTES_POR_UNIR"", ""mensaje"": ""Las partes con la misma identidad externa se uniran solamente durante la confirmacion.""}]",[],70424407.7753,70424407.7753,,
377,error,26,SAN ANTONIO DEL RIO,ejido,4,2505,"[{""campo"": ""nombre_nucleo"", ""codigo"": ""NUCLEO_OPERATIVO_EXISTENTE"", ""mensaje"": ""Ya existe el nucleo operativo 300 con el mismo nombre y municipio; se requiere conciliacion, no sobrescritura.""}]",[],[],16546394.4809,16546394.4809,,
378,error,12,SAN ANTONIO SAHCABCHEN,ejido,4,2502,"[{""campo"": ""nombre_nucleo"", ""codigo"": ""NUCLEO_OPERATIVO_EXISTENTE"", ""mensaje"": ""Ya existe el nucleo operativo 301 con el mismo nombre y municipio; se requiere conciliacion, no sobrescritura.""}]","[{""campo"": ""geometria"", ""codigo"": ""PARTES_POR_UNIR"", ""mensaje"": ""Las partes con la misma identidad externa se uniran solamente durante la confirmacion.""}]",[],19354490.4757,19354490.4757,,
379,error,12,SAN ANTONIO SAHCABCHEN,ejido,4,2502,"[{""campo"": ""nombre_nucleo"", ""codigo"": ""NUCLEO_OPERATIVO_EXISTENTE"", ""mensaje"": ""Ya existe el nucleo operativo 301 con el mismo nombre y municipio; se requiere conciliacion, no sobrescritura.""}]","[{""campo"": ""geometria"", ""codigo"": ""PARTES_POR_UNIR"", ""mensaje"": ""Las partes con la misma identidad externa se uniran solamente durante la confirmacion.""}]",[],7513153.2968,7513153.2968,,
380,error,12,SAN ANTONIO SAHCABCHEN,ejido,4,2502,"[{""campo"": ""nombre_nucleo"", ""codigo"": ""NUCLEO_OPERATIVO_EXISTENTE"", ""mensaje"": ""Ya existe el nucleo operativo 301 con el mismo nombre y municipio; se requiere conciliacion, no sobrescritura.""}]","[{""campo"": ""geometria"", ""codigo"": ""PARTES_POR_UNIR"", ""mensaje"": ""Las partes con la misma identidad externa se uniran solamente durante la confirmacion.""}]",[],26353210.3679,26353210.3679,,
381,error,14,SAN ANTONIO YACASAY,ejido,4,2505,"[{""campo"": ""nombre_nucleo"", ""codigo"": ""NUCLEO_OPERATIVO_EXISTENTE"", ""mensaje"": ""Ya existe el nucleo operativo 302 con el mismo nombre y municipio; se requiere conciliacion, no sobrescritura.""}]","[{""campo"": ""geometria"", ""codigo"": ""PARTES_POR_UNIR"", ""mensaje"": ""Las partes con la misma identidad externa se uniran solamente durante la confirmacion.""}]",[],40207237.0843,40207237.0843,,
382,error,14,SAN ANTONIO YACASAY,ejido,4,2505,"[{""campo"": ""nombre_nucleo"", ""codigo"": ""NUCLEO_OPERATIVO_EXISTENTE"", ""mensaje"": ""Ya existe el nucleo operativo 302 con el mismo nombre y municipio; se requiere conciliacion, no sobrescritura.""}]","[{""campo"": ""geometria"", ""codigo"": ""PARTES_POR_UNIR"", ""mensaje"": ""Las partes con la misma identidad externa se uniran solamente durante la confirmacion.""}]",[],16752472.5799,16752472.5799,,
383,error,37,SAN FRANCISCO SUC TUC,ejido,4,2507,"[{""campo"": ""nombre_nucleo"", ""codigo"": ""NUCLEO_OPERATIVO_EXISTENTE"", ""mensaje"": ""Ya existe el nucleo operativo 303 con el mismo nombre y municipio; se requiere conciliacion, no sobrescritura.""}]",[],[],48312868.7265,48312868.7265,,
384,error,103,SAN ISIDRO,ejido,4,2504,"[{""campo"": ""nombre_nucleo"", ""codigo"": ""NUCLEO_OPERATIVO_EXISTENTE"", ""mensaje"": ""Ya existe el nucleo operativo 304 con el mismo nombre y municipio; se requiere conciliacion, no sobrescritura.""}]","[{""campo"": ""geometria"", ""codigo"": ""PARTES_POR_UNIR"", ""mensaje"": ""Las partes con la misma identidad externa se uniran solamente durante la confirmacion.""}]",[],39769026.0136,39769026.0136,,
385,error,103,SAN ISIDRO,ejido,4,2504,"[{""campo"": ""nombre_nucleo"", ""codigo"": ""NUCLEO_OPERATIVO_EXISTENTE"", ""mensaje"": ""Ya existe el nucleo operativo 304 con el mismo nombre y municipio; se requiere conciliacion, no sobrescritura.""}]","[{""campo"": ""geometria"", ""codigo"": ""PARTES_POR_UNIR"", ""mensaje"": ""Las partes con la misma identidad externa se uniran solamente durante la confirmacion.""}]",[],552907.6595,552907.6595,,
386,error,48,SAN JOSE,ejido,4,2510,"[{""campo"": ""nombre_nucleo"", ""codigo"": ""NUCLEO_OPERATIVO_EXISTENTE"", ""mensaje"": ""Ya existe el nucleo operativo 305 con el mismo nombre y municipio; se requiere conciliacion, no sobrescritura.""}]",[],[],14564428.2652,14564428.2652,,
387,error,24,SAN JOSE CARPIZO,ejido,4,2505,"[{""campo"": ""nombre_nucleo"", ""codigo"": ""NUCLEO_OPERATIVO_EXISTENTE"", ""mensaje"": ""Ya existe el nucleo operativo 306 con el mismo nombre y municipio; se requiere conciliacion, no sobrescritura.""}]",[],[],28018340.5388,28018340.5388,,
388,error,23,SAN JOSE CARPIZO NO. 2,ejido,4,2505,"[{""campo"": ""nombre_nucleo"", ""codigo"": ""NUCLEO_OPERATIVO_EXISTENTE"", ""mensaje"": ""Ya existe el nucleo operativo 307 con el mismo nombre y municipio; se requiere conciliacion, no sobrescritura.""}]",[],[],23803965.8925,23803965.8925,,
389,error,23,SAN JUAN BAUTISTA SAHCABCHEN,ejido,4,2507,"[{""campo"": ""nombre_nucleo"", ""codigo"": ""NUCLEO_OPERATIVO_EXISTENTE"", ""mensaje"": ""Ya existe el nucleo operativo 308 con el mismo nombre y municipio; se requiere conciliacion, no sobrescritura.""}]",[],[],73693615.7808,73693615.7808,,
390,error,34,SAN JUAN CANTEMO,ejido,4,2503,"[{""campo"": ""nombre_nucleo"", ""codigo"": ""NUCLEO_OPERATIVO_EXISTENTE"", ""mensaje"": ""Ya existe el nucleo operativo 309 con el mismo nombre y municipio; se requiere conciliacion, no sobrescritura.""}]",[],[],11501971.1177,11501971.1177,,
391,error,4,SAN JUAN CARPIZO,ejido,4,2505,"[{""campo"": ""nombre_nucleo"", ""codigo"": ""NUCLEO_OPERATIVO_EXISTENTE"", ""mensaje"": ""Ya existe el nucleo operativo 310 con el mismo nombre y municipio; se requiere conciliacion, no sobrescritura.""}]","[{""campo"": ""geometria"", ""codigo"": ""PARTES_POR_UNIR"", ""mensaje"": ""Las partes con la misma identidad externa se uniran solamente durante la confirmacion.""}]",[],48591862.1248,48591862.1248,,
392,error,4,SAN JUAN CARPIZO,ejido,4,2505,"[{""campo"": ""nombre_nucleo"", ""codigo"": ""NUCLEO_OPERATIVO_EXISTENTE"", ""mensaje"": ""Ya existe el nucleo operativo 310 con el mismo nombre y municipio; se requiere conciliacion, no sobrescritura.""}]","[{""campo"": ""geometria"", ""codigo"": ""PARTES_POR_UNIR"", ""mensaje"": ""Las partes con la misma identidad externa se uniran solamente durante la confirmacion.""}]",[],15425823.7418,15425823.7418,,
393,error,31,SAN LUCIANO,ejido,4,2503,"[{""campo"": ""nombre_nucleo"", ""codigo"": ""NUCLEO_OPERATIVO_EXISTENTE"", ""mensaje"": ""Ya existe el nucleo operativo 311 con el mismo nombre y municipio; se requiere conciliacion, no sobrescritura.""}]",[],[],17631424.7887,17631424.7887,,
394,error,20,SAN MIGUEL,ejido,4,2505,"[{""campo"": ""nombre_nucleo"", ""codigo"": ""NUCLEO_OPERATIVO_EXISTENTE"", ""mensaje"": ""Ya existe el nucleo operativo 312 con el mismo nombre y municipio; se requiere conciliacion, no sobrescritura.""}]","[{""campo"": ""geometria"", ""codigo"": ""PARTES_POR_UNIR"", ""mensaje"": ""Las partes con la misma identidad externa se uniran solamente durante la confirmacion.""}]",[],7401925.9051,7401925.9051,,
395,error,65,SAN MIGUEL,ejido,4,2511,"[{""campo"": ""nombre_nucleo"", ""codigo"": ""NUCLEO_OPERATIVO_EXISTENTE"", ""mensaje"": ""Ya existe el nucleo operativo 313 con el mismo nombre y municipio; se requiere conciliacion, no sobrescritura.""}]",[],[],10203650.0499,10203650.0499,,
396,error,20,SAN MIGUEL,ejido,4,2505,"[{""campo"": ""nombre_nucleo"", ""codigo"": ""NUCLEO_OPERATIVO_EXISTENTE"", ""mensaje"": ""Ya existe el nucleo operativo 312 con el mismo nombre y municipio; se requiere conciliacion, no sobrescritura.""}]","[{""campo"": ""geometria"", ""codigo"": ""PARTES_POR_UNIR"", ""mensaje"": ""Las partes con la misma identidad externa se uniran solamente durante la confirmacion.""}]",[],6033710.4126,6033710.4126,,
397,error,32,SAN MIGUEL ALLENDE,ejido,4,2503,"[{""campo"": ""nombre_nucleo"", ""codigo"": ""NUCLEO_OPERATIVO_EXISTENTE"", ""mensaje"": ""Ya existe el nucleo operativo 314 con el mismo nombre y municipio; se requiere conciliacion, no sobrescritura.""}]",[],[],57869566.7520,57869566.7520,,
398,error,12,SAN PABLO,ejido,4,2505,"[{""campo"": ""nombre_nucleo"", ""codigo"": ""NUCLEO_OPERATIVO_EXISTENTE"", ""mensaje"": ""Ya existe el nucleo operativo 315 con el mismo nombre y municipio; se requiere conciliacion, no sobrescritura.""}]",[],[],228814825.0696,228814825.0696,,
399,error,6,SAN PEDRO CORRALCHE,ejido,4,2509,"[{""campo"": ""nombre_nucleo"", ""codigo"": ""NUCLEO_OPERATIVO_EXISTENTE"", ""mensaje"": ""Ya existe el nucleo operativo 316 con el mismo nombre y municipio; se requiere conciliacion, no sobrescritura.""}]",[],[],13196623.7220,13196623.7220,,
400,error,51,SAN RAFAEL RIO CARIBE,ejido,4,2512,"[{""campo"": ""nombre_nucleo"", ""codigo"": ""NUCLEO_OPERATIVO_EXISTENTE"", ""mensaje"": ""Ya existe el nucleo operativo 317 con el mismo nombre y municipio; se requiere conciliacion, no sobrescritura.""}]",[],[],5723101.8496,5723101.8496,,
401,error,8,SANTA CRUZ,ejido,4,2502,"[{""campo"": ""nombre_nucleo"", ""codigo"": ""NUCLEO_OPERATIVO_EXISTENTE"", ""mensaje"": ""Ya existe el nucleo operativo 318 con el mismo nombre y municipio; se requiere conciliacion, no sobrescritura.""}]",[],[],31697497.6461,31697497.6461,,
402,error,7,SANTA CRUZ,ejido,4,2506,"[{""campo"": ""nombre_nucleo"", ""codigo"": ""NUCLEO_OPERATIVO_EXISTENTE"", ""mensaje"": ""Ya existe el nucleo operativo 319 con el mismo nombre y municipio; se requiere conciliacion, no sobrescritura.""}]",[],[],13599083.2601,13599083.2601,,
403,error,2,SANTA CRUZ DE ROVIRA,ejido,4,2505,"[{""campo"": ""nombre_nucleo"", ""codigo"": ""NUCLEO_OPERATIVO_EXISTENTE"", ""mensaje"": ""Ya existe el nucleo operativo 320 con el mismo nombre y municipio; se requiere conciliacion, no sobrescritura.""}]",[],[],21376560.8718,21376560.8718,,
404,error,1,SANTA ISABEL,ejido,4,2508,"[{""campo"": ""nombre_nucleo"", ""codigo"": ""NUCLEO_OPERATIVO_EXISTENTE"", ""mensaje"": ""Ya existe el nucleo operativo 321 con el mismo nombre y municipio; se requiere conciliacion, no sobrescritura.""}]","[{""campo"": ""geometria"", ""codigo"": ""PARTES_POR_UNIR"", ""mensaje"": ""Las partes con la misma identidad externa se uniran solamente durante la confirmacion.""}]",[],105078429.4920,105078429.4920,,
405,error,1,SANTA ISABEL,ejido,4,2508,"[{""campo"": ""nombre_nucleo"", ""codigo"": ""NUCLEO_OPERATIVO_EXISTENTE"", ""mensaje"": ""Ya existe el nucleo operativo 321 con el mismo nombre y municipio; se requiere conciliacion, no sobrescritura.""}]","[{""campo"": ""geometria"", ""codigo"": ""PARTES_POR_UNIR"", ""mensaje"": ""Las partes con la misma identidad externa se uniran solamente durante la confirmacion.""}]",[],9862686.7536,9862686.7536,,
406,error,1,SANTA ISABEL,ejido,4,2508,"[{""campo"": ""nombre_nucleo"", ""codigo"": ""NUCLEO_OPERATIVO_EXISTENTE"", ""mensaje"": ""Ya existe el nucleo operativo 321 con el mismo nombre y municipio; se requiere conciliacion, no sobrescritura.""}]","[{""campo"": ""geometria"", ""codigo"": ""PARTES_POR_UNIR"", ""mensaje"": ""Las partes con la misma identidad externa se uniran solamente durante la confirmacion.""}]",[],12424692.1129,12424692.1129,,
407,error,1,SANTA ISABEL,ejido,4,2508,"[{""campo"": ""nombre_nucleo"", ""codigo"": ""NUCLEO_OPERATIVO_EXISTENTE"", ""mensaje"": ""Ya existe el nucleo operativo 321 con el mismo nombre y municipio; se requiere conciliacion, no sobrescritura.""}]","[{""campo"": ""geometria"", ""codigo"": ""PARTES_POR_UNIR"", ""mensaje"": ""Las partes con la misma identidad externa se uniran solamente durante la confirmacion.""}]",[],10045561.2930,10045561.2930,,
408,error,50,SANTA LUCIA,ejido,4,2512,"[{""campo"": ""nombre_nucleo"", ""codigo"": ""NUCLEO_OPERATIVO_EXISTENTE"", ""mensaje"": ""Ya existe el nucleo operativo 322 con el mismo nombre y municipio; se requiere conciliacion, no sobrescritura.""}]",[],[],30761694.8946,30761694.8946,,
409,error,7,SANTA LUCIA,ejido,4,2511,"[{""campo"": ""nombre_nucleo"", ""codigo"": ""NUCLEO_OPERATIVO_EXISTENTE"", ""mensaje"": ""Ya existe el nucleo operativo 323 con el mismo nombre y municipio; se requiere conciliacion, no sobrescritura.""}]",[],[],27609781.2575,27609781.2575,,
410,error,5,SANTA RITA,ejido,4,2509,"[{""campo"": ""nombre_nucleo"", ""codigo"": ""NUCLEO_OPERATIVO_EXISTENTE"", ""mensaje"": ""Ya existe el nucleo operativo 324 con el mismo nombre y municipio; se requiere conciliacion, no sobrescritura.""}]",[],[],8194807.8876,8194807.8876,,
411,error,86,SANTA RITA,ejido,4,2504,"[{""campo"": ""nombre_nucleo"", ""codigo"": ""NUCLEO_OPERATIVO_EXISTENTE"", ""mensaje"": ""Ya existe el nucleo operativo 325 con el mismo nombre y municipio; se requiere conciliacion, no sobrescritura.""}]",[],[],18611793.3210,18611793.3210,,
412,error,11,SANTA ROSA,ejido,4,2509,"[{""campo"": ""nombre_nucleo"", ""codigo"": ""NUCLEO_OPERATIVO_EXISTENTE"", ""mensaje"": ""Ya existe el nucleo operativo 326 con el mismo nombre y municipio; se requiere conciliacion, no sobrescritura.""}]",[],[],6782097.1413,6782097.1413,,
413,error,28,SANTO DOMINGO,ejido,4,2512,"[{""campo"": ""nombre_nucleo"", ""codigo"": ""NUCLEO_OPERATIVO_EXISTENTE"", ""mensaje"": ""Ya existe el nucleo operativo 327 con el mismo nombre y municipio; se requiere conciliacion, no sobrescritura.""}]",[],[],19663635.9469,19663635.9469,,
414,error,16,SEYBAPLAYA,ejido,4,2505,"[{""campo"": ""nombre_nucleo"", ""codigo"": ""NUCLEO_OPERATIVO_EXISTENTE"", ""mensaje"": ""Ya existe el nucleo operativo 328 con el mismo nombre y municipio; se requiere conciliacion, no sobrescritura.""}]","[{""campo"": ""geometria"", ""codigo"": ""PARTES_POR_UNIR"", ""mensaje"": ""Las partes con la misma identidad externa se uniran solamente durante la confirmacion.""}]","[{""campo"": ""geometria"", ""codigo"": ""EXTRACCION_POLIGONOS"", ""mensaje"": ""Se extrajeron los componentes poligonales de GeometryCollection.""}]",114872042.9269,114872042.9269,,
415,error,16,SEYBAPLAYA,ejido,4,2505,"[{""campo"": ""nombre_nucleo"", ""codigo"": ""NUCLEO_OPERATIVO_EXISTENTE"", ""mensaje"": ""Ya existe el nucleo operativo 328 con el mismo nombre y municipio; se requiere conciliacion, no sobrescritura.""}]","[{""campo"": ""geometria"", ""codigo"": ""PARTES_POR_UNIR"", ""mensaje"": ""Las partes con la misma identidad externa se uniran solamente durante la confirmacion.""}]",[],8448806.4384,8448806.4384,,
416,error,6,SIHOCHAC,ejido,4,2505,"[{""campo"": ""nombre_nucleo"", ""codigo"": ""NUCLEO_OPERATIVO_EXISTENTE"", ""mensaje"": ""Ya existe el nucleo operativo 329 con el mismo nombre y municipio; se requiere conciliacion, no sobrescritura.""}]","[{""campo"": ""geometria"", ""codigo"": ""PARTES_POR_UNIR"", ""mensaje"": ""Las partes con la misma identidad externa se uniran solamente durante la confirmacion.""}]",[],4356917.4812,4356917.4812,,
417,error,6,SIHOCHAC,ejido,4,2505,"[{""campo"": ""nombre_nucleo"", ""codigo"": ""NUCLEO_OPERATIVO_EXISTENTE"", ""mensaje"": ""Ya existe el nucleo operativo 329 con el mismo nombre y municipio; se requiere conciliacion, no sobrescritura.""}]","[{""campo"": ""geometria"", ""codigo"": ""PARTES_POR_UNIR"", ""mensaje"": ""Las partes con la misma identidad externa se uniran solamente durante la confirmacion.""}]",[],9813051.8401,9813051.8401,,
418,error,6,SIHOCHAC,ejido,4,2505,"[{""campo"": ""nombre_nucleo"", ""codigo"": ""NUCLEO_OPERATIVO_EXISTENTE"", ""mensaje"": ""Ya existe el nucleo operativo 329 con el mismo nombre y municipio; se requiere conciliacion, no sobrescritura.""}]","[{""campo"": ""geometria"", ""codigo"": ""PARTES_POR_UNIR"", ""mensaje"": ""Las partes con la misma identidad externa se uniran solamente durante la confirmacion.""}]",[],77972355.5450,77972355.5450,,
419,error,54,SILVITUC,ejido,4,2510,"[{""campo"": ""nombre_nucleo"", ""codigo"": ""NUCLEO_OPERATIVO_EXISTENTE"", ""mensaje"": ""Ya existe el nucleo operativo 330 con el mismo nombre y municipio; se requiere conciliacion, no sobrescritura.""}]","[{""campo"": ""geometria"", ""codigo"": ""PARTES_POR_UNIR"", ""mensaje"": ""Las partes con la misma identidad externa se uniran solamente durante la confirmacion.""}]",[],542227135.8260,542227135.8260,,
420,error,54,SILVITUC,ejido,4,2510,"[{""campo"": ""nombre_nucleo"", ""codigo"": ""NUCLEO_OPERATIVO_EXISTENTE"", ""mensaje"": ""Ya existe el nucleo operativo 330 con el mismo nombre y municipio; se requiere conciliacion, no sobrescritura.""}]","[{""campo"": ""geometria"", ""codigo"": ""PARTES_POR_UNIR"", ""mensaje"": ""Las partes con la misma identidad externa se uniran solamente durante la confirmacion.""}]",[],38170735.7879,38170735.7879,,
421,error,6,TANKUCHE,ejido,4,2502,"[{""campo"": ""nombre_nucleo"", ""codigo"": ""NUCLEO_OPERATIVO_EXISTENTE"", ""mensaje"": ""Ya existe el nucleo operativo 331 con el mismo nombre y municipio; se requiere conciliacion, no sobrescritura.""}]",[],[],141087016.7701,141087016.7701,,
422,error,1,TENABO,ejido,4,2509,"[{""campo"": ""nombre_nucleo"", ""codigo"": ""NUCLEO_OPERATIVO_EXISTENTE"", ""mensaje"": ""Ya existe el nucleo operativo 332 con el mismo nombre y municipio; se requiere conciliacion, no sobrescritura.""}]","[{""campo"": ""geometria"", ""codigo"": ""PARTES_POR_UNIR"", ""mensaje"": ""Las partes con la misma identidad externa se uniran solamente durante la confirmacion.""}]",[],148192661.7723,148192661.7723,,
423,error,1,TENABO,ejido,4,2509,"[{""campo"": ""nombre_nucleo"", ""codigo"": ""NUCLEO_OPERATIVO_EXISTENTE"", ""mensaje"": ""Ya existe el nucleo operativo 332 con el mismo nombre y municipio; se requiere conciliacion, no sobrescritura.""}]","[{""campo"": ""geometria"", ""codigo"": ""PARTES_POR_UNIR"", ""mensaje"": ""Las partes con la misma identidad externa se uniran solamente durante la confirmacion.""}]",[],82401920.4703,82401920.4703,,
424,error,1,TENABO,ejido,4,2509,"[{""campo"": ""nombre_nucleo"", ""codigo"": ""NUCLEO_OPERATIVO_EXISTENTE"", ""mensaje"": ""Ya existe el nucleo operativo 332 con el mismo nombre y municipio; se requiere conciliacion, no sobrescritura.""}]","[{""campo"": ""geometria"", ""codigo"": ""PARTES_POR_UNIR"", ""mensaje"": ""Las partes con la misma identidad externa se uniran solamente durante la confirmacion.""}]",[],1212859.8510,1212859.8510,,
425,error,1,TENABO,ejido,4,2509,"[{""campo"": ""nombre_nucleo"", ""codigo"": ""NUCLEO_OPERATIVO_EXISTENTE"", ""mensaje"": ""Ya existe el nucleo operativo 332 con el mismo nombre y municipio; se requiere conciliacion, no sobrescritura.""}]","[{""campo"": ""geometria"", ""codigo"": ""PARTES_POR_UNIR"", ""mensaje"": ""Las partes con la misma identidad externa se uniran solamente durante la confirmacion.""}]",[],637028.0516,637028.0516,,
426,error,32,TENANCINGO,ejido,4,2512,"[{""campo"": ""nombre_nucleo"", ""codigo"": ""NUCLEO_OPERATIVO_EXISTENTE"", ""mensaje"": ""Ya existe el nucleo operativo 333 con el mismo nombre y municipio; se requiere conciliacion, no sobrescritura.""}]",[],[],21308569.8978,21308569.8978,,
427,error,5,TEPAKAN,ejido,4,2502,"[{""campo"": ""nombre_nucleo"", ""codigo"": ""NUCLEO_OPERATIVO_EXISTENTE"", ""mensaje"": ""Ya existe el nucleo operativo 334 con el mismo nombre y municipio; se requiere conciliacion, no sobrescritura.""}]",[],[],28735947.6185,28735947.6185,,
428,error,15,TIKIN,ejido,4,2506,"[{""campo"": ""nombre_nucleo"", ""codigo"": ""NUCLEO_OPERATIVO_EXISTENTE"", ""mensaje"": ""Ya existe el nucleo operativo 335 con el mismo nombre y municipio; se requiere conciliacion, no sobrescritura.""}]",[],[],11811749.7137,11811749.7137,,
429,error,4,TINUM,ejido,4,2509,"[{""campo"": ""nombre_nucleo"", ""codigo"": ""NUCLEO_OPERATIVO_EXISTENTE"", ""mensaje"": ""Ya existe el nucleo operativo 336 con el mismo nombre y municipio; se requiere conciliacion, no sobrescritura.""}]",[],[],91463529.5724,91463529.5724,,
430,error,13,TIQUIMUL,ejido,4,2503,"[{""campo"": ""nombre_nucleo"", ""codigo"": ""NUCLEO_OPERATIVO_EXISTENTE"", ""mensaje"": ""Ya existe el nucleo operativo 337 con el mismo nombre y municipio; se requiere conciliacion, no sobrescritura.""}]","[{""campo"": ""geometria"", ""codigo"": ""PARTES_POR_UNIR"", ""mensaje"": ""Las partes con la misma identidad externa se uniran solamente durante la confirmacion.""}]",[],58332151.4493,58332151.4493,,
431,error,13,TIQUIMUL,ejido,4,2503,"[{""campo"": ""nombre_nucleo"", ""codigo"": ""NUCLEO_OPERATIVO_EXISTENTE"", ""mensaje"": ""Ya existe el nucleo operativo 337 con el mismo nombre y municipio; se requiere conciliacion, no sobrescritura.""}]","[{""campo"": ""geometria"", ""codigo"": ""PARTES_POR_UNIR"", ""mensaje"": ""Las partes con la misma identidad externa se uniran solamente durante la confirmacion.""}]",[],11324262.1507,11324262.1507,,
432,error,29,TIXMUCUY,ejido,4,2503,"[{""campo"": ""nombre_nucleo"", ""codigo"": ""NUCLEO_OPERATIVO_EXISTENTE"", ""mensaje"": ""Ya existe el nucleo operativo 338 con el mismo nombre y municipio; se requiere conciliacion, no sobrescritura.""}]","[{""campo"": ""geometria"", ""codigo"": ""PARTES_POR_UNIR"", ""mensaje"": ""Las partes con la misma identidad externa se uniran solamente durante la confirmacion.""}]",[],22315834.4380,22315834.4380,,
433,error,29,TIXMUCUY,ejido,4,2503,"[{""campo"": ""nombre_nucleo"", ""codigo"": ""NUCLEO_OPERATIVO_EXISTENTE"", ""mensaje"": ""Ya existe el nucleo operativo 338 con el mismo nombre y municipio; se requiere conciliacion, no sobrescritura.""}]","[{""campo"": ""geometria"", ""codigo"": ""PARTES_POR_UNIR"", ""mensaje"": ""Las partes con la misma identidad externa se uniran solamente durante la confirmacion.""}]",[],37692601.6737,37692601.6737,,
434,error,29,TIXMUCUY,ejido,4,2503,"[{""campo"": ""nombre_nucleo"", ""codigo"": ""NUCLEO_OPERATIVO_EXISTENTE"", ""mensaje"": ""Ya existe el nucleo operativo 338 con el mismo nombre y municipio; se requiere conciliacion, no sobrescritura.""}]","[{""campo"": ""geometria"", ""codigo"": ""PARTES_POR_UNIR"", ""mensaje"": ""Las partes con la misma identidad externa se uniran solamente durante la confirmacion.""}]",[],16872068.4386,16872068.4386,,
435,error,29,TIXMUCUY,ejido,4,2503,"[{""campo"": ""nombre_nucleo"", ""codigo"": ""NUCLEO_OPERATIVO_EXISTENTE"", ""mensaje"": ""Ya existe el nucleo operativo 338 con el mismo nombre y municipio; se requiere conciliacion, no sobrescritura.""}]","[{""campo"": ""geometria"", ""codigo"": ""PARTES_POR_UNIR"", ""mensaje"": ""Las partes con la misma identidad externa se uniran solamente durante la confirmacion.""}]",[],4877771.8643,4877771.8643,,
436,error,54,TOMAS AZNAR BARBACHANO,ejido,4,2511,"[{""campo"": ""nombre_nucleo"", ""codigo"": ""NUCLEO_OPERATIVO_EXISTENTE"", ""mensaje"": ""Ya existe el nucleo operativo 339 con el mismo nombre y municipio; se requiere conciliacion, no sobrescritura.""}]",[],[],85646667.2972,85646667.2972,,
437,error,101,TRES VALLES,ejido,4,2504,"[{""campo"": ""nombre_nucleo"", ""codigo"": ""NUCLEO_OPERATIVO_EXISTENTE"", ""mensaje"": ""Ya existe el nucleo operativo 340 con el mismo nombre y municipio; se requiere conciliacion, no sobrescritura.""}]",[],[],8486376.6064,8486376.6064,,
438,error,17,UAYAMON,ejido,4,2503,"[{""campo"": ""nombre_nucleo"", ""codigo"": ""NUCLEO_OPERATIVO_EXISTENTE"", ""mensaje"": ""Ya existe el nucleo operativo 341 con el mismo nombre y municipio; se requiere conciliacion, no sobrescritura.""}]",[],[],55668932.3414,55668932.3414,,
439,error,26,UECHIL,ejido,4,2507,"[{""campo"": ""nombre_nucleo"", ""codigo"": ""NUCLEO_OPERATIVO_EXISTENTE"", ""mensaje"": ""Ya existe el nucleo operativo 342 con el mismo nombre y municipio; se requiere conciliacion, no sobrescritura.""}]",[],[],9905032.4729,9905032.4729,,
440,error,8,UKUM,ejido,4,2507,"[{""campo"": ""nombre_nucleo"", ""codigo"": ""NUCLEO_OPERATIVO_EXISTENTE"", ""mensaje"": ""Ya existe el nucleo operativo 343 con el mismo nombre y municipio; se requiere conciliacion, no sobrescritura.""}]",[],[],278285732.8781,278285732.8781,,
441,error,5,ULUMAL,ejido,4,2505,"[{""campo"": ""nombre_nucleo"", ""codigo"": ""NUCLEO_OPERATIVO_EXISTENTE"", ""mensaje"": ""Ya existe el nucleo operativo 344 con el mismo nombre y municipio; se requiere conciliacion, no sobrescritura.""}]",[],[],55861139.7867,55861139.7867,,
442,error,64,UNIDAD Y TRABAJO,ejido,4,2511,"[{""campo"": ""nombre_nucleo"", ""codigo"": ""NUCLEO_OPERATIVO_EXISTENTE"", ""mensaje"": ""Ya existe el nucleo operativo 345 con el mismo nombre y municipio; se requiere conciliacion, no sobrescritura.""}]",[],[],20643457.1026,20643457.1026,,
443,error,27,USAHZIL EDZNA,ejido,4,2503,"[{""campo"": ""nombre_nucleo"", ""codigo"": ""NUCLEO_OPERATIVO_EXISTENTE"", ""mensaje"": ""Ya existe el nucleo operativo 346 con el mismo nombre y municipio; se requiere conciliacion, no sobrescritura.""}]",[],[],23394070.5523,23394070.5523,,
444,error,42,VALLE DE QUETZALCOATL,ejido,4,2505,"[{""campo"": ""nombre_nucleo"", ""codigo"": ""NUCLEO_OPERATIVO_EXISTENTE"", ""mensaje"": ""Ya existe el nucleo operativo 347 con el mismo nombre y municipio; se requiere conciliacion, no sobrescritura.""}]",[],[],29320198.4872,29320198.4872,,
445,error,85,VALLE DE SOLIDARIDAD,ejido,4,2504,"[{""campo"": ""nombre_nucleo"", ""codigo"": ""NUCLEO_OPERATIVO_EXISTENTE"", ""mensaje"": ""Ya existe el nucleo operativo 348 con el mismo nombre y municipio; se requiere conciliacion, no sobrescritura.""}]",[],[],8639441.6820,8639441.6820,,
446,error,114,VENUSTIANO CARRANZA NUM. 2,ejido,4,2504,"[{""campo"": ""nombre_nucleo"", ""codigo"": ""NUCLEO_OPERATIVO_EXISTENTE"", ""mensaje"": ""Ya existe el nucleo operativo 349 con el mismo nombre y municipio; se requiere conciliacion, no sobrescritura.""}]",[],[],16321535.7309,16321535.7309,,
447,error,7,VICENTE GUERRERO,ejido,4,2512,"[{""campo"": ""nombre_nucleo"", ""codigo"": ""NUCLEO_OPERATIVO_EXISTENTE"", ""mensaje"": ""Ya existe el nucleo operativo 350 con el mismo nombre y municipio; se requiere conciliacion, no sobrescritura.""}]",[],[],25073018.4896,25073018.4896,,
448,error,33,VICENTE GUERRERO NO.2,ejido,4,2512,"[{""campo"": ""nombre_nucleo"", ""codigo"": ""NUCLEO_OPERATIVO_EXISTENTE"", ""mensaje"": ""Ya existe el nucleo operativo 351 con el mismo nombre y municipio; se requiere conciliacion, no sobrescritura.""}]",[],[],25330528.4127,25330528.4127,,
449,error,30,VILLA DE GUADALUPE,ejido,4,2505,"[{""campo"": ""nombre_nucleo"", ""codigo"": ""NUCLEO_OPERATIVO_EXISTENTE"", ""mensaje"": ""Ya existe el nucleo operativo 352 con el mismo nombre y municipio; se requiere conciliacion, no sobrescritura.""}]",[],[],132014213.4366,132014213.4366,,
450,error,64,VISTA ALEGRE,ejido,4,2504,"[{""campo"": ""nombre_nucleo"", ""codigo"": ""NUCLEO_OPERATIVO_EXISTENTE"", ""mensaje"": ""Ya existe el nucleo operativo 353 con el mismo nombre y municipio; se requiere conciliacion, no sobrescritura.""}]",[],[],12624170.2547,12624170.2547,,
451,error,47,XBACAB,ejido,4,2505,"[{""campo"": ""nombre_nucleo"", ""codigo"": ""NUCLEO_OPERATIVO_EXISTENTE"", ""mensaje"": ""Ya existe el nucleo operativo 354 con el mismo nombre y municipio; se requiere conciliacion, no sobrescritura.""}]","[{""campo"": ""geometria"", ""codigo"": ""PARTES_POR_UNIR"", ""mensaje"": ""Las partes con la misma identidad externa se uniran solamente durante la confirmacion.""}]","[{""campo"": ""geometria"", ""codigo"": ""EXTRACCION_POLIGONOS"", ""mensaje"": ""Se extrajeron los componentes poligonales de GeometryCollection.""}]",126975329.9356,126975329.9356,,
452,error,47,XBACAB,ejido,4,2505,"[{""campo"": ""nombre_nucleo"", ""codigo"": ""NUCLEO_OPERATIVO_EXISTENTE"", ""mensaje"": ""Ya existe el nucleo operativo 354 con el mismo nombre y municipio; se requiere conciliacion, no sobrescritura.""}]","[{""campo"": ""geometria"", ""codigo"": ""PARTES_POR_UNIR"", ""mensaje"": ""Las partes con la misma identidad externa se uniran solamente durante la confirmacion.""}]",[],17355095.0887,17355095.0887,,
453,error,47,XBACAB,ejido,4,2505,"[{""campo"": ""nombre_nucleo"", ""codigo"": ""NUCLEO_OPERATIVO_EXISTENTE"", ""mensaje"": ""Ya existe el nucleo operativo 354 con el mismo nombre y municipio; se requiere conciliacion, no sobrescritura.""}]","[{""campo"": ""geometria"", ""codigo"": ""PARTES_POR_UNIR"", ""mensaje"": ""Las partes con la misma identidad externa se uniran solamente durante la confirmacion.""}]",[],796864.3960,796864.3960,,
454,error,40,XBILINCOX,ejido,4,2507,"[{""campo"": ""nombre_nucleo"", ""codigo"": ""NUCLEO_OPERATIVO_EXISTENTE"", ""mensaje"": ""Ya existe el nucleo operativo 355 con el mismo nombre y municipio; se requiere conciliacion, no sobrescritura.""}]",[],[],28356886.3363,28356886.3363,,
455,error,8,XBONIL,ejido,4,2511,"[{""campo"": ""nombre_nucleo"", ""codigo"": ""NUCLEO_OPERATIVO_EXISTENTE"", ""mensaje"": ""Ya existe el nucleo operativo 356 con el mismo nombre y municipio; se requiere conciliacion, no sobrescritura.""}]","[{""campo"": ""geometria"", ""codigo"": ""PARTES_POR_UNIR"", ""mensaje"": ""Las partes con la misma identidad externa se uniran solamente durante la confirmacion.""}]",[],1937078.8108,1937078.8108,,
456,error,8,XBONIL,ejido,4,2511,"[{""campo"": ""nombre_nucleo"", ""codigo"": ""NUCLEO_OPERATIVO_EXISTENTE"", ""mensaje"": ""Ya existe el nucleo operativo 356 con el mismo nombre y municipio; se requiere conciliacion, no sobrescritura.""}]","[{""campo"": ""geometria"", ""codigo"": ""PARTES_POR_UNIR"", ""mensaje"": ""Las partes con la misma identidad externa se uniran solamente durante la confirmacion.""}]",[],395892229.3886,395892229.3886,,
457,error,8,XBONIL,ejido,4,2511,"[{""campo"": ""nombre_nucleo"", ""codigo"": ""NUCLEO_OPERATIVO_EXISTENTE"", ""mensaje"": ""Ya existe el nucleo operativo 356 con el mismo nombre y municipio; se requiere conciliacion, no sobrescritura.""}]","[{""campo"": ""geometria"", ""codigo"": ""PARTES_POR_UNIR"", ""mensaje"": ""Las partes con la misma identidad externa se uniran solamente durante la confirmacion.""}]",[],28256729.3710,28256729.3710,,
458,error,8,XBONIL,ejido,4,2511,"[{""campo"": ""nombre_nucleo"", ""codigo"": ""NUCLEO_OPERATIVO_EXISTENTE"", ""mensaje"": ""Ya existe el nucleo operativo 356 con el mismo nombre y municipio; se requiere conciliacion, no sobrescritura.""}]","[{""campo"": ""geometria"", ""codigo"": ""PARTES_POR_UNIR"", ""mensaje"": ""Las partes con la misma identidad externa se uniran solamente durante la confirmacion.""}]",[],18156048.8180,18156048.8180,,
459,error,8,XBONIL,ejido,4,2511,"[{""campo"": ""nombre_nucleo"", ""codigo"": ""NUCLEO_OPERATIVO_EXISTENTE"", ""mensaje"": ""Ya existe el nucleo operativo 356 con el mismo nombre y municipio; se requiere conciliacion, no sobrescritura.""}]","[{""campo"": ""geometria"", ""codigo"": ""PARTES_POR_UNIR"", ""mensaje"": ""Las partes con la misma identidad externa se uniran solamente durante la confirmacion.""}]",[],12459219.5463,12459219.5463,,
460,error,15,XCACOCH,ejido,4,2502,"[{""campo"": ""nombre_nucleo"", ""codigo"": ""NUCLEO_OPERATIVO_EXISTENTE"", ""mensaje"": ""Ya existe el nucleo operativo 357 con el mismo nombre y municipio; se requiere conciliacion, no sobrescritura.""}]",[],[],24924046.6490,24924046.6490,,
461,error,107,XCANAHALTUN,ejido,4,2507,"[{""campo"": ""nombre_nucleo"", ""codigo"": ""NUCLEO_OPERATIVO_EXISTENTE"", ""mensaje"": ""Ya existe el nucleo operativo 358 con el mismo nombre y municipio; se requiere conciliacion, no sobrescritura.""}]",[],[],9982395.0779,9982395.0779,,
462,error,108,XCULOC,ejido,4,2507,"[{""campo"": ""nombre_nucleo"", ""codigo"": ""NUCLEO_OPERATIVO_EXISTENTE"", ""mensaje"": ""Ya existe el nucleo operativo 359 con el mismo nombre y municipio; se requiere conciliacion, no sobrescritura.""}]",[],[],52108321.6839,52108321.6839,,
463,error,32,XCUPILCACAB,ejido,4,2507,"[{""campo"": ""nombre_nucleo"", ""codigo"": ""NUCLEO_OPERATIVO_EXISTENTE"", ""mensaje"": ""Ya existe el nucleo operativo 360 con el mismo nombre y municipio; se requiere conciliacion, no sobrescritura.""}]",[],[],65446806.1273,65446806.1273,,
464,error,10,XKANHA,ejido,4,2507,"[{""campo"": ""nombre_nucleo"", ""codigo"": ""NUCLEO_OPERATIVO_EXISTENTE"", ""mensaje"": ""Ya existe el nucleo operativo 361 con el mismo nombre y municipio; se requiere conciliacion, no sobrescritura.""}]",[],[],317115394.7972,317115394.7972,,
465,error,17,XKEULIL,ejido,4,2505,"[{""campo"": ""nombre_nucleo"", ""codigo"": ""NUCLEO_OPERATIVO_EXISTENTE"", ""mensaje"": ""Ya existe el nucleo operativo 362 con el mismo nombre y municipio; se requiere conciliacion, no sobrescritura.""}]","[{""campo"": ""geometria"", ""codigo"": ""PARTES_POR_UNIR"", ""mensaje"": ""Las partes con la misma identidad externa se uniran solamente durante la confirmacion.""}]",[],14024132.0347,14024132.0347,,
466,error,17,XKEULIL,ejido,4,2505,"[{""campo"": ""nombre_nucleo"", ""codigo"": ""NUCLEO_OPERATIVO_EXISTENTE"", ""mensaje"": ""Ya existe el nucleo operativo 362 con el mismo nombre y municipio; se requiere conciliacion, no sobrescritura.""}]","[{""campo"": ""geometria"", ""codigo"": ""PARTES_POR_UNIR"", ""mensaje"": ""Las partes con la misma identidad externa se uniran solamente durante la confirmacion.""}]",[],13307423.0396,13307423.0396,,
467,error,29,XKIX,ejido,4,2507,"[{""campo"": ""nombre_nucleo"", ""codigo"": ""NUCLEO_OPERATIVO_EXISTENTE"", ""mensaje"": ""Ya existe el nucleo operativo 363 con el mismo nombre y municipio; se requiere conciliacion, no sobrescritura.""}]",[],[],10642207.1577,10642207.1577,,
468,error,2,XKUNCHEIL,ejido,4,2509,"[{""campo"": ""nombre_nucleo"", ""codigo"": ""NUCLEO_OPERATIVO_EXISTENTE"", ""mensaje"": ""Ya existe el nucleo operativo 364 con el mismo nombre y municipio; se requiere conciliacion, no sobrescritura.""}]","[{""campo"": ""geometria"", ""codigo"": ""PARTES_POR_UNIR"", ""mensaje"": ""Las partes con la misma identidad externa se uniran solamente durante la confirmacion.""}]",[],1428545.2546,1428545.2546,,
469,error,2,XKUNCHEIL,ejido,4,2509,"[{""campo"": ""nombre_nucleo"", ""codigo"": ""NUCLEO_OPERATIVO_EXISTENTE"", ""mensaje"": ""Ya existe el nucleo operativo 364 con el mismo nombre y municipio; se requiere conciliacion, no sobrescritura.""}]","[{""campo"": ""geometria"", ""codigo"": ""PARTES_POR_UNIR"", ""mensaje"": ""Las partes con la misma identidad externa se uniran solamente durante la confirmacion.""}]",[],10266580.6150,10266580.6150,,
470,error,6,XMABEN,ejido,4,2507,"[{""campo"": ""nombre_nucleo"", ""codigo"": ""NUCLEO_OPERATIVO_EXISTENTE"", ""mensaje"": ""Ya existe el nucleo operativo 365 con el mismo nombre y municipio; se requiere conciliacion, no sobrescritura.""}]",[],[],311359284.3973,311359284.3973,,
471,error,12,XMEJIA,ejido,4,2507,"[{""campo"": ""nombre_nucleo"", ""codigo"": ""NUCLEO_OPERATIVO_EXISTENTE"", ""mensaje"": ""Ya existe el nucleo operativo 366 con el mismo nombre y municipio; se requiere conciliacion, no sobrescritura.""}]",[],[],163998537.5732,163998537.5732,,
472,error,18,XNOLAN,ejido,4,2502,"[{""campo"": ""nombre_nucleo"", ""codigo"": ""NUCLEO_OPERATIVO_EXISTENTE"", ""mensaje"": ""Ya existe el nucleo operativo 367 con el mismo nombre y municipio; se requiere conciliacion, no sobrescritura.""}]",[],[],17941399.9704,17941399.9704,,
473,error,69,XPUJIL,ejido,4,2511,"[{""campo"": ""nombre_nucleo"", ""codigo"": ""NUCLEO_OPERATIVO_EXISTENTE"", ""mensaje"": ""Ya existe el nucleo operativo 368 con el mismo nombre y municipio; se requiere conciliacion, no sobrescritura.""}]",[],[],88441983.6916,88441983.6916,,
474,error,13,YALNON,ejido,4,2506,"[{""campo"": ""nombre_nucleo"", ""codigo"": ""NUCLEO_OPERATIVO_EXISTENTE"", ""mensaje"": ""Ya existe el nucleo operativo 369 con el mismo nombre y municipio; se requiere conciliacion, no sobrescritura.""}]",[],[],23840296.2517,23840296.2517,,
475,error,6,YAXCAB,ejido,4,2503,"[{""campo"": ""nombre_nucleo"", ""codigo"": ""NUCLEO_OPERATIVO_EXISTENTE"", ""mensaje"": ""Ya existe el nucleo operativo 370 con el mismo nombre y municipio; se requiere conciliacion, no sobrescritura.""}]","[{""campo"": ""geometria"", ""codigo"": ""PARTES_POR_UNIR"", ""mensaje"": ""Las partes con la misma identidad externa se uniran solamente durante la confirmacion.""}]",[],6373434.6496,6373434.6496,,
476,error,6,YAXCAB,ejido,4,2503,"[{""campo"": ""nombre_nucleo"", ""codigo"": ""NUCLEO_OPERATIVO_EXISTENTE"", ""mensaje"": ""Ya existe el nucleo operativo 370 con el mismo nombre y municipio; se requiere conciliacion, no sobrescritura.""}]","[{""campo"": ""geometria"", ""codigo"": ""PARTES_POR_UNIR"", ""mensaje"": ""Las partes con la misma identidad externa se uniran solamente durante la confirmacion.""}]",[],3978839.1021,3978839.1021,,
477,error,6,YAXCAB,ejido,4,2503,"[{""campo"": ""nombre_nucleo"", ""codigo"": ""NUCLEO_OPERATIVO_EXISTENTE"", ""mensaje"": ""Ya existe el nucleo operativo 370 con el mismo nombre y municipio; se requiere conciliacion, no sobrescritura.""}]","[{""campo"": ""geometria"", ""codigo"": ""PARTES_POR_UNIR"", ""mensaje"": ""Las partes con la misma identidad externa se uniran solamente durante la confirmacion.""}]",[],2429957.5854,2429957.5854,,
478,error,6,YAXCAB,ejido,4,2503,"[{""campo"": ""nombre_nucleo"", ""codigo"": ""NUCLEO_OPERATIVO_EXISTENTE"", ""mensaje"": ""Ya existe el nucleo operativo 370 con el mismo nombre y municipio; se requiere conciliacion, no sobrescritura.""}]","[{""campo"": ""geometria"", ""codigo"": ""PARTES_POR_UNIR"", ""mensaje"": ""Las partes con la misma identidad externa se uniran solamente durante la confirmacion.""}]",[],20121610.5091,20121610.5091,,
479,error,25,YAXCHE,ejido,4,2507,"[{""campo"": ""nombre_nucleo"", ""codigo"": ""NUCLEO_OPERATIVO_EXISTENTE"", ""mensaje"": ""Ya existe el nucleo operativo 371 con el mismo nombre y municipio; se requiere conciliacion, no sobrescritura.""}]","[{""campo"": ""geometria"", ""codigo"": ""PARTES_POR_UNIR"", ""mensaje"": ""Las partes con la misma identidad externa se uniran solamente durante la confirmacion.""}]",[],20498382.3527,20498382.3527,,
480,error,25,YAXCHE,ejido,4,2507,"[{""campo"": ""nombre_nucleo"", ""codigo"": ""NUCLEO_OPERATIVO_EXISTENTE"", ""mensaje"": ""Ya existe el nucleo operativo 371 con el mismo nombre y municipio; se requiere conciliacion, no sobrescritura.""}]","[{""campo"": ""geometria"", ""codigo"": ""PARTES_POR_UNIR"", ""mensaje"": ""Las partes con la misma identidad externa se uniran solamente durante la confirmacion.""}]",[],61153692.1934,61153692.1934,,
481,error,38,YAXCHE AKAL,ejido,4,2507,"[{""campo"": ""nombre_nucleo"", ""codigo"": ""NUCLEO_OPERATIVO_EXISTENTE"", ""mensaje"": ""Ya existe el nucleo operativo 372 con el mismo nombre y municipio; se requiere conciliacion, no sobrescritura.""}]",[],[],14797550.9013,14797550.9013,,
482,error,32,YOHALTUN,ejido,4,2505,"[{""campo"": ""nombre_nucleo"", ""codigo"": ""NUCLEO_OPERATIVO_EXISTENTE"", ""mensaje"": ""Ya existe el nucleo operativo 373 con el mismo nombre y municipio; se requiere conciliacion, no sobrescritura.""}]","[{""campo"": ""geometria"", ""codigo"": ""PARTES_POR_UNIR"", ""mensaje"": ""Las partes con la misma identidad externa se uniran solamente durante la confirmacion.""}]",[],11182419.1597,11182419.1597,,
483,error,32,YOHALTUN,ejido,4,2505,"[{""campo"": ""nombre_nucleo"", ""codigo"": ""NUCLEO_OPERATIVO_EXISTENTE"", ""mensaje"": ""Ya existe el nucleo operativo 373 con el mismo nombre y municipio; se requiere conciliacion, no sobrescritura.""}]","[{""campo"": ""geometria"", ""codigo"": ""PARTES_POR_UNIR"", ""mensaje"": ""Las partes con la misma identidad externa se uniran solamente durante la confirmacion.""}]",[],27122520.4841,27122520.4841,,
484,error,32,YOHALTUN,ejido,4,2505,"[{""campo"": ""nombre_nucleo"", ""codigo"": ""NUCLEO_OPERATIVO_EXISTENTE"", ""mensaje"": ""Ya existe el nucleo operativo 373 con el mismo nombre y municipio; se requiere conciliacion, no sobrescritura.""}]","[{""campo"": ""geometria"", ""codigo"": ""PARTES_POR_UNIR"", ""mensaje"": ""Las partes con la misma identidad externa se uniran solamente durante la confirmacion.""}]",[],139733045.4009,139733045.4009,,
485,error,108,ZARAGOZA,ejido,4,2504,"[{""campo"": ""nombre_nucleo"", ""codigo"": ""NUCLEO_OPERATIVO_EXISTENTE"", ""mensaje"": ""Ya existe el nucleo operativo 374 con el mismo nombre y municipio; se requiere conciliacion, no sobrescritura.""}]",[],[],45133453.7569,45133453.7569,,
