archivo,hoja,columna_excel,bloque_encabezado,nombre_exacto_excel,significado_normalizado,ambito,tabla_columna_bd,schema_pydantic,endpoint,pantalla_control_ui,estado
PROYECTOS VÍAS SEGUIMIENTO GENERAL.xlsx,INFORME GENERAL,A,General,PROYECTO,proyecto ferroviario,general,proyecto.nombre_proyecto,Proyecto,/api/proyectos,Selector de contexto · Proyecto,OK
PROYECTOS VÍAS SEGUIMIENTO GENERAL.xlsx,INFORME GENERAL,B,General,TOTAL DE NÚCLEOS AGRARIOS,total de núcleos derivado,general,vw_dashboard_kpi,DashboardKPI,/api/dashboard,Dashboard,DERIVADO
PROYECTOS VÍAS SEGUIMIENTO GENERAL.xlsx,INFORME GENERAL,C,SENSIBILIZACIÓN,Programado,indicador agregado,general,vw_dashboard_kpi,DashboardKPI,/api/dashboard,Dashboard,DERIVADO
PROYECTOS VÍAS SEGUIMIENTO GENERAL.xlsx,INFORME GENERAL,D,SENSIBILIZACIÓN,Realizado,indicador agregado,general,vw_dashboard_kpi,DashboardKPI,/api/dashboard,Dashboard,DERIVADO
PROYECTOS VÍAS SEGUIMIENTO GENERAL.xlsx,INFORME GENERAL,E,CAMINAMIENTO,Programado,indicador agregado,general,vw_dashboard_kpi,DashboardKPI,/api/dashboard,Dashboard,DERIVADO
PROYECTOS VÍAS SEGUIMIENTO GENERAL.xlsx,INFORME GENERAL,F,CAMINAMIENTO,Realizado,indicador agregado,general,vw_dashboard_kpi,DashboardKPI,/api/dashboard,Dashboard,DERIVADO
PROYECTOS VÍAS SEGUIMIENTO GENERAL.xlsx,INFORME GENERAL,G,ASAMBLEA DE ANUENCIA Y APROBACIÓN DEL CONVENIO DE OCUPACIÓN PREVIA (COP) → Asambleas,Programado,indicador agregado,general,vw_dashboard_kpi,DashboardKPI,/api/dashboard,Dashboard,DERIVADO
PROYECTOS VÍAS SEGUIMIENTO GENERAL.xlsx,INFORME GENERAL,H,ASAMBLEA DE ANUENCIA Y APROBACIÓN DEL CONVENIO DE OCUPACIÓN PREVIA (COP) → Asambleas,Realizado,indicador agregado,general,vw_dashboard_kpi,DashboardKPI,/api/dashboard,Dashboard,DERIVADO
PROYECTOS VÍAS SEGUIMIENTO GENERAL.xlsx,INFORME GENERAL,I,ASAMBLEA DE ANUENCIA Y APROBACIÓN DEL CONVENIO DE OCUPACIÓN PREVIA (COP) → Ingreso al RAN,Programado,indicador agregado,general,vw_dashboard_kpi,DashboardKPI,/api/dashboard,Dashboard,DERIVADO
PROYECTOS VÍAS SEGUIMIENTO GENERAL.xlsx,INFORME GENERAL,J,ASAMBLEA DE ANUENCIA Y APROBACIÓN DEL CONVENIO DE OCUPACIÓN PREVIA (COP) → Ingreso al RAN,Realizado,indicador agregado,general,vw_dashboard_kpi,DashboardKPI,/api/dashboard,Dashboard,DERIVADO
PROYECTOS VÍAS SEGUIMIENTO GENERAL.xlsx,INFORME GENERAL,K,ASAMBLEA DE ANUENCIA Y APROBACIÓN DEL CONVENIO DE OCUPACIÓN PREVIA (COP) → Acta Inscrita en el RAN,Programado,indicador agregado,general,vw_dashboard_kpi,DashboardKPI,/api/dashboard,Dashboard,DERIVADO
PROYECTOS VÍAS SEGUIMIENTO GENERAL.xlsx,INFORME GENERAL,L,ASAMBLEA DE ANUENCIA Y APROBACIÓN DEL CONVENIO DE OCUPACIÓN PREVIA (COP) → Acta Inscrita en el RAN,Realizado,indicador agregado,general,vw_dashboard_kpi,DashboardKPI,/api/dashboard,Dashboard,DERIVADO
PROYECTOS VÍAS SEGUIMIENTO GENERAL.xlsx,INFORME GENERAL,M,CONVENIO DE OCUPACIÓN PREVIA - INSCRIPCIÓN → Convenio firmado,Programado,indicador agregado,general,vw_dashboard_kpi,DashboardKPI,/api/dashboard,Dashboard,DERIVADO
PROYECTOS VÍAS SEGUIMIENTO GENERAL.xlsx,INFORME GENERAL,N,CONVENIO DE OCUPACIÓN PREVIA - INSCRIPCIÓN → Convenio firmado,Realizado,indicador agregado,general,vw_dashboard_kpi,DashboardKPI,/api/dashboard,Dashboard,DERIVADO
PROYECTOS VÍAS SEGUIMIENTO GENERAL.xlsx,INFORME GENERAL,O,CONVENIO DE OCUPACIÓN PREVIA - INSCRIPCIÓN → COP Ingreso al RAN,Programado,indicador agregado,general,vw_dashboard_kpi,DashboardKPI,/api/dashboard,Dashboard,DERIVADO
PROYECTOS VÍAS SEGUIMIENTO GENERAL.xlsx,INFORME GENERAL,P,CONVENIO DE OCUPACIÓN PREVIA - INSCRIPCIÓN → COP Ingreso al RAN,Realizado,indicador agregado,general,vw_dashboard_kpi,DashboardKPI,/api/dashboard,Dashboard,DERIVADO
PROYECTOS VÍAS SEGUIMIENTO GENERAL.xlsx,INFORME GENERAL,Q,CONVENIO DE OCUPACIÓN PREVIA - INSCRIPCIÓN → COP Inscrito RAN,Programado,indicador agregado,general,vw_dashboard_kpi,DashboardKPI,/api/dashboard,Dashboard,DERIVADO
PROYECTOS VÍAS SEGUIMIENTO GENERAL.xlsx,INFORME GENERAL,R,CONVENIO DE OCUPACIÓN PREVIA - INSCRIPCIÓN → COP Inscrito RAN,Realizado,indicador agregado,general,vw_dashboard_kpi,DashboardKPI,/api/dashboard,Dashboard,DERIVADO
PROYECTOS VÍAS SEGUIMIENTO GENERAL.xlsx,INFORME GENERAL,S,CONVENIO MODIFICATORIO-INSCRIPCIÓN → Convenio firmado,Programado,indicador agregado,general,vw_dashboard_kpi,DashboardKPI,/api/dashboard,Dashboard,DERIVADO
PROYECTOS VÍAS SEGUIMIENTO GENERAL.xlsx,INFORME GENERAL,T,CONVENIO MODIFICATORIO-INSCRIPCIÓN → Convenio firmado,Realizado,indicador agregado,general,vw_dashboard_kpi,DashboardKPI,/api/dashboard,Dashboard,DERIVADO
PROYECTOS VÍAS SEGUIMIENTO GENERAL.xlsx,INFORME GENERAL,U,CONVENIO MODIFICATORIO-INSCRIPCIÓN → CONVENIO Ingreso al RAN,Programado,indicador agregado,general,vw_dashboard_kpi,DashboardKPI,/api/dashboard,Dashboard,DERIVADO
PROYECTOS VÍAS SEGUIMIENTO GENERAL.xlsx,INFORME GENERAL,V,CONVENIO MODIFICATORIO-INSCRIPCIÓN → CONVENIO Ingreso al RAN,Realizado,indicador agregado,general,vw_dashboard_kpi,DashboardKPI,/api/dashboard,Dashboard,DERIVADO
PROYECTOS VÍAS SEGUIMIENTO GENERAL.xlsx,INFORME GENERAL,W,CONVENIO MODIFICATORIO-INSCRIPCIÓN → CONVENIO Inscrito RAN,Programado,indicador agregado,general,vw_dashboard_kpi,DashboardKPI,/api/dashboard,Dashboard,DERIVADO
PROYECTOS VÍAS SEGUIMIENTO GENERAL.xlsx,INFORME GENERAL,X,CONVENIO MODIFICATORIO-INSCRIPCIÓN → CONVENIO Inscrito RAN,Realizado,indicador agregado,general,vw_dashboard_kpi,DashboardKPI,/api/dashboard,Dashboard,DERIVADO
PROYECTOS VÍAS SEGUIMIENTO GENERAL.xlsx,INFORME GENERAL,Y,ASAMBLEA DE ANUENCIA Y APROBACIÓN DE CONVENIO SUPERFICIE ADICIONAL → Caminamiento,Programado,indicador agregado,general,vw_dashboard_kpi,DashboardKPI,/api/dashboard,Dashboard,DERIVADO
PROYECTOS VÍAS SEGUIMIENTO GENERAL.xlsx,INFORME GENERAL,Z,ASAMBLEA DE ANUENCIA Y APROBACIÓN DE CONVENIO SUPERFICIE ADICIONAL → Caminamiento,Realizado,indicador agregado,general,vw_dashboard_kpi,DashboardKPI,/api/dashboard,Dashboard,DERIVADO
PROYECTOS VÍAS SEGUIMIENTO GENERAL.xlsx,INFORME GENERAL,AA,ASAMBLEA DE ANUENCIA Y APROBACIÓN DE CONVENIO SUPERFICIE ADICIONAL → Asambleas,Programado,indicador agregado,general,vw_dashboard_kpi,DashboardKPI,/api/dashboard,Dashboard,DERIVADO
PROYECTOS VÍAS SEGUIMIENTO GENERAL.xlsx,INFORME GENERAL,AB,ASAMBLEA DE ANUENCIA Y APROBACIÓN DE CONVENIO SUPERFICIE ADICIONAL → Asambleas,Realizado,indicador agregado,general,vw_dashboard_kpi,DashboardKPI,/api/dashboard,Dashboard,DERIVADO
PROYECTOS VÍAS SEGUIMIENTO GENERAL.xlsx,INFORME GENERAL,AC,ASAMBLEA DE ANUENCIA Y APROBACIÓN DE CONVENIO SUPERFICIE ADICIONAL → Ingreso al RAN,Programado,indicador agregado,general,vw_dashboard_kpi,DashboardKPI,/api/dashboard,Dashboard,DERIVADO
PROYECTOS VÍAS SEGUIMIENTO GENERAL.xlsx,INFORME GENERAL,AD,ASAMBLEA DE ANUENCIA Y APROBACIÓN DE CONVENIO SUPERFICIE ADICIONAL → Ingreso al RAN,Realizado,indicador agregado,general,vw_dashboard_kpi,DashboardKPI,/api/dashboard,Dashboard,DERIVADO
PROYECTOS VÍAS SEGUIMIENTO GENERAL.xlsx,INFORME GENERAL,AE,ASAMBLEA DE ANUENCIA Y APROBACIÓN DE CONVENIO SUPERFICIE ADICIONAL → Acta Inscrita en el RAN,Programado,indicador agregado,general,vw_dashboard_kpi,DashboardKPI,/api/dashboard,Dashboard,DERIVADO
PROYECTOS VÍAS SEGUIMIENTO GENERAL.xlsx,INFORME GENERAL,AF,ASAMBLEA DE ANUENCIA Y APROBACIÓN DE CONVENIO SUPERFICIE ADICIONAL → Acta Inscrita en el RAN,Realizado,indicador agregado,general,vw_dashboard_kpi,DashboardKPI,/api/dashboard,Dashboard,DERIVADO
PROYECTOS VÍAS SEGUIMIENTO GENERAL.xlsx,INFORME GENERAL,AG,ASAMBLEA DE ANUENCIA Y APROBACIÓN DE CONVENIO SUPERFICIE ADICIONAL → Convenio firmado,Programado,indicador agregado,general,vw_dashboard_kpi,DashboardKPI,/api/dashboard,Dashboard,DERIVADO
PROYECTOS VÍAS SEGUIMIENTO GENERAL.xlsx,INFORME GENERAL,AH,ASAMBLEA DE ANUENCIA Y APROBACIÓN DE CONVENIO SUPERFICIE ADICIONAL → Convenio firmado,Realizado,indicador agregado,general,vw_dashboard_kpi,DashboardKPI,/api/dashboard,Dashboard,DERIVADO
PROYECTOS VÍAS SEGUIMIENTO GENERAL.xlsx,INFORME GENERAL,AI,ASAMBLEA DE ANUENCIA Y APROBACIÓN DE CONVENIO SUPERFICIE ADICIONAL → CONVENIO Ingreso al RAN,Programado,indicador agregado,general,vw_dashboard_kpi,DashboardKPI,/api/dashboard,Dashboard,DERIVADO
PROYECTOS VÍAS SEGUIMIENTO GENERAL.xlsx,INFORME GENERAL,AJ,ASAMBLEA DE ANUENCIA Y APROBACIÓN DE CONVENIO SUPERFICIE ADICIONAL → CONVENIO Ingreso al RAN,Realizado,indicador agregado,general,vw_dashboard_kpi,DashboardKPI,/api/dashboard,Dashboard,DERIVADO
PROYECTOS VÍAS SEGUIMIENTO GENERAL.xlsx,INFORME GENERAL,AK,ASAMBLEA DE ANUENCIA Y APROBACIÓN DE CONVENIO SUPERFICIE ADICIONAL → CONVENIO Inscrito RAN,Programado,indicador agregado,general,vw_dashboard_kpi,DashboardKPI,/api/dashboard,Dashboard,DERIVADO
PROYECTOS VÍAS SEGUIMIENTO GENERAL.xlsx,INFORME GENERAL,AL,ASAMBLEA DE ANUENCIA Y APROBACIÓN DE CONVENIO SUPERFICIE ADICIONAL → CONVENIO Inscrito RAN,Realizado,indicador agregado,general,vw_dashboard_kpi,DashboardKPI,/api/dashboard,Dashboard,DERIVADO
PROYECTOS VÍAS SEGUIMIENTO GENERAL.xlsx,INFORME GENERAL,AM,OBRAS COMPLEMENTARIAS → Caminamiento,Programado,indicador agregado,general,vw_dashboard_kpi,DashboardKPI,/api/dashboard,Dashboard,DERIVADO
PROYECTOS VÍAS SEGUIMIENTO GENERAL.xlsx,INFORME GENERAL,AN,OBRAS COMPLEMENTARIAS → Caminamiento,Realizado,indicador agregado,general,vw_dashboard_kpi,DashboardKPI,/api/dashboard,Dashboard,DERIVADO
PROYECTOS VÍAS SEGUIMIENTO GENERAL.xlsx,INFORME GENERAL,AO,OBRAS COMPLEMENTARIAS → Asambleas para aceptación de firma de COP,Programado,indicador agregado,general,vw_dashboard_kpi,DashboardKPI,/api/dashboard,Dashboard,DERIVADO
PROYECTOS VÍAS SEGUIMIENTO GENERAL.xlsx,INFORME GENERAL,AP,OBRAS COMPLEMENTARIAS → Asambleas para aceptación de firma de COP,Realizado,indicador agregado,general,vw_dashboard_kpi,DashboardKPI,/api/dashboard,Dashboard,DERIVADO
PROYECTOS VÍAS SEGUIMIENTO GENERAL.xlsx,INFORME GENERAL,AQ,OBRAS COMPLEMENTARIAS → Ingreso al RAN,Programado,indicador agregado,general,vw_dashboard_kpi,DashboardKPI,/api/dashboard,Dashboard,DERIVADO
PROYECTOS VÍAS SEGUIMIENTO GENERAL.xlsx,INFORME GENERAL,AR,OBRAS COMPLEMENTARIAS → Ingreso al RAN,Realizado,indicador agregado,general,vw_dashboard_kpi,DashboardKPI,/api/dashboard,Dashboard,DERIVADO
PROYECTOS VÍAS SEGUIMIENTO GENERAL.xlsx,INFORME GENERAL,AS,OBRAS COMPLEMENTARIAS → Acta Inscrita en el RAN,Programado,indicador agregado,general,vw_dashboard_kpi,DashboardKPI,/api/dashboard,Dashboard,DERIVADO
PROYECTOS VÍAS SEGUIMIENTO GENERAL.xlsx,INFORME GENERAL,AT,OBRAS COMPLEMENTARIAS → Acta Inscrita en el RAN,Realizado,indicador agregado,general,vw_dashboard_kpi,DashboardKPI,/api/dashboard,Dashboard,DERIVADO
PROYECTOS VÍAS SEGUIMIENTO GENERAL.xlsx,INFORME GENERAL,AU,OBRAS COMPLEMENTARIAS → Convenio firmado,Programado,indicador agregado,general,vw_dashboard_kpi,DashboardKPI,/api/dashboard,Dashboard,DERIVADO
PROYECTOS VÍAS SEGUIMIENTO GENERAL.xlsx,INFORME GENERAL,AV,OBRAS COMPLEMENTARIAS → Convenio firmado,Realizado,indicador agregado,general,vw_dashboard_kpi,DashboardKPI,/api/dashboard,Dashboard,DERIVADO
PROYECTOS VÍAS SEGUIMIENTO GENERAL.xlsx,INFORME GENERAL,AW,OBRAS COMPLEMENTARIAS → CONVENIO Ingreso al RAN,Programado,indicador agregado,general,vw_dashboard_kpi,DashboardKPI,/api/dashboard,Dashboard,DERIVADO
PROYECTOS VÍAS SEGUIMIENTO GENERAL.xlsx,INFORME GENERAL,AX,OBRAS COMPLEMENTARIAS → CONVENIO Ingreso al RAN,Realizado,indicador agregado,general,vw_dashboard_kpi,DashboardKPI,/api/dashboard,Dashboard,DERIVADO
PROYECTOS VÍAS SEGUIMIENTO GENERAL.xlsx,INFORME GENERAL,AY,OBRAS COMPLEMENTARIAS → CONVENIO Inscrito RAN,Programado,indicador agregado,general,vw_dashboard_kpi,DashboardKPI,/api/dashboard,Dashboard,DERIVADO
PROYECTOS VÍAS SEGUIMIENTO GENERAL.xlsx,INFORME GENERAL,AZ,OBRAS COMPLEMENTARIAS → CONVENIO Inscrito RAN,Realizado,indicador agregado,general,vw_dashboard_kpi,DashboardKPI,/api/dashboard,Dashboard,DERIVADO
PROYECTOS VÍAS SEGUIMIENTO GENERAL.xlsx,INFORME GENERAL,BA,ASAMBLEAS RETIRO DE FONDOS → Asamblea,Programado,indicador agregado,general,vw_dashboard_kpi,DashboardKPI,/api/dashboard,Dashboard,DERIVADO
PROYECTOS VÍAS SEGUIMIENTO GENERAL.xlsx,INFORME GENERAL,BB,ASAMBLEAS RETIRO DE FONDOS → Asamblea,Realizado,indicador agregado,general,vw_dashboard_kpi,DashboardKPI,/api/dashboard,Dashboard,DERIVADO
PROYECTOS VÍAS SEGUIMIENTO GENERAL.xlsx,INFORME GENERAL,BC,ASAMBLEAS RETIRO DE FONDOS → Ingreso al RAN,Programado,indicador agregado,general,vw_dashboard_kpi,DashboardKPI,/api/dashboard,Dashboard,DERIVADO
PROYECTOS VÍAS SEGUIMIENTO GENERAL.xlsx,INFORME GENERAL,BD,ASAMBLEAS RETIRO DE FONDOS → Ingreso al RAN,Realizado,indicador agregado,general,vw_dashboard_kpi,DashboardKPI,/api/dashboard,Dashboard,DERIVADO
PROYECTOS VÍAS SEGUIMIENTO GENERAL.xlsx,INFORME GENERAL,BE,ASAMBLEAS RETIRO DE FONDOS → Acta Inscrita en el RAN,Programado,indicador agregado,general,vw_dashboard_kpi,DashboardKPI,/api/dashboard,Dashboard,DERIVADO
PROYECTOS VÍAS SEGUIMIENTO GENERAL.xlsx,INFORME GENERAL,BF,ASAMBLEAS RETIRO DE FONDOS → Acta Inscrita en el RAN,Realizado,indicador agregado,general,vw_dashboard_kpi,DashboardKPI,/api/dashboard,Dashboard,DERIVADO
PROYECTOS VÍAS SEGUIMIENTO GENERAL.xlsx,INFORME GENERAL,BG,General,Expropiación directa,indicador agregado,general,vw_dashboard_kpi,DashboardKPI,/api/dashboard,Dashboard,DERIVADO
PROYECTOS VÍAS SEGUIMIENTO GENERAL.xlsx,COP´S COLECTIVOS,A,General,(encabezado vacío dentro del bloque físico),indicador agregado,general,vw_dashboard_kpi,DashboardKPI,/api/dashboard,Dashboard,DERIVADO
PROYECTOS VÍAS SEGUIMIENTO GENERAL.xlsx,COP´S COLECTIVOS,B,OCUPACIÓN PREVIA → COP´S FIRMADOS,M-Q,indicador agregado,general,vw_dashboard_kpi,DashboardKPI,/api/dashboard,Dashboard,DERIVADO
PROYECTOS VÍAS SEGUIMIENTO GENERAL.xlsx,COP´S COLECTIVOS,C,OCUPACIÓN PREVIA → COP´S FIRMADOS,A-P,indicador agregado,general,vw_dashboard_kpi,DashboardKPI,/api/dashboard,Dashboard,DERIVADO
PROYECTOS VÍAS SEGUIMIENTO GENERAL.xlsx,COP´S COLECTIVOS,D,OCUPACIÓN PREVIA → COP´S FIRMADOS,Q-I,indicador agregado,general,vw_dashboard_kpi,DashboardKPI,/api/dashboard,Dashboard,DERIVADO
PROYECTOS VÍAS SEGUIMIENTO GENERAL.xlsx,COP´S COLECTIVOS,E,OCUPACIÓN PREVIA → COP´S FIRMADOS,S-NL,indicador agregado,general,vw_dashboard_kpi,DashboardKPI,/api/dashboard,Dashboard,DERIVADO
PROYECTOS VÍAS SEGUIMIENTO GENERAL.xlsx,COP´S COLECTIVOS,F,OCUPACIÓN PREVIA → COP´S FIRMADOS,DOS BOCAS,indicador agregado,general,vw_dashboard_kpi,DashboardKPI,/api/dashboard,Dashboard,DERIVADO
PROYECTOS VÍAS SEGUIMIENTO GENERAL.xlsx,COP´S COLECTIVOS,G,OCUPACIÓN PREVIA → COP´S INGRESADOS,M-Q,indicador agregado,general,vw_dashboard_kpi,DashboardKPI,/api/dashboard,Dashboard,DERIVADO
PROYECTOS VÍAS SEGUIMIENTO GENERAL.xlsx,COP´S COLECTIVOS,H,OCUPACIÓN PREVIA → COP´S INGRESADOS,A-P,indicador agregado,general,vw_dashboard_kpi,DashboardKPI,/api/dashboard,Dashboard,DERIVADO
PROYECTOS VÍAS SEGUIMIENTO GENERAL.xlsx,COP´S COLECTIVOS,I,OCUPACIÓN PREVIA → COP´S INGRESADOS,Q-I,indicador agregado,general,vw_dashboard_kpi,DashboardKPI,/api/dashboard,Dashboard,DERIVADO
PROYECTOS VÍAS SEGUIMIENTO GENERAL.xlsx,COP´S COLECTIVOS,J,OCUPACIÓN PREVIA → COP´S INGRESADOS,S-NL,indicador agregado,general,vw_dashboard_kpi,DashboardKPI,/api/dashboard,Dashboard,DERIVADO
PROYECTOS VÍAS SEGUIMIENTO GENERAL.xlsx,COP´S COLECTIVOS,K,OCUPACIÓN PREVIA → COP´S INGRESADOS,DOS BOCAS,indicador agregado,general,vw_dashboard_kpi,DashboardKPI,/api/dashboard,Dashboard,DERIVADO
PROYECTOS VÍAS SEGUIMIENTO GENERAL.xlsx,COP´S COLECTIVOS,L,OCUPACIÓN PREVIA → COP´S INSCRITOS,M-Q,indicador agregado,general,vw_dashboard_kpi,DashboardKPI,/api/dashboard,Dashboard,DERIVADO
PROYECTOS VÍAS SEGUIMIENTO GENERAL.xlsx,COP´S COLECTIVOS,M,OCUPACIÓN PREVIA → COP´S INSCRITOS,A-P,indicador agregado,general,vw_dashboard_kpi,DashboardKPI,/api/dashboard,Dashboard,DERIVADO
PROYECTOS VÍAS SEGUIMIENTO GENERAL.xlsx,COP´S COLECTIVOS,N,OCUPACIÓN PREVIA → COP´S INSCRITOS,Q-I,indicador agregado,general,vw_dashboard_kpi,DashboardKPI,/api/dashboard,Dashboard,DERIVADO
PROYECTOS VÍAS SEGUIMIENTO GENERAL.xlsx,COP´S COLECTIVOS,O,OCUPACIÓN PREVIA → COP´S INSCRITOS,S-NL,indicador agregado,general,vw_dashboard_kpi,DashboardKPI,/api/dashboard,Dashboard,DERIVADO
PROYECTOS VÍAS SEGUIMIENTO GENERAL.xlsx,COP´S COLECTIVOS,P,OCUPACIÓN PREVIA → COP´S INSCRITOS,DOS BOCAS,indicador agregado,general,vw_dashboard_kpi,DashboardKPI,/api/dashboard,Dashboard,DERIVADO
PROYECTOS VÍAS SEGUIMIENTO GENERAL.xlsx,COP´S COLECTIVOS,Q,MODIFICATORIO → COP´S FIRMADOS,M-Q,indicador agregado,general,vw_dashboard_kpi,DashboardKPI,/api/dashboard,Dashboard,DERIVADO
PROYECTOS VÍAS SEGUIMIENTO GENERAL.xlsx,COP´S COLECTIVOS,R,MODIFICATORIO → COP´S FIRMADOS,A-P,indicador agregado,general,vw_dashboard_kpi,DashboardKPI,/api/dashboard,Dashboard,DERIVADO
PROYECTOS VÍAS SEGUIMIENTO GENERAL.xlsx,COP´S COLECTIVOS,S,MODIFICATORIO → COP´S FIRMADOS,Q-I,indicador agregado,general,vw_dashboard_kpi,DashboardKPI,/api/dashboard,Dashboard,DERIVADO
PROYECTOS VÍAS SEGUIMIENTO GENERAL.xlsx,COP´S COLECTIVOS,T,MODIFICATORIO → COP´S FIRMADOS,S-NL,indicador agregado,general,vw_dashboard_kpi,DashboardKPI,/api/dashboard,Dashboard,DERIVADO
PROYECTOS VÍAS SEGUIMIENTO GENERAL.xlsx,COP´S COLECTIVOS,U,MODIFICATORIO → COP´S FIRMADOS,DOS BOCAS,indicador agregado,general,vw_dashboard_kpi,DashboardKPI,/api/dashboard,Dashboard,DERIVADO
PROYECTOS VÍAS SEGUIMIENTO GENERAL.xlsx,COP´S COLECTIVOS,V,MODIFICATORIO → COP´S INGRESADOS,M-Q,indicador agregado,general,vw_dashboard_kpi,DashboardKPI,/api/dashboard,Dashboard,DERIVADO
PROYECTOS VÍAS SEGUIMIENTO GENERAL.xlsx,COP´S COLECTIVOS,W,MODIFICATORIO → COP´S INGRESADOS,A-P,indicador agregado,general,vw_dashboard_kpi,DashboardKPI,/api/dashboard,Dashboard,DERIVADO
PROYECTOS VÍAS SEGUIMIENTO GENERAL.xlsx,COP´S COLECTIVOS,X,MODIFICATORIO → COP´S INGRESADOS,Q-I,indicador agregado,general,vw_dashboard_kpi,DashboardKPI,/api/dashboard,Dashboard,DERIVADO
PROYECTOS VÍAS SEGUIMIENTO GENERAL.xlsx,COP´S COLECTIVOS,Y,MODIFICATORIO → COP´S INGRESADOS,S-NL,indicador agregado,general,vw_dashboard_kpi,DashboardKPI,/api/dashboard,Dashboard,DERIVADO
PROYECTOS VÍAS SEGUIMIENTO GENERAL.xlsx,COP´S COLECTIVOS,Z,MODIFICATORIO → COP´S INGRESADOS,DOS BOCAS,indicador agregado,general,vw_dashboard_kpi,DashboardKPI,/api/dashboard,Dashboard,DERIVADO
PROYECTOS VÍAS SEGUIMIENTO GENERAL.xlsx,COP´S COLECTIVOS,AA,MODIFICATORIO → COP´S INSCRITOS,M-Q,indicador agregado,general,vw_dashboard_kpi,DashboardKPI,/api/dashboard,Dashboard,DERIVADO
PROYECTOS VÍAS SEGUIMIENTO GENERAL.xlsx,COP´S COLECTIVOS,AB,MODIFICATORIO → COP´S INSCRITOS,A-P,indicador agregado,general,vw_dashboard_kpi,DashboardKPI,/api/dashboard,Dashboard,DERIVADO
PROYECTOS VÍAS SEGUIMIENTO GENERAL.xlsx,COP´S COLECTIVOS,AC,MODIFICATORIO → COP´S INSCRITOS,Q-I,indicador agregado,general,vw_dashboard_kpi,DashboardKPI,/api/dashboard,Dashboard,DERIVADO
PROYECTOS VÍAS SEGUIMIENTO GENERAL.xlsx,COP´S COLECTIVOS,AD,MODIFICATORIO → COP´S INSCRITOS,S-NL,indicador agregado,general,vw_dashboard_kpi,DashboardKPI,/api/dashboard,Dashboard,DERIVADO
PROYECTOS VÍAS SEGUIMIENTO GENERAL.xlsx,COP´S COLECTIVOS,AE,MODIFICATORIO → COP´S INSCRITOS,DOS BOCAS,indicador agregado,general,vw_dashboard_kpi,DashboardKPI,/api/dashboard,Dashboard,DERIVADO
PROYECTOS VÍAS SEGUIMIENTO GENERAL.xlsx,COP´S COLECTIVOS,AF,SUP. ADICIONAL → COP´S FIRMADOS,M-Q,indicador agregado,general,vw_dashboard_kpi,DashboardKPI,/api/dashboard,Dashboard,DERIVADO
PROYECTOS VÍAS SEGUIMIENTO GENERAL.xlsx,COP´S COLECTIVOS,AG,SUP. ADICIONAL → COP´S FIRMADOS,A-P,indicador agregado,general,vw_dashboard_kpi,DashboardKPI,/api/dashboard,Dashboard,DERIVADO
PROYECTOS VÍAS SEGUIMIENTO GENERAL.xlsx,COP´S COLECTIVOS,AH,SUP. ADICIONAL → COP´S FIRMADOS,Q-I,indicador agregado,general,vw_dashboard_kpi,DashboardKPI,/api/dashboard,Dashboard,DERIVADO
PROYECTOS VÍAS SEGUIMIENTO GENERAL.xlsx,COP´S COLECTIVOS,AI,SUP. ADICIONAL → COP´S FIRMADOS,S-NL,indicador agregado,general,vw_dashboard_kpi,DashboardKPI,/api/dashboard,Dashboard,DERIVADO
PROYECTOS VÍAS SEGUIMIENTO GENERAL.xlsx,COP´S COLECTIVOS,AJ,SUP. ADICIONAL → COP´S FIRMADOS,DOS BOCAS,indicador agregado,general,vw_dashboard_kpi,DashboardKPI,/api/dashboard,Dashboard,DERIVADO
PROYECTOS VÍAS SEGUIMIENTO GENERAL.xlsx,COP´S COLECTIVOS,AK,SUP. ADICIONAL → COP´S INGRESADOS,M-Q,indicador agregado,general,vw_dashboard_kpi,DashboardKPI,/api/dashboard,Dashboard,DERIVADO
PROYECTOS VÍAS SEGUIMIENTO GENERAL.xlsx,COP´S COLECTIVOS,AL,SUP. ADICIONAL → COP´S INGRESADOS,A-P,indicador agregado,general,vw_dashboard_kpi,DashboardKPI,/api/dashboard,Dashboard,DERIVADO
PROYECTOS VÍAS SEGUIMIENTO GENERAL.xlsx,COP´S COLECTIVOS,AM,SUP. ADICIONAL → COP´S INGRESADOS,Q-I,indicador agregado,general,vw_dashboard_kpi,DashboardKPI,/api/dashboard,Dashboard,DERIVADO
PROYECTOS VÍAS SEGUIMIENTO GENERAL.xlsx,COP´S COLECTIVOS,AN,SUP. ADICIONAL → COP´S INGRESADOS,S-NL,indicador agregado,general,vw_dashboard_kpi,DashboardKPI,/api/dashboard,Dashboard,DERIVADO
PROYECTOS VÍAS SEGUIMIENTO GENERAL.xlsx,COP´S COLECTIVOS,AO,SUP. ADICIONAL → COP´S INGRESADOS,DOS BOCAS,indicador agregado,general,vw_dashboard_kpi,DashboardKPI,/api/dashboard,Dashboard,DERIVADO
PROYECTOS VÍAS SEGUIMIENTO GENERAL.xlsx,COP´S COLECTIVOS,AP,SUP. ADICIONAL → COP´S INSCRITOS,M-Q,indicador agregado,general,vw_dashboard_kpi,DashboardKPI,/api/dashboard,Dashboard,DERIVADO
PROYECTOS VÍAS SEGUIMIENTO GENERAL.xlsx,COP´S COLECTIVOS,AQ,SUP. ADICIONAL → COP´S INSCRITOS,A-P,indicador agregado,general,vw_dashboard_kpi,DashboardKPI,/api/dashboard,Dashboard,DERIVADO
PROYECTOS VÍAS SEGUIMIENTO GENERAL.xlsx,COP´S COLECTIVOS,AR,SUP. ADICIONAL → COP´S INSCRITOS,Q-I,indicador agregado,general,vw_dashboard_kpi,DashboardKPI,/api/dashboard,Dashboard,DERIVADO
PROYECTOS VÍAS SEGUIMIENTO GENERAL.xlsx,COP´S COLECTIVOS,AS,SUP. ADICIONAL → COP´S INSCRITOS,S-NL,indicador agregado,general,vw_dashboard_kpi,DashboardKPI,/api/dashboard,Dashboard,DERIVADO
PROYECTOS VÍAS SEGUIMIENTO GENERAL.xlsx,COP´S COLECTIVOS,AT,SUP. ADICIONAL → COP´S INSCRITOS,DOS BOCAS,indicador agregado,general,vw_dashboard_kpi,DashboardKPI,/api/dashboard,Dashboard,DERIVADO
PROYECTOS VÍAS SEGUIMIENTO GENERAL.xlsx,COP´S COLECTIVOS,AU,OBRAS COMPLEMENTARIAS → COP´S FIRMADOS,M-Q,indicador agregado,general,vw_dashboard_kpi,DashboardKPI,/api/dashboard,Dashboard,DERIVADO
PROYECTOS VÍAS SEGUIMIENTO GENERAL.xlsx,COP´S COLECTIVOS,AV,OBRAS COMPLEMENTARIAS → COP´S FIRMADOS,A-P,indicador agregado,general,vw_dashboard_kpi,DashboardKPI,/api/dashboard,Dashboard,DERIVADO
PROYECTOS VÍAS SEGUIMIENTO GENERAL.xlsx,COP´S COLECTIVOS,AW,OBRAS COMPLEMENTARIAS → COP´S FIRMADOS,Q-I,indicador agregado,general,vw_dashboard_kpi,DashboardKPI,/api/dashboard,Dashboard,DERIVADO
PROYECTOS VÍAS SEGUIMIENTO GENERAL.xlsx,COP´S COLECTIVOS,AX,OBRAS COMPLEMENTARIAS → COP´S FIRMADOS,S-NL,indicador agregado,general,vw_dashboard_kpi,DashboardKPI,/api/dashboard,Dashboard,DERIVADO
PROYECTOS VÍAS SEGUIMIENTO GENERAL.xlsx,COP´S COLECTIVOS,AY,OBRAS COMPLEMENTARIAS → COP´S FIRMADOS,DOS BOCAS,indicador agregado,general,vw_dashboard_kpi,DashboardKPI,/api/dashboard,Dashboard,DERIVADO
PROYECTOS VÍAS SEGUIMIENTO GENERAL.xlsx,COP´S COLECTIVOS,AZ,OBRAS COMPLEMENTARIAS → COP´S INGRESADOS,M-Q,indicador agregado,general,vw_dashboard_kpi,DashboardKPI,/api/dashboard,Dashboard,DERIVADO
PROYECTOS VÍAS SEGUIMIENTO GENERAL.xlsx,COP´S COLECTIVOS,BA,OBRAS COMPLEMENTARIAS → COP´S INGRESADOS,A-P,indicador agregado,general,vw_dashboard_kpi,DashboardKPI,/api/dashboard,Dashboard,DERIVADO
PROYECTOS VÍAS SEGUIMIENTO GENERAL.xlsx,COP´S COLECTIVOS,BB,OBRAS COMPLEMENTARIAS → COP´S INGRESADOS,Q-I,indicador agregado,general,vw_dashboard_kpi,DashboardKPI,/api/dashboard,Dashboard,DERIVADO
PROYECTOS VÍAS SEGUIMIENTO GENERAL.xlsx,COP´S COLECTIVOS,BC,OBRAS COMPLEMENTARIAS → COP´S INGRESADOS,S-NL,indicador agregado,general,vw_dashboard_kpi,DashboardKPI,/api/dashboard,Dashboard,DERIVADO
PROYECTOS VÍAS SEGUIMIENTO GENERAL.xlsx,COP´S COLECTIVOS,BD,OBRAS COMPLEMENTARIAS → COP´S INGRESADOS,DOS BOCAS,indicador agregado,general,vw_dashboard_kpi,DashboardKPI,/api/dashboard,Dashboard,DERIVADO
PROYECTOS VÍAS SEGUIMIENTO GENERAL.xlsx,COP´S COLECTIVOS,BE,OBRAS COMPLEMENTARIAS → COP´S INSCRITOS,M-Q,indicador agregado,general,vw_dashboard_kpi,DashboardKPI,/api/dashboard,Dashboard,DERIVADO
PROYECTOS VÍAS SEGUIMIENTO GENERAL.xlsx,COP´S COLECTIVOS,BF,OBRAS COMPLEMENTARIAS → COP´S INSCRITOS,A-P,indicador agregado,general,vw_dashboard_kpi,DashboardKPI,/api/dashboard,Dashboard,DERIVADO
PROYECTOS VÍAS SEGUIMIENTO GENERAL.xlsx,COP´S COLECTIVOS,BG,OBRAS COMPLEMENTARIAS → COP´S INSCRITOS,Q-I,indicador agregado,general,vw_dashboard_kpi,DashboardKPI,/api/dashboard,Dashboard,DERIVADO
PROYECTOS VÍAS SEGUIMIENTO GENERAL.xlsx,COP´S COLECTIVOS,BH,OBRAS COMPLEMENTARIAS → COP´S INSCRITOS,S-NL,indicador agregado,general,vw_dashboard_kpi,DashboardKPI,/api/dashboard,Dashboard,DERIVADO
PROYECTOS VÍAS SEGUIMIENTO GENERAL.xlsx,COP´S COLECTIVOS,BI,OBRAS COMPLEMENTARIAS → COP´S INSCRITOS,DOS BOCAS,indicador agregado,general,vw_dashboard_kpi,DashboardKPI,/api/dashboard,Dashboard,DERIVADO
PROYECTOS VÍAS SEGUIMIENTO GENERAL.xlsx,INDIVIDUALES,A,General,PROYECTO,proyecto ferroviario,general,proyecto.nombre_proyecto,Proyecto,/api/proyectos,Selector de contexto · Proyecto,OK
PROYECTOS VÍAS SEGUIMIENTO GENERAL.xlsx,INDIVIDUALES,B,General,NO. TOTAL DE PARCELAS AFECTADAS,indicador agregado,individual,vw_dashboard_kpi,DashboardKPI,/api/dashboard,Dashboard,DERIVADO
PROYECTOS VÍAS SEGUIMIENTO GENERAL.xlsx,INDIVIDUALES,C,COP FIRMADOS,Programado,indicador agregado,individual,vw_dashboard_kpi,DashboardKPI,/api/dashboard,Dashboard,DERIVADO
PROYECTOS VÍAS SEGUIMIENTO GENERAL.xlsx,INDIVIDUALES,D,COP FIRMADOS,Realizado,indicador agregado,individual,vw_dashboard_kpi,DashboardKPI,/api/dashboard,Dashboard,DERIVADO
PROYECTOS VÍAS SEGUIMIENTO GENERAL.xlsx,INDIVIDUALES,E,COP INGRESO AL RAN,Programado,indicador agregado,individual,vw_dashboard_kpi,DashboardKPI,/api/dashboard,Dashboard,DERIVADO
PROYECTOS VÍAS SEGUIMIENTO GENERAL.xlsx,INDIVIDUALES,F,COP INGRESO AL RAN,Realizado,indicador agregado,individual,vw_dashboard_kpi,DashboardKPI,/api/dashboard,Dashboard,DERIVADO
PROYECTOS VÍAS SEGUIMIENTO GENERAL.xlsx,INDIVIDUALES,G,COP INSCRITOS AL RAN,Programado,indicador agregado,individual,vw_dashboard_kpi,DashboardKPI,/api/dashboard,Dashboard,DERIVADO
PROYECTOS VÍAS SEGUIMIENTO GENERAL.xlsx,INDIVIDUALES,H,COP INSCRITOS AL RAN,Realizado,indicador agregado,individual,vw_dashboard_kpi,DashboardKPI,/api/dashboard,Dashboard,DERIVADO
PROYECTOS VÍAS SEGUIMIENTO GENERAL.xlsx,INDIVIDUALES,I,CONVENIO MODIFICATORIO FIRMADOS,Programado,indicador agregado,individual,vw_dashboard_kpi,DashboardKPI,/api/dashboard,Dashboard,DERIVADO
PROYECTOS VÍAS SEGUIMIENTO GENERAL.xlsx,INDIVIDUALES,J,CONVENIO MODIFICATORIO FIRMADOS,Realizado,indicador agregado,individual,vw_dashboard_kpi,DashboardKPI,/api/dashboard,Dashboard,DERIVADO
PROYECTOS VÍAS SEGUIMIENTO GENERAL.xlsx,INDIVIDUALES,K,CONVENIO MODIFICATORIO INGRESO AL RAN,Programado,indicador agregado,individual,vw_dashboard_kpi,DashboardKPI,/api/dashboard,Dashboard,DERIVADO
PROYECTOS VÍAS SEGUIMIENTO GENERAL.xlsx,INDIVIDUALES,L,CONVENIO MODIFICATORIO INGRESO AL RAN,Realizado,indicador agregado,individual,vw_dashboard_kpi,DashboardKPI,/api/dashboard,Dashboard,DERIVADO
PROYECTOS VÍAS SEGUIMIENTO GENERAL.xlsx,INDIVIDUALES,M,CONVENIO MODIFICATORIO INSCRITOS AL RAN,Programado,indicador agregado,individual,vw_dashboard_kpi,DashboardKPI,/api/dashboard,Dashboard,DERIVADO
PROYECTOS VÍAS SEGUIMIENTO GENERAL.xlsx,INDIVIDUALES,N,CONVENIO MODIFICATORIO INSCRITOS AL RAN,Realizado,indicador agregado,individual,vw_dashboard_kpi,DashboardKPI,/api/dashboard,Dashboard,DERIVADO
PROYECTOS VÍAS SEGUIMIENTO GENERAL.xlsx,INDIVIDUALES,O,COP AMPLIACIÓN FIRMADOS,Programado,indicador agregado,individual,vw_dashboard_kpi,DashboardKPI,/api/dashboard,Dashboard,DERIVADO
PROYECTOS VÍAS SEGUIMIENTO GENERAL.xlsx,INDIVIDUALES,P,COP AMPLIACIÓN FIRMADOS,Realizado,indicador agregado,individual,vw_dashboard_kpi,DashboardKPI,/api/dashboard,Dashboard,DERIVADO
PROYECTOS VÍAS SEGUIMIENTO GENERAL.xlsx,INDIVIDUALES,Q,COP AMPLIACIÓN INGRESO AL RAN,Programado,indicador agregado,individual,vw_dashboard_kpi,DashboardKPI,/api/dashboard,Dashboard,DERIVADO
PROYECTOS VÍAS SEGUIMIENTO GENERAL.xlsx,INDIVIDUALES,R,COP AMPLIACIÓN INGRESO AL RAN,Realizado,indicador agregado,individual,vw_dashboard_kpi,DashboardKPI,/api/dashboard,Dashboard,DERIVADO
PROYECTOS VÍAS SEGUIMIENTO GENERAL.xlsx,INDIVIDUALES,S,COP AMPLIACIÓN INSCRITOS,Programado,indicador agregado,individual,vw_dashboard_kpi,DashboardKPI,/api/dashboard,Dashboard,DERIVADO
PROYECTOS VÍAS SEGUIMIENTO GENERAL.xlsx,INDIVIDUALES,T,COP AMPLIACIÓN INSCRITOS,Realizado,indicador agregado,individual,vw_dashboard_kpi,DashboardKPI,/api/dashboard,Dashboard,DERIVADO
SEGUIMIENTO DE ACTIVIDADES LIBERACIÓN DE VIAS-INDIVIDUALES-MQ.xlsx,General,A,General,Num.,orden de hoja,general,—,—,—,No se captura,NO_APLICA
SEGUIMIENTO DE ACTIVIDADES LIBERACIÓN DE VIAS-INDIVIDUALES-MQ.xlsx,General,B,General,Municipio,municipio,general,municipio.nombre,Municipio,/api/catalogos/municipios,Selector de contexto · MUNICIPIO,OK
SEGUIMIENTO DE ACTIVIDADES LIBERACIÓN DE VIAS-INDIVIDUALES-MQ.xlsx,General,C,General,Núcleo agrario,núcleo agrario,general,nucleo_agrario.nombre,NucleoAgrario,/api/proyectos/{id}/nucleos,Selector de contexto · NÚCLEO AGRARIO,OK
SEGUIMIENTO DE ACTIVIDADES LIBERACIÓN DE VIAS-INDIVIDUALES-MQ.xlsx,General,D,General,N° de Ejidatarios de acuerdo a padrón,padrón vigente,general,padron_historial.fecha_padron/numero_sujetos,PadronHistorial,/api/nucleos/{id}/padrones,ORV y Padrón · Padrón,OK
SEGUIMIENTO DE ACTIVIDADES LIBERACIÓN DE VIAS-INDIVIDUALES-MQ.xlsx,General,E,General,Acta de elección inscrita en RAN,seguimiento registral RAN,general,"asamblea/convenio fechas, solicitud y calificación",Asamblea/Convenio,/api/proyecto-nucleo/{id}/asambleas,Asambleas o Convenios · Seguimiento RAN,OK
SEGUIMIENTO DE ACTIVIDADES LIBERACIÓN DE VIAS-INDIVIDUALES-MQ.xlsx,General,F,Superficie afectable,Tierras de Uso Común ó infraestructura,superficie administrativa en hectáreas,general,afectacion/convenio.superficie_*_ha,Afectacion/Convenio,/api/proyecto-nucleo/{id}/afectaciones,Afectación o Convenio · Superficie (ha),OK
SEGUIMIENTO DE ACTIVIDADES LIBERACIÓN DE VIAS-INDIVIDUALES-MQ.xlsx,General,G,Superficie afectable,"Tierras Parceladas (Parcela Escolar, UAIM, de la Juventud, etc.) a favor del ejido",identificación de parcela,individual,parcela.numero_parcela/tipo_parcela,Parcela,/api/nucleos/{id}/parcelas,Afectación individual · Parcela,OK
SEGUIMIENTO DE ACTIVIDADES LIBERACIÓN DE VIAS-INDIVIDUALES-MQ.xlsx,General,H,General,Asamblea de Anuencia y aprobación de Convenio de ocupación previa COP (fecha),ejido o comunidad,general,nucleo_agrario.tipo_nucleo,NucleoAgrario,/api/proyectos/{id}/nucleos,General · E/C,OK
SEGUIMIENTO DE ACTIVIDADES LIBERACIÓN DE VIAS-INDIVIDUALES-MQ.xlsx,General,I,General,Asamblea de firma de convenio de Ocupación previa y Pago de Indemnización (fecha),ejido o comunidad,general,nucleo_agrario.tipo_nucleo,NucleoAgrario,/api/proyectos/{id}/nucleos,General · E/C,OK
SEGUIMIENTO DE ACTIVIDADES LIBERACIÓN DE VIAS-INDIVIDUALES-MQ.xlsx,General,J,General,Entrega de expediente SICT - Procuraduría Agraria (fecha),entrega de expediente SICT–PA,general,indemnizacion.fecha_entrega_expediente_pa,Indemnizacion,/api/afectaciones/{id}/indemnizacion,Indemnización y Pagos,OK
SEGUIMIENTO DE ACTIVIDADES LIBERACIÓN DE VIAS-INDIVIDUALES-MQ.xlsx,General,K,Ingreso de Expediente al RAN Acta de asamblea,Fecha,seguimiento de Asamblea,colectivo,asamblea,Asamblea,/api/proyecto-nucleo/{id}/asambleas,Asambleas,OK
SEGUIMIENTO DE ACTIVIDADES LIBERACIÓN DE VIAS-INDIVIDUALES-MQ.xlsx,General,L,Ingreso de Expediente al RAN Acta de asamblea,N° Solicitud de tramite,seguimiento de Asamblea,colectivo,asamblea,Asamblea,/api/proyecto-nucleo/{id}/asambleas,Asambleas,OK
SEGUIMIENTO DE ACTIVIDADES LIBERACIÓN DE VIAS-INDIVIDUALES-MQ.xlsx,General,M,General,Inscipción RAN (fecha y folio),seguimiento registral RAN,general,"asamblea/convenio fechas, solicitud y calificación",Asamblea/Convenio,/api/proyecto-nucleo/{id}/asambleas,Asambleas o Convenios · Seguimiento RAN,OK
SEGUIMIENTO DE ACTIVIDADES LIBERACIÓN DE VIAS-INDIVIDUALES-MQ.xlsx,General,N,Ingreso de Expediente al RAN Convenio de ocupación previa,Fecha,seguimiento de convenio,general,convenio,Convenio,/api/afectaciones/{id}/convenios,Convenios,OK
SEGUIMIENTO DE ACTIVIDADES LIBERACIÓN DE VIAS-INDIVIDUALES-MQ.xlsx,General,O,Ingreso de Expediente al RAN Convenio de ocupación previa,N° Solicitud de tramite,seguimiento de convenio,general,convenio,Convenio,/api/afectaciones/{id}/convenios,Convenios,OK
SEGUIMIENTO DE ACTIVIDADES LIBERACIÓN DE VIAS-INDIVIDUALES-MQ.xlsx,General,P,General,Inscipción RAN,seguimiento registral RAN,general,"asamblea/convenio fechas, solicitud y calificación",Asamblea/Convenio,/api/proyecto-nucleo/{id}/asambleas,Asambleas o Convenios · Seguimiento RAN,OK
SEGUIMIENTO DE ACTIVIDADES LIBERACIÓN DE VIAS-INDIVIDUALES-MQ.xlsx,General,Q,General,Observaciones,observaciones operativas,general,observaciones de la entidad correspondiente,Schema de entidad,endpoint del proceso,Detalle del proceso · Observaciones,OK
SEGUIMIENTO DE ACTIVIDADES LIBERACIÓN DE VIAS-INDIVIDUALES-MQ.xlsx,General,R,General,Validación PA/SICT,validación operativa PA/SICT,general,sin atributo inequívoco,—,—,FIFONAFE,DECISION_FUNCIONAL_REQUERIDA
SEGUIMIENTO DE ACTIVIDADES LIBERACIÓN DE VIAS-INDIVIDUALES-MQ.xlsx,PROPUESTA,A,DATOS GENERALES,NUM.,orden de hoja,general,—,—,—,No se captura,NO_APLICA
SEGUIMIENTO DE ACTIVIDADES LIBERACIÓN DE VIAS-INDIVIDUALES-MQ.xlsx,PROPUESTA,B,DATOS GENERALES,ENTIDAD,entidad federativa,general,entidad_federativa.nombre,EntidadFederativa,/api/catalogos/entidades,Selector de contexto · ENTIDAD,OK
SEGUIMIENTO DE ACTIVIDADES LIBERACIÓN DE VIAS-INDIVIDUALES-MQ.xlsx,PROPUESTA,C,DATOS GENERALES,MUNICIPIO,municipio,general,municipio.nombre,Municipio,/api/catalogos/municipios,Selector de contexto · MUNICIPIO,OK
SEGUIMIENTO DE ACTIVIDADES LIBERACIÓN DE VIAS-INDIVIDUALES-MQ.xlsx,PROPUESTA,D,DATOS GENERALES,RESIDENCIA,residencia administrativa,general,proyecto_nucleo.residencia,ProyectoNucleo,/api/proyecto-nucleo/{id},General · RESIDENCIA,OK
SEGUIMIENTO DE ACTIVIDADES LIBERACIÓN DE VIAS-INDIVIDUALES-MQ.xlsx,PROPUESTA,E,DATOS GENERALES,CONSECUTIVO,consecutivo operativo,general,proyecto_nucleo_referencia.valor,ProyectoNucleoReferencia,/api/proyecto-nucleo/{id}/referencias,General · CONSECUTIVO,OK
SEGUIMIENTO DE ACTIVIDADES LIBERACIÓN DE VIAS-INDIVIDUALES-MQ.xlsx,PROPUESTA,F,DATOS GENERALES,NÚCLEO AGRARIO,núcleo agrario,general,nucleo_agrario.nombre,NucleoAgrario,/api/proyectos/{id}/nucleos,Selector de contexto · NÚCLEO AGRARIO,OK
SEGUIMIENTO DE ACTIVIDADES LIBERACIÓN DE VIAS-INDIVIDUALES-MQ.xlsx,PROPUESTA,G,DATOS GENERALES,E/C,ejido o comunidad,general,nucleo_agrario.tipo_nucleo,NucleoAgrario,/api/proyectos/{id}/nucleos,General · E/C,OK
SEGUIMIENTO DE ACTIVIDADES LIBERACIÓN DE VIAS-INDIVIDUALES-MQ.xlsx,PROPUESTA,H,DATOS GENERALES,NOMBRE DE LA PERSONA ORGANIZADORA AGRARIA RESPONSABLE,persona organizadora agraria responsable,general,proyecto_nucleo.responsable_nombre,ProyectoNucleo,/api/proyecto-nucleo/{id},General · PERSONA ORGANIZADORA RESPONSABLE,OK
SEGUIMIENTO DE ACTIVIDADES LIBERACIÓN DE VIAS-INDIVIDUALES-MQ.xlsx,PROPUESTA,I,DATOS GENERALES,DATOS DE CONTACTO (TELÉFONO),ejido o comunidad,general,nucleo_agrario.tipo_nucleo,NucleoAgrario,/api/proyectos/{id}/nucleos,General · E/C,OK
SEGUIMIENTO DE ACTIVIDADES LIBERACIÓN DE VIAS-INDIVIDUALES-MQ.xlsx,PROPUESTA,J,DATOS GENERALES,TIPO DE PARCELA (INDIVIDUAL),identificación de parcela,individual,parcela.numero_parcela/tipo_parcela,Parcela,/api/nucleos/{id}/parcelas,Afectación individual · Parcela,OK
SEGUIMIENTO DE ACTIVIDADES LIBERACIÓN DE VIAS-INDIVIDUALES-MQ.xlsx,PROPUESTA,K,DATOS GENERALES,NO. DE PARCELA,identificación de parcela,individual,parcela.numero_parcela/tipo_parcela,Parcela,/api/nucleos/{id}/parcelas,Afectación individual · Parcela,OK
SEGUIMIENTO DE ACTIVIDADES LIBERACIÓN DE VIAS-INDIVIDUALES-MQ.xlsx,PROPUESTA,L,DATOS GENERALES,NO. DE PARCELA PPT,identificación de parcela,individual,parcela.numero_parcela/tipo_parcela,Parcela,/api/nucleos/{id}/parcelas,Afectación individual · Parcela,OK
SEGUIMIENTO DE ACTIVIDADES LIBERACIÓN DE VIAS-INDIVIDUALES-MQ.xlsx,PROPUESTA,M,DATOS GENERALES,NOMBRE DE LA PERSONA TITULAR DE LA PARCELA,identificación de parcela,individual,parcela.numero_parcela/tipo_parcela,Parcela,/api/nucleos/{id}/parcelas,Afectación individual · Parcela,OK
SEGUIMIENTO DE ACTIVIDADES LIBERACIÓN DE VIAS-INDIVIDUALES-MQ.xlsx,PROPUESTA,N,DATOS GENERALES,CONSTANCIA DE VIGENCIA DE DERECHOS (FECHA),constancia de vigencia de derechos,individual,parcela.constancia_vigencia_fecha + documento,Parcela,/api/nucleos/{id}/parcelas,Parcelas · Vigencia de derechos,OK
SEGUIMIENTO DE ACTIVIDADES LIBERACIÓN DE VIAS-INDIVIDUALES-MQ.xlsx,PROPUESTA,O,DATOS GENERALES,CERTIFICADO PARCELARIO,identificación de parcela,individual,parcela.numero_parcela/tipo_parcela,Parcela,/api/nucleos/{id}/parcelas,Afectación individual · Parcela,OK
SEGUIMIENTO DE ACTIVIDADES LIBERACIÓN DE VIAS-INDIVIDUALES-MQ.xlsx,PROPUESTA,P,DATOS GENERALES,FOLIO DE DERECHOS,folio de derechos,individual,parcela.folio_derechos,Parcela,/api/nucleos/{id}/parcelas,Parcelas · Folio de derechos,OK
SEGUIMIENTO DE ACTIVIDADES LIBERACIÓN DE VIAS-INDIVIDUALES-MQ.xlsx,PROPUESTA,Q,General,CLAVE DEL TRAMO,referencia histórica del tramo,general,proyecto_nucleo_referencia.tipo/valor,ProyectoNucleoReferencia,/api/proyecto-nucleo/{id}/referencias,General · Referencias del tramo,REFERENCIA_LEGACY
SEGUIMIENTO DE ACTIVIDADES LIBERACIÓN DE VIAS-INDIVIDUALES-MQ.xlsx,PROPUESTA,R,General,NÚMERO DE TRAMO,referencia histórica del tramo,general,proyecto_nucleo_referencia.tipo/valor,ProyectoNucleoReferencia,/api/proyecto-nucleo/{id}/referencias,General · Referencias del tramo,REFERENCIA_LEGACY
SEGUIMIENTO DE ACTIVIDADES LIBERACIÓN DE VIAS-INDIVIDUALES-MQ.xlsx,PROPUESTA,S,SEGUIMIENTO DE AFECTACIÓN A DERECHOS INDIVIDUALES → CONVENIO DE OCUPACIÓN PREVIA - INSCRIPCIÓN,CONVENIO FIRMADO (FECHA),seguimiento de convenio,general,convenio,Convenio,/api/afectaciones/{id}/convenios,Convenios,OK
SEGUIMIENTO DE ACTIVIDADES LIBERACIÓN DE VIAS-INDIVIDUALES-MQ.xlsx,PROPUESTA,T,SEGUIMIENTO DE AFECTACIÓN A DERECHOS INDIVIDUALES → CONVENIO DE OCUPACIÓN PREVIA - INSCRIPCIÓN,CONVENIO MONTO 90%,monto 90 por ciento,general,convenio.monto_90,Convenio,/api/convenios/{id},Convenios · MONTO 90%,OK
SEGUIMIENTO DE ACTIVIDADES LIBERACIÓN DE VIAS-INDIVIDUALES-MQ.xlsx,PROPUESTA,U,SEGUIMIENTO DE AFECTACIÓN A DERECHOS INDIVIDUALES → CONVENIO DE OCUPACIÓN PREVIA - INSCRIPCIÓN,CONVENIO MONTO 100%,monto 100 por ciento,general,convenio.monto_100,Convenio,/api/convenios/{id},Convenios · MONTO 100%,OK
SEGUIMIENTO DE ACTIVIDADES LIBERACIÓN DE VIAS-INDIVIDUALES-MQ.xlsx,PROPUESTA,V,SEGUIMIENTO DE AFECTACIÓN A DERECHOS INDIVIDUALES → CONVENIO DE OCUPACIÓN PREVIA - INSCRIPCIÓN,MONTO BDT,monto BDT,general,convenio.monto_bdt,Convenio,/api/convenios/{id},Convenios · MONTO BDT,OK
SEGUIMIENTO DE ACTIVIDADES LIBERACIÓN DE VIAS-INDIVIDUALES-MQ.xlsx,PROPUESTA,W,SEGUIMIENTO DE AFECTACIÓN A DERECHOS INDIVIDUALES → CONVENIO DE OCUPACIÓN PREVIA - INSCRIPCIÓN,TRIMESTRE,periodo derivado de fecha,general,vista KPI,DashboardKPI,/api/dashboard,Dashboard,DERIVADO
SEGUIMIENTO DE ACTIVIDADES LIBERACIÓN DE VIAS-INDIVIDUALES-MQ.xlsx,PROPUESTA,X,SEGUIMIENTO DE AFECTACIÓN A DERECHOS INDIVIDUALES → CONVENIO DE OCUPACIÓN PREVIA - INSCRIPCIÓN,CONVENIO INGRESADO AL RAN (FECHA),seguimiento de convenio,general,convenio,Convenio,/api/afectaciones/{id}/convenios,Convenios,OK
SEGUIMIENTO DE ACTIVIDADES LIBERACIÓN DE VIAS-INDIVIDUALES-MQ.xlsx,PROPUESTA,Y,SEGUIMIENTO DE AFECTACIÓN A DERECHOS INDIVIDUALES → CONVENIO DE OCUPACIÓN PREVIA - INSCRIPCIÓN,NO. DE SOLICITUD DE INGRESO,seguimiento de convenio,general,convenio,Convenio,/api/afectaciones/{id}/convenios,Convenios,OK
SEGUIMIENTO DE ACTIVIDADES LIBERACIÓN DE VIAS-INDIVIDUALES-MQ.xlsx,PROPUESTA,Z,SEGUIMIENTO DE AFECTACIÓN A DERECHOS INDIVIDUALES → CONVENIO DE OCUPACIÓN PREVIA - INSCRIPCIÓN,TRIMESTRE2,periodo derivado de fecha,general,vista KPI,DashboardKPI,/api/dashboard,Dashboard,DERIVADO
SEGUIMIENTO DE ACTIVIDADES LIBERACIÓN DE VIAS-INDIVIDUALES-MQ.xlsx,PROPUESTA,AA,SEGUIMIENTO DE AFECTACIÓN A DERECHOS INDIVIDUALES → CONVENIO DE OCUPACIÓN PREVIA - INSCRIPCIÓN,CALIFICACIÓN REGISTRAL,seguimiento de convenio,general,convenio,Convenio,/api/afectaciones/{id}/convenios,Convenios,OK
SEGUIMIENTO DE ACTIVIDADES LIBERACIÓN DE VIAS-INDIVIDUALES-MQ.xlsx,PROPUESTA,AB,SEGUIMIENTO DE AFECTACIÓN A DERECHOS INDIVIDUALES → CONVENIO DE OCUPACIÓN PREVIA - INSCRIPCIÓN,CONVENIO INSCRITO EN EL RAN (FECHA),seguimiento de convenio,general,convenio,Convenio,/api/afectaciones/{id}/convenios,Convenios,OK
SEGUIMIENTO DE ACTIVIDADES LIBERACIÓN DE VIAS-INDIVIDUALES-MQ.xlsx,PROPUESTA,AC,SEGUIMIENTO DE AFECTACIÓN A DERECHOS INDIVIDUALES → CONVENIO DE OCUPACIÓN PREVIA - INSCRIPCIÓN,TRIMESTRE22,periodo derivado de fecha,general,vista KPI,DashboardKPI,/api/dashboard,Dashboard,DERIVADO
SEGUIMIENTO DE ACTIVIDADES LIBERACIÓN DE VIAS-INDIVIDUALES-MQ.xlsx,PROPUESTA,AD,SEGUIMIENTO DE AFECTACIÓN A DERECHOS INDIVIDUALES → CONVENIO DE OCUPACIÓN PREVIA - INSCRIPCIÓN,SUPERFICIE TOTAL (HA).,superficie administrativa en hectáreas,general,afectacion/convenio.superficie_*_ha,Afectacion/Convenio,/api/proyecto-nucleo/{id}/afectaciones,Afectación o Convenio · Superficie (ha),OK
SEGUIMIENTO DE ACTIVIDADES LIBERACIÓN DE VIAS-INDIVIDUALES-MQ.xlsx,PROPUESTA,AE,SEGUIMIENTO DE AFECTACIÓN A DERECHOS INDIVIDUALES → CONVENIO MODIFICATORIO-INSCRIPCIÓN,CONVENIO MODIFICATORIO (FECHA),seguimiento de convenio,general,convenio,Convenio,/api/afectaciones/{id}/convenios,Convenios,OK
SEGUIMIENTO DE ACTIVIDADES LIBERACIÓN DE VIAS-INDIVIDUALES-MQ.xlsx,PROPUESTA,AF,SEGUIMIENTO DE AFECTACIÓN A DERECHOS INDIVIDUALES → CONVENIO MODIFICATORIO-INSCRIPCIÓN,CONVENIO MONTO 90%2,monto 90 por ciento,general,convenio.monto_90,Convenio,/api/convenios/{id},Convenios · MONTO 90%,OK
SEGUIMIENTO DE ACTIVIDADES LIBERACIÓN DE VIAS-INDIVIDUALES-MQ.xlsx,PROPUESTA,AG,SEGUIMIENTO DE AFECTACIÓN A DERECHOS INDIVIDUALES → CONVENIO MODIFICATORIO-INSCRIPCIÓN,CONVENIO MONTO 100% 2,monto 100 por ciento,general,convenio.monto_100,Convenio,/api/convenios/{id},Convenios · MONTO 100%,OK
SEGUIMIENTO DE ACTIVIDADES LIBERACIÓN DE VIAS-INDIVIDUALES-MQ.xlsx,PROPUESTA,AH,SEGUIMIENTO DE AFECTACIÓN A DERECHOS INDIVIDUALES,TRIMESTRE4,periodo derivado de fecha,general,vista KPI,DashboardKPI,/api/dashboard,Dashboard,DERIVADO
SEGUIMIENTO DE ACTIVIDADES LIBERACIÓN DE VIAS-INDIVIDUALES-MQ.xlsx,PROPUESTA,AI,SEGUIMIENTO DE AFECTACIÓN A DERECHOS INDIVIDUALES → CONVENIO AMPLIACIÓN - INSCRIPCIÓN,CONVENIO AMPLIACIÓN (FECHA),seguimiento de convenio,general,convenio,Convenio,/api/afectaciones/{id}/convenios,Convenios,OK
SEGUIMIENTO DE ACTIVIDADES LIBERACIÓN DE VIAS-INDIVIDUALES-MQ.xlsx,PROPUESTA,AJ,SEGUIMIENTO DE AFECTACIÓN A DERECHOS INDIVIDUALES → CONVENIO AMPLIACIÓN - INSCRIPCIÓN,CONVENIO MONTO 90%..,monto 90 por ciento,general,convenio.monto_90,Convenio,/api/convenios/{id},Convenios · MONTO 90%,OK
SEGUIMIENTO DE ACTIVIDADES LIBERACIÓN DE VIAS-INDIVIDUALES-MQ.xlsx,PROPUESTA,AK,SEGUIMIENTO DE AFECTACIÓN A DERECHOS INDIVIDUALES → CONVENIO AMPLIACIÓN - INSCRIPCIÓN,CONVENIO MONTO 100% ..,monto 100 por ciento,general,convenio.monto_100,Convenio,/api/convenios/{id},Convenios · MONTO 100%,OK
SEGUIMIENTO DE ACTIVIDADES LIBERACIÓN DE VIAS-INDIVIDUALES-MQ.xlsx,PROPUESTA,AL,SEGUIMIENTO DE AFECTACIÓN A DERECHOS INDIVIDUALES → CONVENIO AMPLIACIÓN - INSCRIPCIÓN,MONTO BDT2,monto BDT,general,convenio.monto_bdt,Convenio,/api/convenios/{id},Convenios · MONTO BDT,OK
SEGUIMIENTO DE ACTIVIDADES LIBERACIÓN DE VIAS-INDIVIDUALES-MQ.xlsx,PROPUESTA,AM,SEGUIMIENTO DE AFECTACIÓN A DERECHOS INDIVIDUALES → CONVENIO AMPLIACIÓN - INSCRIPCIÓN,TRIMESTRE3,periodo derivado de fecha,general,vista KPI,DashboardKPI,/api/dashboard,Dashboard,DERIVADO
SEGUIMIENTO DE ACTIVIDADES LIBERACIÓN DE VIAS-INDIVIDUALES-MQ.xlsx,PROPUESTA,AN,SEGUIMIENTO DE AFECTACIÓN A DERECHOS INDIVIDUALES → CONVENIO AMPLIACIÓN - INSCRIPCIÓN,CONVENIO INGRESADO AL RAN (FECHA)2,seguimiento de convenio,general,convenio,Convenio,/api/afectaciones/{id}/convenios,Convenios,OK
SEGUIMIENTO DE ACTIVIDADES LIBERACIÓN DE VIAS-INDIVIDUALES-MQ.xlsx,PROPUESTA,AO,SEGUIMIENTO DE AFECTACIÓN A DERECHOS INDIVIDUALES → CONVENIO AMPLIACIÓN - INSCRIPCIÓN,NO. DE SOLICITUD DE INGRESO3,seguimiento de convenio,general,convenio,Convenio,/api/afectaciones/{id}/convenios,Convenios,OK
SEGUIMIENTO DE ACTIVIDADES LIBERACIÓN DE VIAS-INDIVIDUALES-MQ.xlsx,PROPUESTA,AP,SEGUIMIENTO DE AFECTACIÓN A DERECHOS INDIVIDUALES → CONVENIO AMPLIACIÓN - INSCRIPCIÓN,TRIMESTRE24,periodo derivado de fecha,general,vista KPI,DashboardKPI,/api/dashboard,Dashboard,DERIVADO
SEGUIMIENTO DE ACTIVIDADES LIBERACIÓN DE VIAS-INDIVIDUALES-MQ.xlsx,PROPUESTA,AQ,SEGUIMIENTO DE AFECTACIÓN A DERECHOS INDIVIDUALES → CONVENIO AMPLIACIÓN - INSCRIPCIÓN,CALIFICACIÓN REGISTRAL2,seguimiento de convenio,general,convenio,Convenio,/api/afectaciones/{id}/convenios,Convenios,OK
SEGUIMIENTO DE ACTIVIDADES LIBERACIÓN DE VIAS-INDIVIDUALES-MQ.xlsx,PROPUESTA,AR,SEGUIMIENTO DE AFECTACIÓN A DERECHOS INDIVIDUALES → CONVENIO AMPLIACIÓN - INSCRIPCIÓN,CONVENIO INSCRITO EN EL RAN (FECHA)3,seguimiento de convenio,general,convenio,Convenio,/api/afectaciones/{id}/convenios,Convenios,OK
SEGUIMIENTO DE ACTIVIDADES LIBERACIÓN DE VIAS-INDIVIDUALES-MQ.xlsx,PROPUESTA,AS,SEGUIMIENTO DE AFECTACIÓN A DERECHOS INDIVIDUALES → CONVENIO AMPLIACIÓN - INSCRIPCIÓN,TRIMESTRE224,periodo derivado de fecha,general,vista KPI,DashboardKPI,/api/dashboard,Dashboard,DERIVADO
SEGUIMIENTO DE ACTIVIDADES LIBERACIÓN DE VIAS-INDIVIDUALES-MQ.xlsx,PROPUESTA,AT,SEGUIMIENTO DE AFECTACIÓN A DERECHOS INDIVIDUALES → CONVENIO AMPLIACIÓN - INSCRIPCIÓN,SUPERFICIE DE AMPLIACIÓN,superficie administrativa en hectáreas,general,afectacion/convenio.superficie_*_ha,Afectacion/Convenio,/api/proyecto-nucleo/{id}/afectaciones,Afectación o Convenio · Superficie (ha),OK
SEGUIMIENTO DE ACTIVIDADES LIBERACIÓN DE VIAS-INDIVIDUALES-MQ.xlsx,PROPUESTA,AU,SEGUIMIENTO DE AFECTACIÓN A DERECHOS INDIVIDUALES → CONVENIO AMPLIACIÓN -REMANENTE,CONVENIO AMPLIACIÓN 2 (FECHA).,ejido o comunidad,general,nucleo_agrario.tipo_nucleo,NucleoAgrario,/api/proyectos/{id}/nucleos,General · E/C,OK
SEGUIMIENTO DE ACTIVIDADES LIBERACIÓN DE VIAS-INDIVIDUALES-MQ.xlsx,PROPUESTA,AV,SEGUIMIENTO DE AFECTACIÓN A DERECHOS INDIVIDUALES → CONVENIO AMPLIACIÓN -REMANENTE,CONVENIO MONTO 90%..3,ejido o comunidad,general,nucleo_agrario.tipo_nucleo,NucleoAgrario,/api/proyectos/{id}/nucleos,General · E/C,OK
SEGUIMIENTO DE ACTIVIDADES LIBERACIÓN DE VIAS-INDIVIDUALES-MQ.xlsx,PROPUESTA,AW,SEGUIMIENTO DE AFECTACIÓN A DERECHOS INDIVIDUALES → CONVENIO AMPLIACIÓN -REMANENTE,CONVENIO MONTO 100% ..4,ejido o comunidad,general,nucleo_agrario.tipo_nucleo,NucleoAgrario,/api/proyectos/{id}/nucleos,General · E/C,OK
SEGUIMIENTO DE ACTIVIDADES LIBERACIÓN DE VIAS-INDIVIDUALES-MQ.xlsx,PROPUESTA,AX,SEGUIMIENTO DE AFECTACIÓN A DERECHOS INDIVIDUALES → CONVENIO AMPLIACIÓN -REMANENTE,MONTO BDT25,monto BDT,general,convenio.monto_bdt,Convenio,/api/convenios/{id},Convenios · MONTO BDT,OK
SEGUIMIENTO DE ACTIVIDADES LIBERACIÓN DE VIAS-INDIVIDUALES-MQ.xlsx,PROPUESTA,AY,SEGUIMIENTO DE AFECTACIÓN A DERECHOS INDIVIDUALES → CONVENIO AMPLIACIÓN -REMANENTE,TRIMESTRE36,periodo derivado de fecha,general,vista KPI,DashboardKPI,/api/dashboard,Dashboard,DERIVADO
SEGUIMIENTO DE ACTIVIDADES LIBERACIÓN DE VIAS-INDIVIDUALES-MQ.xlsx,PROPUESTA,AZ,SEGUIMIENTO DE AFECTACIÓN A DERECHOS INDIVIDUALES → CONVENIO AMPLIACIÓN -REMANENTE,CONVENIO INGRESADO AL RAN (FECHA)27,ejido o comunidad,general,nucleo_agrario.tipo_nucleo,NucleoAgrario,/api/proyectos/{id}/nucleos,General · E/C,OK
SEGUIMIENTO DE ACTIVIDADES LIBERACIÓN DE VIAS-INDIVIDUALES-MQ.xlsx,PROPUESTA,BA,SEGUIMIENTO DE AFECTACIÓN A DERECHOS INDIVIDUALES → CONVENIO AMPLIACIÓN -REMANENTE,NO. DE SOLICITUD DE INGRESO38,seguimiento de convenio,general,convenio,Convenio,/api/afectaciones/{id}/convenios,Convenios,OK
SEGUIMIENTO DE ACTIVIDADES LIBERACIÓN DE VIAS-INDIVIDUALES-MQ.xlsx,PROPUESTA,BB,SEGUIMIENTO DE AFECTACIÓN A DERECHOS INDIVIDUALES → CONVENIO AMPLIACIÓN -REMANENTE,TRIMESTRE249,periodo derivado de fecha,general,vista KPI,DashboardKPI,/api/dashboard,Dashboard,DERIVADO
SEGUIMIENTO DE ACTIVIDADES LIBERACIÓN DE VIAS-INDIVIDUALES-MQ.xlsx,PROPUESTA,BC,SEGUIMIENTO DE AFECTACIÓN A DERECHOS INDIVIDUALES → CONVENIO AMPLIACIÓN -REMANENTE,CALIFICACIÓN REGISTRAL210,ejido o comunidad,general,nucleo_agrario.tipo_nucleo,NucleoAgrario,/api/proyectos/{id}/nucleos,General · E/C,OK
SEGUIMIENTO DE ACTIVIDADES LIBERACIÓN DE VIAS-INDIVIDUALES-MQ.xlsx,PROPUESTA,BD,SEGUIMIENTO DE AFECTACIÓN A DERECHOS INDIVIDUALES → CONVENIO AMPLIACIÓN -REMANENTE,CONVENIO INSCRITO EN EL RAN (FECHA)311,ejido o comunidad,general,nucleo_agrario.tipo_nucleo,NucleoAgrario,/api/proyectos/{id}/nucleos,General · E/C,OK
SEGUIMIENTO DE ACTIVIDADES LIBERACIÓN DE VIAS-INDIVIDUALES-MQ.xlsx,PROPUESTA,BE,SEGUIMIENTO DE AFECTACIÓN A DERECHOS INDIVIDUALES → CONVENIO AMPLIACIÓN -REMANENTE,TRIMESTRE22412,periodo derivado de fecha,general,vista KPI,DashboardKPI,/api/dashboard,Dashboard,DERIVADO
SEGUIMIENTO DE ACTIVIDADES LIBERACIÓN DE VIAS-INDIVIDUALES-MQ.xlsx,PROPUESTA,BF,SEGUIMIENTO DE AFECTACIÓN A DERECHOS INDIVIDUALES → CONVENIO AMPLIACIÓN -REMANENTE,SUPERFICIE DE AMPLIACIÓN2,superficie administrativa en hectáreas,general,afectacion/convenio.superficie_*_ha,Afectacion/Convenio,/api/proyecto-nucleo/{id}/afectaciones,Afectación o Convenio · Superficie (ha),OK
SEGUIMIENTO DE ACTIVIDADES LIBERACIÓN DE VIAS-INDIVIDUALES-MQ.xlsx,PROPUESTA,BG,SEGUIMIENTO DE AFECTACIÓN A DERECHOS INDIVIDUALES → INDEMNIZACIÓN,"ESTATUS (COMPLETO, PENDIENTE, PROGRAMADO)",indemnización,general,indemnizacion,Indemnizacion,/api/afectaciones/{id}/indemnizacion,Indemnización y Pagos,OK
SEGUIMIENTO DE ACTIVIDADES LIBERACIÓN DE VIAS-INDIVIDUALES-MQ.xlsx,PROPUESTA,BH,SEGUIMIENTO DE AFECTACIÓN A DERECHOS INDIVIDUALES,ENTREGA DE EXPEDIENTE SICT - PROCURADURÍA AGRARIA.,entrega de expediente SICT–PA,general,indemnizacion.fecha_entrega_expediente_pa,Indemnizacion,/api/afectaciones/{id}/indemnizacion,Indemnización y Pagos,OK
SEGUIMIENTO DE ACTIVIDADES LIBERACIÓN DE VIAS-INDIVIDUALES-MQ.xlsx,PROPUESTA,BI,SEGUIMIENTO DE AFECTACIÓN A DERECHOS INDIVIDUALES → INFORME DE NO CONFLICTOS,NO. DE OFICIO FIFONAFE A DGAOPR/REPRESENTACIÓN Y FECHA,informe de no conflictos FIFONAFE,general,tramite_fifonafe,TramiteFifonafe,/api/proyecto-nucleo/{id}/fifonafe,FIFONAFE,OK
SEGUIMIENTO DE ACTIVIDADES LIBERACIÓN DE VIAS-INDIVIDUALES-MQ.xlsx,PROPUESTA,BJ,INFORME DE NO CONFLICTOS,NO. DE OFICIO DGAOPR A REPRESENTACIÓN Y FECHA,oficio operativo,general,tramite_fifonafe oficios o documento,TramiteFifonafe/Documento,/api/proyecto-nucleo/{id}/fifonafe,FIFONAFE · Secuencia de oficios,OK
SEGUIMIENTO DE ACTIVIDADES LIBERACIÓN DE VIAS-INDIVIDUALES-MQ.xlsx,PROPUESTA,BK,INFORME DE NO CONFLICTOS,RESPUESTA REPRESENTACIÓN A DGAOPR NO. DE OFICIO Y FECHA,oficio operativo,general,tramite_fifonafe oficios o documento,TramiteFifonafe/Documento,/api/proyecto-nucleo/{id}/fifonafe,FIFONAFE · Secuencia de oficios,OK
SEGUIMIENTO DE ACTIVIDADES LIBERACIÓN DE VIAS-INDIVIDUALES-MQ.xlsx,PROPUESTA,BL,INFORME DE NO CONFLICTOS,RESPUESTA DGAOPR/REPRESENTACIÓN A FIFONAFE NO. DE OFICIO Y FECHA,informe de no conflictos FIFONAFE,general,tramite_fifonafe,TramiteFifonafe,/api/proyecto-nucleo/{id}/fifonafe,FIFONAFE,OK
SEGUIMIENTO DE ACTIVIDADES LIBERACIÓN DE VIAS-INDIVIDUALES-MQ.xlsx,PROPUESTA,BM,General,OBSERVACIONES / ACUERDOS,observaciones operativas,general,observaciones de la entidad correspondiente,Schema de entidad,endpoint del proceso,Detalle del proceso · Observaciones,OK
SEGUIMIENTO DE ACTIVIDADES LIBERACIÓN DE VIAS-INDIVIDUALES-MQ.xlsx,PROPUESTA,BN,General,VALIDACIÓN PA/SICT,validación operativa PA/SICT,general,sin atributo inequívoco,—,—,FIFONAFE,DECISION_FUNCIONAL_REQUERIDA
SEGUIMIENTO DE ACTIVIDADES LIBERACIÓN DE VIAS-INDIVIDUALES-MQ.xlsx,PROPUESTA,BO,General,OFICIO RAN PARCELAS CON AFECTACIÓN,identificación de parcela,individual,parcela.numero_parcela/tipo_parcela,Parcela,/api/nucleos/{id}/parcelas,Afectación individual · Parcela,OK
SEGUIMIENTO DE ACTIVIDADES LIBERACIÓN DE VIAS-INDIVIDUALES-MQ.xlsx,PROPUESTA,BP,General,OBSERVACIONES,observaciones operativas,general,observaciones de la entidad correspondiente,Schema de entidad,endpoint del proceso,Detalle del proceso · Observaciones,OK
SEGUIMIENTO DE ACTIVIDADES LIBERACIÓN DE VIAS-INDIVIDUALES-MQ.xlsx,PROPUESTA,BQ,General,*SOPORTE,soporte documental,general,documento/documento_version/documento_vinculo,Documento,/api/documentos,Documentos,OK
SEGUIMIENTO DE ACTIVIDADES LIBERACIÓN DE VIAS-INDIVIDUALES-MQ.xlsx,COP´S PENDIENTES,A,DATOS GENERALES,NUM.,orden de hoja,general,—,—,—,No se captura,NO_APLICA
SEGUIMIENTO DE ACTIVIDADES LIBERACIÓN DE VIAS-INDIVIDUALES-MQ.xlsx,COP´S PENDIENTES,B,DATOS GENERALES,ENTIDAD,entidad federativa,general,entidad_federativa.nombre,EntidadFederativa,/api/catalogos/entidades,Selector de contexto · ENTIDAD,OK
SEGUIMIENTO DE ACTIVIDADES LIBERACIÓN DE VIAS-INDIVIDUALES-MQ.xlsx,COP´S PENDIENTES,C,DATOS GENERALES,MUNICIPIO,municipio,general,municipio.nombre,Municipio,/api/catalogos/municipios,Selector de contexto · MUNICIPIO,OK
SEGUIMIENTO DE ACTIVIDADES LIBERACIÓN DE VIAS-INDIVIDUALES-MQ.xlsx,COP´S PENDIENTES,D,DATOS GENERALES,RESIDENCIA,residencia administrativa,general,proyecto_nucleo.residencia,ProyectoNucleo,/api/proyecto-nucleo/{id},General · RESIDENCIA,OK
SEGUIMIENTO DE ACTIVIDADES LIBERACIÓN DE VIAS-INDIVIDUALES-MQ.xlsx,COP´S PENDIENTES,E,DATOS GENERALES,CONSECUTIVO,consecutivo operativo,general,proyecto_nucleo_referencia.valor,ProyectoNucleoReferencia,/api/proyecto-nucleo/{id}/referencias,General · CONSECUTIVO,OK
SEGUIMIENTO DE ACTIVIDADES LIBERACIÓN DE VIAS-INDIVIDUALES-MQ.xlsx,COP´S PENDIENTES,F,DATOS GENERALES,NÚCLEO AGRARIO,núcleo agrario,general,nucleo_agrario.nombre,NucleoAgrario,/api/proyectos/{id}/nucleos,Selector de contexto · NÚCLEO AGRARIO,OK
SEGUIMIENTO DE ACTIVIDADES LIBERACIÓN DE VIAS-INDIVIDUALES-MQ.xlsx,COP´S PENDIENTES,G,DATOS GENERALES,E/C,ejido o comunidad,general,nucleo_agrario.tipo_nucleo,NucleoAgrario,/api/proyectos/{id}/nucleos,General · E/C,OK
SEGUIMIENTO DE ACTIVIDADES LIBERACIÓN DE VIAS-INDIVIDUALES-MQ.xlsx,COP´S PENDIENTES,H,DATOS GENERALES,NOMBRE DE LA PERSONA ORGANIZADORA AGRARIA RESPONSABLE,persona organizadora agraria responsable,general,proyecto_nucleo.responsable_nombre,ProyectoNucleo,/api/proyecto-nucleo/{id},General · PERSONA ORGANIZADORA RESPONSABLE,OK
SEGUIMIENTO DE ACTIVIDADES LIBERACIÓN DE VIAS-INDIVIDUALES-MQ.xlsx,COP´S PENDIENTES,I,DATOS GENERALES,DATOS DE CONTACTO (TELÉFONO),ejido o comunidad,general,nucleo_agrario.tipo_nucleo,NucleoAgrario,/api/proyectos/{id}/nucleos,General · E/C,OK
SEGUIMIENTO DE ACTIVIDADES LIBERACIÓN DE VIAS-INDIVIDUALES-MQ.xlsx,COP´S PENDIENTES,J,DATOS GENERALES,TIPO DE PARCELA (INDIVIDUAL),identificación de parcela,individual,parcela.numero_parcela/tipo_parcela,Parcela,/api/nucleos/{id}/parcelas,Afectación individual · Parcela,OK
SEGUIMIENTO DE ACTIVIDADES LIBERACIÓN DE VIAS-INDIVIDUALES-MQ.xlsx,COP´S PENDIENTES,K,DATOS GENERALES,NO. DE PARCELA,identificación de parcela,individual,parcela.numero_parcela/tipo_parcela,Parcela,/api/nucleos/{id}/parcelas,Afectación individual · Parcela,OK
SEGUIMIENTO DE ACTIVIDADES LIBERACIÓN DE VIAS-INDIVIDUALES-MQ.xlsx,COP´S PENDIENTES,L,DATOS GENERALES,NO. DE PARCELA PPT,identificación de parcela,individual,parcela.numero_parcela/tipo_parcela,Parcela,/api/nucleos/{id}/parcelas,Afectación individual · Parcela,OK
SEGUIMIENTO DE ACTIVIDADES LIBERACIÓN DE VIAS-INDIVIDUALES-MQ.xlsx,COP´S PENDIENTES,M,DATOS GENERALES,NOMBRE DE LA PERSONA TITULAR DE LA PARCELA,identificación de parcela,individual,parcela.numero_parcela/tipo_parcela,Parcela,/api/nucleos/{id}/parcelas,Afectación individual · Parcela,OK
SEGUIMIENTO DE ACTIVIDADES LIBERACIÓN DE VIAS-INDIVIDUALES-MQ.xlsx,COP´S PENDIENTES,N,DATOS GENERALES,CONSTANCIA DE VIGENCIA DE DERECHOS (FECHA),constancia de vigencia de derechos,individual,parcela.constancia_vigencia_fecha + documento,Parcela,/api/nucleos/{id}/parcelas,Parcelas · Vigencia de derechos,OK
SEGUIMIENTO DE ACTIVIDADES LIBERACIÓN DE VIAS-INDIVIDUALES-MQ.xlsx,COP´S PENDIENTES,O,DATOS GENERALES,CERTIFICADO PARCELARIO,identificación de parcela,individual,parcela.numero_parcela/tipo_parcela,Parcela,/api/nucleos/{id}/parcelas,Afectación individual · Parcela,OK
SEGUIMIENTO DE ACTIVIDADES LIBERACIÓN DE VIAS-INDIVIDUALES-MQ.xlsx,COP´S PENDIENTES,P,DATOS GENERALES,FOLIO DE DERECHOS,folio de derechos,individual,parcela.folio_derechos,Parcela,/api/nucleos/{id}/parcelas,Parcelas · Folio de derechos,OK
SEGUIMIENTO DE ACTIVIDADES LIBERACIÓN DE VIAS-INDIVIDUALES-MQ.xlsx,COP´S PENDIENTES,Q,General,CLAVE DEL TRAMO,referencia histórica del tramo,general,proyecto_nucleo_referencia.tipo/valor,ProyectoNucleoReferencia,/api/proyecto-nucleo/{id}/referencias,General · Referencias del tramo,REFERENCIA_LEGACY
SEGUIMIENTO DE ACTIVIDADES LIBERACIÓN DE VIAS-INDIVIDUALES-MQ.xlsx,COP´S PENDIENTES,R,General,NÚMERO DE TRAMO,referencia histórica del tramo,general,proyecto_nucleo_referencia.tipo/valor,ProyectoNucleoReferencia,/api/proyecto-nucleo/{id}/referencias,General · Referencias del tramo,REFERENCIA_LEGACY
SEGUIMIENTO DE ACTIVIDADES LIBERACIÓN DE VIAS-INDIVIDUALES-MQ.xlsx,COP´S PENDIENTES,S,SEGUIMIENTO DE AFECTACIÓN A DERECHOS INDIVIDUALES → CONVENIO DE OCUPACIÓN PREVIA - INSCRIPCIÓN,CONVENIO FIRMADO (FECHA),seguimiento de convenio,general,convenio,Convenio,/api/afectaciones/{id}/convenios,Convenios,OK
SEGUIMIENTO DE ACTIVIDADES LIBERACIÓN DE VIAS-INDIVIDUALES-MQ.xlsx,COP´S PENDIENTES,T,SEGUIMIENTO DE AFECTACIÓN A DERECHOS INDIVIDUALES → CONVENIO DE OCUPACIÓN PREVIA - INSCRIPCIÓN,CONVENIO MONTO 90%,monto 90 por ciento,general,convenio.monto_90,Convenio,/api/convenios/{id},Convenios · MONTO 90%,OK
SEGUIMIENTO DE ACTIVIDADES LIBERACIÓN DE VIAS-INDIVIDUALES-MQ.xlsx,COP´S PENDIENTES,U,SEGUIMIENTO DE AFECTACIÓN A DERECHOS INDIVIDUALES → CONVENIO DE OCUPACIÓN PREVIA - INSCRIPCIÓN,CONVENIO MONTO 100%,monto 100 por ciento,general,convenio.monto_100,Convenio,/api/convenios/{id},Convenios · MONTO 100%,OK
SEGUIMIENTO DE ACTIVIDADES LIBERACIÓN DE VIAS-INDIVIDUALES-MQ.xlsx,COP´S PENDIENTES,V,SEGUIMIENTO DE AFECTACIÓN A DERECHOS INDIVIDUALES → CONVENIO DE OCUPACIÓN PREVIA - INSCRIPCIÓN,MONTO BDT,monto BDT,general,convenio.monto_bdt,Convenio,/api/convenios/{id},Convenios · MONTO BDT,OK
SEGUIMIENTO DE ACTIVIDADES LIBERACIÓN DE VIAS-INDIVIDUALES-MQ.xlsx,COP´S PENDIENTES,W,SEGUIMIENTO DE AFECTACIÓN A DERECHOS INDIVIDUALES → CONVENIO DE OCUPACIÓN PREVIA - INSCRIPCIÓN,TRIMESTRE,periodo derivado de fecha,general,vista KPI,DashboardKPI,/api/dashboard,Dashboard,DERIVADO
SEGUIMIENTO DE ACTIVIDADES LIBERACIÓN DE VIAS-INDIVIDUALES-MQ.xlsx,COP´S PENDIENTES,X,SEGUIMIENTO DE AFECTACIÓN A DERECHOS INDIVIDUALES → CONVENIO DE OCUPACIÓN PREVIA - INSCRIPCIÓN,CONVENIO INGRESADO AL RAN (FECHA),seguimiento de convenio,general,convenio,Convenio,/api/afectaciones/{id}/convenios,Convenios,OK
SEGUIMIENTO DE ACTIVIDADES LIBERACIÓN DE VIAS-INDIVIDUALES-MQ.xlsx,COP´S PENDIENTES,Y,SEGUIMIENTO DE AFECTACIÓN A DERECHOS INDIVIDUALES → CONVENIO DE OCUPACIÓN PREVIA - INSCRIPCIÓN,NO. DE SOLICITUD DE INGRESO,seguimiento de convenio,general,convenio,Convenio,/api/afectaciones/{id}/convenios,Convenios,OK
SEGUIMIENTO DE ACTIVIDADES LIBERACIÓN DE VIAS-INDIVIDUALES-MQ.xlsx,COP´S PENDIENTES,Z,SEGUIMIENTO DE AFECTACIÓN A DERECHOS INDIVIDUALES → CONVENIO DE OCUPACIÓN PREVIA - INSCRIPCIÓN,TRIMESTRE2,periodo derivado de fecha,general,vista KPI,DashboardKPI,/api/dashboard,Dashboard,DERIVADO
SEGUIMIENTO DE ACTIVIDADES LIBERACIÓN DE VIAS-INDIVIDUALES-MQ.xlsx,COP´S PENDIENTES,AA,SEGUIMIENTO DE AFECTACIÓN A DERECHOS INDIVIDUALES → CONVENIO DE OCUPACIÓN PREVIA - INSCRIPCIÓN,CALIFICACIÓN REGISTRAL,seguimiento de convenio,general,convenio,Convenio,/api/afectaciones/{id}/convenios,Convenios,OK
SEGUIMIENTO DE ACTIVIDADES LIBERACIÓN DE VIAS-INDIVIDUALES-MQ.xlsx,COP´S PENDIENTES,AB,SEGUIMIENTO DE AFECTACIÓN A DERECHOS INDIVIDUALES → CONVENIO DE OCUPACIÓN PREVIA - INSCRIPCIÓN,CONVENIO INSCRITO EN EL RAN (FECHA),seguimiento de convenio,general,convenio,Convenio,/api/afectaciones/{id}/convenios,Convenios,OK
SEGUIMIENTO DE ACTIVIDADES LIBERACIÓN DE VIAS-INDIVIDUALES-MQ.xlsx,COP´S PENDIENTES,AC,SEGUIMIENTO DE AFECTACIÓN A DERECHOS INDIVIDUALES,TRIMESTRE22,periodo derivado de fecha,general,vista KPI,DashboardKPI,/api/dashboard,Dashboard,DERIVADO
SEGUIMIENTO DE ACTIVIDADES LIBERACIÓN DE VIAS-INDIVIDUALES-MQ.xlsx,COP´S PENDIENTES,AD,SEGUIMIENTO DE AFECTACIÓN A DERECHOS INDIVIDUALES,CONVENIO MODIFICATORIO (FECHA),seguimiento de convenio,general,convenio,Convenio,/api/afectaciones/{id}/convenios,Convenios,OK
SEGUIMIENTO DE ACTIVIDADES LIBERACIÓN DE VIAS-INDIVIDUALES-MQ.xlsx,COP´S PENDIENTES,AE,SEGUIMIENTO DE AFECTACIÓN A DERECHOS INDIVIDUALES,CONVENIO MONTO 90%2,monto 90 por ciento,general,convenio.monto_90,Convenio,/api/convenios/{id},Convenios · MONTO 90%,OK
SEGUIMIENTO DE ACTIVIDADES LIBERACIÓN DE VIAS-INDIVIDUALES-MQ.xlsx,COP´S PENDIENTES,AF,SEGUIMIENTO DE AFECTACIÓN A DERECHOS INDIVIDUALES,CONVENIO MONTO 100% 2,monto 100 por ciento,general,convenio.monto_100,Convenio,/api/convenios/{id},Convenios · MONTO 100%,OK
SEGUIMIENTO DE ACTIVIDADES LIBERACIÓN DE VIAS-INDIVIDUALES-MQ.xlsx,COP´S PENDIENTES,AG,SEGUIMIENTO DE AFECTACIÓN A DERECHOS INDIVIDUALES → INDEMNIZACIÓN,"ESTATUS (COMPLETO, PENDIENTE, PROGRAMADO)",indemnización,general,indemnizacion,Indemnizacion,/api/afectaciones/{id}/indemnizacion,Indemnización y Pagos,OK
SEGUIMIENTO DE ACTIVIDADES LIBERACIÓN DE VIAS-INDIVIDUALES-MQ.xlsx,COP´S PENDIENTES,AH,SEGUIMIENTO DE AFECTACIÓN A DERECHOS INDIVIDUALES,ENTREGA DE EXPEDIENTE SICT - PROCURADURÍA AGRARIA.,entrega de expediente SICT–PA,general,indemnizacion.fecha_entrega_expediente_pa,Indemnizacion,/api/afectaciones/{id}/indemnizacion,Indemnización y Pagos,OK
SEGUIMIENTO DE ACTIVIDADES LIBERACIÓN DE VIAS-INDIVIDUALES-MQ.xlsx,COP´S PENDIENTES,AI,SEGUIMIENTO DE AFECTACIÓN A DERECHOS INDIVIDUALES,SUPERFICIE TOTAL (HA).,superficie administrativa en hectáreas,general,afectacion/convenio.superficie_*_ha,Afectacion/Convenio,/api/proyecto-nucleo/{id}/afectaciones,Afectación o Convenio · Superficie (ha),OK
SEGUIMIENTO DE ACTIVIDADES LIBERACIÓN DE VIAS-INDIVIDUALES-MQ.xlsx,COP´S PENDIENTES,AJ,General,OBSERVACIONES / ACUERDOS,observaciones operativas,general,observaciones de la entidad correspondiente,Schema de entidad,endpoint del proceso,Detalle del proceso · Observaciones,OK
SEGUIMIENTO DE ACTIVIDADES LIBERACIÓN DE VIAS-INDIVIDUALES-MQ.xlsx,COP´S PENDIENTES,AK,General,VALIDACIÓN PA/SICT,validación operativa PA/SICT,general,sin atributo inequívoco,—,—,FIFONAFE,DECISION_FUNCIONAL_REQUERIDA
SEGUIMIENTO DE ACTIVIDADES LIBERACIÓN DE VIAS-INDIVIDUALES-MQ.xlsx,COP´S PENDIENTES,AL,General,OFICIO RAN PARCELAS CON AFECTACIÓN,identificación de parcela,individual,parcela.numero_parcela/tipo_parcela,Parcela,/api/nucleos/{id}/parcelas,Afectación individual · Parcela,OK
SEGUIMIENTO DE ACTIVIDADES LIBERACIÓN DE VIAS-INDIVIDUALES-MQ.xlsx,COP´S PENDIENTES,AM,General,OBSERVACIONES,observaciones operativas,general,observaciones de la entidad correspondiente,Schema de entidad,endpoint del proceso,Detalle del proceso · Observaciones,OK
SEGUIMIENTO DE ACTIVIDADES LIBERACIÓN DE VIAS-INDIVIDUALES-MQ.xlsx,COP´S PENDIENTES,AN,General,SOPORTE DOCUMENTAL,soporte documental,general,documento/documento_version/documento_vinculo,Documento,/api/documentos,Documentos,OK
SEGUIMIENTO DE ACTIVIDADES LIBERACIÓN DE VIAS-INDIVIDUALES-MQ.xlsx,Hoja1,B,General,ENTIDAD,entidad federativa,general,entidad_federativa.nombre,EntidadFederativa,/api/catalogos/entidades,Selector de contexto · ENTIDAD,OK
SEGUIMIENTO DE ACTIVIDADES LIBERACIÓN DE VIAS-INDIVIDUALES-MQ.xlsx,Hoja1,C,General,MUNICIPIO,municipio,general,municipio.nombre,Municipio,/api/catalogos/municipios,Selector de contexto · MUNICIPIO,OK
SEGUIMIENTO DE ACTIVIDADES LIBERACIÓN DE VIAS-INDIVIDUALES-MQ.xlsx,Hoja1,D,General,NÚCLEO AGRARIO,núcleo agrario,general,nucleo_agrario.nombre,NucleoAgrario,/api/proyectos/{id}/nucleos,Selector de contexto · NÚCLEO AGRARIO,OK
SEGUIMIENTO DE ACTIVIDADES LIBERACIÓN DE VIAS-INDIVIDUALES-MQ.xlsx,Hoja1,E,General,TOTAL DE COPS,indicador agregado,general,vw_dashboard_kpi,DashboardKPI,/api/dashboard,Dashboard,DERIVADO
SEGUIMIENTO DE ACTIVIDADES LIBERACIÓN DE VIAS-INDIVIDUALES-MQ.xlsx,Hoja1,F,General,FECHA PROGRAMADA PARA FIRMA,indicador agregado,general,vw_dashboard_kpi,DashboardKPI,/api/dashboard,Dashboard,DERIVADO
SEGUIMIENTO DE ACTIVIDADES LIBERACIÓN DE VIAS-INDIVIDUALES-MQ.xlsx,Hoja1,G,General,NO. DE COPS A FIRMAR,indicador agregado,general,vw_dashboard_kpi,DashboardKPI,/api/dashboard,Dashboard,DERIVADO
SEGUIMIENTO DE ACTIVIDADES LIBERACIÓN DE VIAS-INDIVIDUALES-MQ.xlsx,Hoja1,H,COP FIRMADOS,INDIVIDUAL,indicador agregado,general,vw_dashboard_kpi,DashboardKPI,/api/dashboard,Dashboard,DERIVADO
SEGUIMIENTO DE ACTIVIDADES LIBERACIÓN DE VIAS-INDIVIDUALES-MQ.xlsx,Hoja1,I,General,SOPORTE DOCUMENTAL,indicador agregado,general,vw_dashboard_kpi,DashboardKPI,/api/dashboard,Dashboard,DERIVADO
SEGUIMIENTO DE ACTIVIDADES LIBERACIÓN DE VIAS-INDIVIDUALES-MQ.xlsx,Hoja1,J,COP INGRESADOS AL RAN,INDIVIDUAL,indicador agregado,general,vw_dashboard_kpi,DashboardKPI,/api/dashboard,Dashboard,DERIVADO
SEGUIMIENTO DE ACTIVIDADES LIBERACIÓN DE VIAS-INDIVIDUALES-MQ.xlsx,Hoja1,K,COP INSCRITOS,INDIVIDUAL,indicador agregado,general,vw_dashboard_kpi,DashboardKPI,/api/dashboard,Dashboard,DERIVADO
SEGUIMIENTO DE ACTIVIDADES LIBERACIÓN DE VIAS-INDIVIDUALES-MQ.xlsx,Hoja1,L,General,OBSERVACIONES,indicador agregado,general,vw_dashboard_kpi,DashboardKPI,/api/dashboard,Dashboard,DERIVADO
Copia de SEGUIMIENTO DE ACTIVIDADES LIBERACIÓN DE VIAS (REV) MQ.xlsx,General,A,General,Num.,orden de hoja,general,—,—,—,No se captura,NO_APLICA
Copia de SEGUIMIENTO DE ACTIVIDADES LIBERACIÓN DE VIAS (REV) MQ.xlsx,General,B,General,Municipio,municipio,general,municipio.nombre,Municipio,/api/catalogos/municipios,Selector de contexto · MUNICIPIO,OK
Copia de SEGUIMIENTO DE ACTIVIDADES LIBERACIÓN DE VIAS (REV) MQ.xlsx,General,C,General,Núcleo agrario,núcleo agrario,general,nucleo_agrario.nombre,NucleoAgrario,/api/proyectos/{id}/nucleos,Selector de contexto · NÚCLEO AGRARIO,OK
Copia de SEGUIMIENTO DE ACTIVIDADES LIBERACIÓN DE VIAS (REV) MQ.xlsx,General,D,General,N° de Ejidatarios de acuerdo a padrón,padrón vigente,general,padron_historial.fecha_padron/numero_sujetos,PadronHistorial,/api/nucleos/{id}/padrones,ORV y Padrón · Padrón,OK
Copia de SEGUIMIENTO DE ACTIVIDADES LIBERACIÓN DE VIAS (REV) MQ.xlsx,General,E,General,Acta de elección inscrita en RAN,seguimiento registral RAN,general,"asamblea/convenio fechas, solicitud y calificación",Asamblea/Convenio,/api/proyecto-nucleo/{id}/asambleas,Asambleas o Convenios · Seguimiento RAN,OK
Copia de SEGUIMIENTO DE ACTIVIDADES LIBERACIÓN DE VIAS (REV) MQ.xlsx,General,F,Superficie afectable,Tierras de Uso Común ó infraestructura,superficie administrativa en hectáreas,general,afectacion/convenio.superficie_*_ha,Afectacion/Convenio,/api/proyecto-nucleo/{id}/afectaciones,Afectación o Convenio · Superficie (ha),OK
Copia de SEGUIMIENTO DE ACTIVIDADES LIBERACIÓN DE VIAS (REV) MQ.xlsx,General,G,Superficie afectable,"Tierras Parceladas (Parcela Escolar, UAIM, de la Juventud, etc.) a favor del ejido",identificación de parcela,individual,parcela.numero_parcela/tipo_parcela,Parcela,/api/nucleos/{id}/parcelas,Afectación individual · Parcela,OK
Copia de SEGUIMIENTO DE ACTIVIDADES LIBERACIÓN DE VIAS (REV) MQ.xlsx,General,H,General,Asamblea de Anuencia y aprobación de Convenio de ocupación previa COP (fecha),ejido o comunidad,general,nucleo_agrario.tipo_nucleo,NucleoAgrario,/api/proyectos/{id}/nucleos,General · E/C,OK
Copia de SEGUIMIENTO DE ACTIVIDADES LIBERACIÓN DE VIAS (REV) MQ.xlsx,General,I,General,Asamblea de firma de convenio de Ocupación previa y Pago de Indemnización (fecha),ejido o comunidad,general,nucleo_agrario.tipo_nucleo,NucleoAgrario,/api/proyectos/{id}/nucleos,General · E/C,OK
Copia de SEGUIMIENTO DE ACTIVIDADES LIBERACIÓN DE VIAS (REV) MQ.xlsx,General,J,General,Entrega de expediente SICT - Procuraduría Agraria (fecha),entrega de expediente SICT–PA,general,indemnizacion.fecha_entrega_expediente_pa,Indemnizacion,/api/afectaciones/{id}/indemnizacion,Indemnización y Pagos,OK
Copia de SEGUIMIENTO DE ACTIVIDADES LIBERACIÓN DE VIAS (REV) MQ.xlsx,General,K,Ingreso de Expediente al RAN Acta de asamblea,Fecha,seguimiento de Asamblea,colectivo,asamblea,Asamblea,/api/proyecto-nucleo/{id}/asambleas,Asambleas,OK
Copia de SEGUIMIENTO DE ACTIVIDADES LIBERACIÓN DE VIAS (REV) MQ.xlsx,General,L,Ingreso de Expediente al RAN Acta de asamblea,N° Solicitud de tramite,seguimiento de Asamblea,colectivo,asamblea,Asamblea,/api/proyecto-nucleo/{id}/asambleas,Asambleas,OK
Copia de SEGUIMIENTO DE ACTIVIDADES LIBERACIÓN DE VIAS (REV) MQ.xlsx,General,M,General,Inscipción RAN (fecha y folio),seguimiento registral RAN,general,"asamblea/convenio fechas, solicitud y calificación",Asamblea/Convenio,/api/proyecto-nucleo/{id}/asambleas,Asambleas o Convenios · Seguimiento RAN,OK
Copia de SEGUIMIENTO DE ACTIVIDADES LIBERACIÓN DE VIAS (REV) MQ.xlsx,General,N,Ingreso de Expediente al RAN Convenio de ocupación previa,Fecha,seguimiento de convenio,general,convenio,Convenio,/api/afectaciones/{id}/convenios,Convenios,OK
Copia de SEGUIMIENTO DE ACTIVIDADES LIBERACIÓN DE VIAS (REV) MQ.xlsx,General,O,Ingreso de Expediente al RAN Convenio de ocupación previa,N° Solicitud de tramite,seguimiento de convenio,general,convenio,Convenio,/api/afectaciones/{id}/convenios,Convenios,OK
Copia de SEGUIMIENTO DE ACTIVIDADES LIBERACIÓN DE VIAS (REV) MQ.xlsx,General,P,General,Inscipción RAN,seguimiento registral RAN,general,"asamblea/convenio fechas, solicitud y calificación",Asamblea/Convenio,/api/proyecto-nucleo/{id}/asambleas,Asambleas o Convenios · Seguimiento RAN,OK
Copia de SEGUIMIENTO DE ACTIVIDADES LIBERACIÓN DE VIAS (REV) MQ.xlsx,General,Q,General,Observaciones,observaciones operativas,general,observaciones de la entidad correspondiente,Schema de entidad,endpoint del proceso,Detalle del proceso · Observaciones,OK
Copia de SEGUIMIENTO DE ACTIVIDADES LIBERACIÓN DE VIAS (REV) MQ.xlsx,General,R,General,Validación PA/SICT,validación operativa PA/SICT,general,sin atributo inequívoco,—,—,FIFONAFE,DECISION_FUNCIONAL_REQUERIDA
Copia de SEGUIMIENTO DE ACTIVIDADES LIBERACIÓN DE VIAS (REV) MQ.xlsx,INFORME M-Q,A,DATOS GENERALES,NUM.,orden de hoja,general,—,—,—,No se captura,NO_APLICA
Copia de SEGUIMIENTO DE ACTIVIDADES LIBERACIÓN DE VIAS (REV) MQ.xlsx,INFORME M-Q,B,DATOS GENERALES,ENTIDAD,entidad federativa,general,entidad_federativa.nombre,EntidadFederativa,/api/catalogos/entidades,Selector de contexto · ENTIDAD,OK
Copia de SEGUIMIENTO DE ACTIVIDADES LIBERACIÓN DE VIAS (REV) MQ.xlsx,INFORME M-Q,C,DATOS GENERALES,MUNICIPIO,municipio,general,municipio.nombre,Municipio,/api/catalogos/municipios,Selector de contexto · MUNICIPIO,OK
Copia de SEGUIMIENTO DE ACTIVIDADES LIBERACIÓN DE VIAS (REV) MQ.xlsx,INFORME M-Q,D,DATOS GENERALES,RESIDENCIA,residencia administrativa,general,proyecto_nucleo.residencia,ProyectoNucleo,/api/proyecto-nucleo/{id},General · RESIDENCIA,OK
Copia de SEGUIMIENTO DE ACTIVIDADES LIBERACIÓN DE VIAS (REV) MQ.xlsx,INFORME M-Q,E,DATOS GENERALES,CONSECUTIVO,consecutivo operativo,general,proyecto_nucleo_referencia.valor,ProyectoNucleoReferencia,/api/proyecto-nucleo/{id}/referencias,General · CONSECUTIVO,OK
Copia de SEGUIMIENTO DE ACTIVIDADES LIBERACIÓN DE VIAS (REV) MQ.xlsx,INFORME M-Q,F,DATOS GENERALES,NÚCLEO AGRARIO,núcleo agrario,general,nucleo_agrario.nombre,NucleoAgrario,/api/proyectos/{id}/nucleos,Selector de contexto · NÚCLEO AGRARIO,OK
Copia de SEGUIMIENTO DE ACTIVIDADES LIBERACIÓN DE VIAS (REV) MQ.xlsx,INFORME M-Q,G,DATOS GENERALES,E/C,ejido o comunidad,general,nucleo_agrario.tipo_nucleo,NucleoAgrario,/api/proyectos/{id}/nucleos,General · E/C,OK
Copia de SEGUIMIENTO DE ACTIVIDADES LIBERACIÓN DE VIAS (REV) MQ.xlsx,INFORME M-Q,H,DATOS GENERALES,NOMBRE DE LA PERSONA ORGANIZADORA AGRARIA RESPONSABLE,persona organizadora agraria responsable,general,proyecto_nucleo.responsable_nombre,ProyectoNucleo,/api/proyecto-nucleo/{id},General · PERSONA ORGANIZADORA RESPONSABLE,OK
Copia de SEGUIMIENTO DE ACTIVIDADES LIBERACIÓN DE VIAS (REV) MQ.xlsx,INFORME M-Q,I,DATOS GENERALES,DATOS DE CONTACTO (TELÉFONO),ejido o comunidad,general,nucleo_agrario.tipo_nucleo,NucleoAgrario,/api/proyectos/{id}/nucleos,General · E/C,OK
Copia de SEGUIMIENTO DE ACTIVIDADES LIBERACIÓN DE VIAS (REV) MQ.xlsx,INFORME M-Q,J,DATOS GENERALES,DESTINO DE LA SUPERFICIE,destino de la superficie,general,afectacion.destino_superficie,Afectacion,/api/proyecto-nucleo/{id}/afectaciones,Afectación · DESTINO DE LA SUPERFICIE,OK
Copia de SEGUIMIENTO DE ACTIVIDADES LIBERACIÓN DE VIAS (REV) MQ.xlsx,INFORME M-Q,K,DATOS GENERALES,NO. DE PARCELA/SOLAR,identificación de parcela,individual,parcela.numero_parcela/tipo_parcela,Parcela,/api/nucleos/{id}/parcelas,Afectación individual · Parcela,OK
Copia de SEGUIMIENTO DE ACTIVIDADES LIBERACIÓN DE VIAS (REV) MQ.xlsx,INFORME M-Q,L,DATOS GENERALES,FECHA DE PADRÓN,padrón vigente,general,padron_historial.fecha_padron/numero_sujetos,PadronHistorial,/api/nucleos/{id}/padrones,ORV y Padrón · Padrón,OK
Copia de SEGUIMIENTO DE ACTIVIDADES LIBERACIÓN DE VIAS (REV) MQ.xlsx,INFORME M-Q,M,DATOS GENERALES,PADRÓN: NÚMERO DE EJIDATARIOS/ COMUNEROS,padrón vigente,general,padron_historial.fecha_padron/numero_sujetos,PadronHistorial,/api/nucleos/{id}/padrones,ORV y Padrón · Padrón,OK
Copia de SEGUIMIENTO DE ACTIVIDADES LIBERACIÓN DE VIAS (REV) MQ.xlsx,INFORME M-Q,N,DATOS GENERALES,ORV VIGENTES (SI/NO),vigencia o estado de ORV,general,orv.inicio_vigencia/fin_vigencia/acta_inscrita_ran,ORV,/api/nucleos/{id}/orv,ORV y Padrón,OK
Copia de SEGUIMIENTO DE ACTIVIDADES LIBERACIÓN DE VIAS (REV) MQ.xlsx,INFORME M-Q,O,DATOS GENERALES,FECHA DE VENCIMIENTO DE ORV,vigencia o estado de ORV,general,orv.inicio_vigencia/fin_vigencia/acta_inscrita_ran,ORV,/api/nucleos/{id}/orv,ORV y Padrón,OK
Copia de SEGUIMIENTO DE ACTIVIDADES LIBERACIÓN DE VIAS (REV) MQ.xlsx,INFORME M-Q,P,DATOS GENERALES,ACTA DE ELECCIÓN DE ORV INSCRITA EN EL RAN (SI/NO),vigencia o estado de ORV,general,orv.inicio_vigencia/fin_vigencia/acta_inscrita_ran,ORV,/api/nucleos/{id}/orv,ORV y Padrón,OK
Copia de SEGUIMIENTO DE ACTIVIDADES LIBERACIÓN DE VIAS (REV) MQ.xlsx,INFORME M-Q,Q,General,CLAVE DEL TRAMO,referencia histórica del tramo,general,proyecto_nucleo_referencia.tipo/valor,ProyectoNucleoReferencia,/api/proyecto-nucleo/{id}/referencias,General · Referencias del tramo,REFERENCIA_LEGACY
Copia de SEGUIMIENTO DE ACTIVIDADES LIBERACIÓN DE VIAS (REV) MQ.xlsx,INFORME M-Q,R,General,NÚMERO DE TRAMO,referencia histórica del tramo,general,proyecto_nucleo_referencia.tipo/valor,ProyectoNucleoReferencia,/api/proyecto-nucleo/{id}/referencias,General · Referencias del tramo,REFERENCIA_LEGACY
Copia de SEGUIMIENTO DE ACTIVIDADES LIBERACIÓN DE VIAS (REV) MQ.xlsx,INFORME M-Q,S,SEGUIMIENTO DE AFECTACIÓN A DERECHOS COLECTIVOS → SENSIBILIZACIÓN,REUNIÓN PROGRAMADA (FECHA),actividad de sensibilización,general,actividad_campo,ActividadCampo,/api/proyecto-nucleo/{id}/actividades,Actividades · Sensibilización,OK
Copia de SEGUIMIENTO DE ACTIVIDADES LIBERACIÓN DE VIAS (REV) MQ.xlsx,INFORME M-Q,T,SEGUIMIENTO DE AFECTACIÓN A DERECHOS COLECTIVOS → SENSIBILIZACIÓN,PROGRAMADA POR NA,marca operativa por núcleo agrario,general,derivado/documentado desde actividad,ActividadCampo,/api/proyecto-nucleo/{id}/actividades,Actividades · contexto operativo,DERIVADO
Copia de SEGUIMIENTO DE ACTIVIDADES LIBERACIÓN DE VIAS (REV) MQ.xlsx,INFORME M-Q,U,SEGUIMIENTO DE AFECTACIÓN A DERECHOS COLECTIVOS → SENSIBILIZACIÓN,REUNIÓN REALIZADA (FECHA),actividad de sensibilización,general,actividad_campo,ActividadCampo,/api/proyecto-nucleo/{id}/actividades,Actividades · Sensibilización,OK
Copia de SEGUIMIENTO DE ACTIVIDADES LIBERACIÓN DE VIAS (REV) MQ.xlsx,INFORME M-Q,V,SEGUIMIENTO DE AFECTACIÓN A DERECHOS COLECTIVOS → SENSIBILIZACIÓN,REALIZADA POR NA,marca operativa por núcleo agrario,general,derivado/documentado desde actividad,ActividadCampo,/api/proyecto-nucleo/{id}/actividades,Actividades · contexto operativo,DERIVADO
Copia de SEGUIMIENTO DE ACTIVIDADES LIBERACIÓN DE VIAS (REV) MQ.xlsx,INFORME M-Q,W,SEGUIMIENTO DE AFECTACIÓN A DERECHOS COLECTIVOS → SENSIBILIZACIÓN,TRIMESTRE,periodo derivado de fecha,general,vista KPI,DashboardKPI,/api/dashboard,Dashboard,DERIVADO
Copia de SEGUIMIENTO DE ACTIVIDADES LIBERACIÓN DE VIAS (REV) MQ.xlsx,INFORME M-Q,X,SEGUIMIENTO DE AFECTACIÓN A DERECHOS COLECTIVOS → CAMINAMIENTO,PROGRAMADO (FECHA),actividad de caminamiento,general,actividad_campo,ActividadCampo,/api/proyecto-nucleo/{id}/actividades,Actividades · Caminamiento,OK
Copia de SEGUIMIENTO DE ACTIVIDADES LIBERACIÓN DE VIAS (REV) MQ.xlsx,INFORME M-Q,Y,SEGUIMIENTO DE AFECTACIÓN A DERECHOS COLECTIVOS → CAMINAMIENTO,PROGRAMADO POR NA,actividad de caminamiento,general,actividad_campo,ActividadCampo,/api/proyecto-nucleo/{id}/actividades,Actividades · Caminamiento,OK
Copia de SEGUIMIENTO DE ACTIVIDADES LIBERACIÓN DE VIAS (REV) MQ.xlsx,INFORME M-Q,Z,SEGUIMIENTO DE AFECTACIÓN A DERECHOS COLECTIVOS → CAMINAMIENTO,REALIZADO (FECHA),actividad de caminamiento,general,actividad_campo,ActividadCampo,/api/proyecto-nucleo/{id}/actividades,Actividades · Caminamiento,OK
Copia de SEGUIMIENTO DE ACTIVIDADES LIBERACIÓN DE VIAS (REV) MQ.xlsx,INFORME M-Q,AA,SEGUIMIENTO DE AFECTACIÓN A DERECHOS COLECTIVOS → CAMINAMIENTO,REALIZADO POR NA,actividad de caminamiento,general,actividad_campo,ActividadCampo,/api/proyecto-nucleo/{id}/actividades,Actividades · Caminamiento,OK
Copia de SEGUIMIENTO DE ACTIVIDADES LIBERACIÓN DE VIAS (REV) MQ.xlsx,INFORME M-Q,AB,SEGUIMIENTO DE AFECTACIÓN A DERECHOS COLECTIVOS → CAMINAMIENTO,TRIMESTRE5,periodo derivado de fecha,general,vista KPI,DashboardKPI,/api/dashboard,Dashboard,DERIVADO
Copia de SEGUIMIENTO DE ACTIVIDADES LIBERACIÓN DE VIAS (REV) MQ.xlsx,INFORME M-Q,AC,SEGUIMIENTO DE AFECTACIÓN A DERECHOS COLECTIVOS → ASAMBLEA DE ANUENCIA Y APROBACIÓN DEL CONVENIO DE OCUPACIÓN PREVIA (COP) - INSCRIPCIÓN,ASAMBLEA PROGRAMADA 1/a (FECHA),seguimiento de Asamblea,colectivo,asamblea,Asamblea,/api/proyecto-nucleo/{id}/asambleas,Asambleas,OK
Copia de SEGUIMIENTO DE ACTIVIDADES LIBERACIÓN DE VIAS (REV) MQ.xlsx,INFORME M-Q,AD,SEGUIMIENTO DE AFECTACIÓN A DERECHOS COLECTIVOS → ASAMBLEA DE ANUENCIA Y APROBACIÓN DEL CONVENIO DE OCUPACIÓN PREVIA (COP) - INSCRIPCIÓN,ASAMBLEA PROGRAMADA 2/a (FECHA),seguimiento de Asamblea,colectivo,asamblea,Asamblea,/api/proyecto-nucleo/{id}/asambleas,Asambleas,OK
Copia de SEGUIMIENTO DE ACTIVIDADES LIBERACIÓN DE VIAS (REV) MQ.xlsx,INFORME M-Q,AE,SEGUIMIENTO DE AFECTACIÓN A DERECHOS COLECTIVOS → ASAMBLEA DE ANUENCIA Y APROBACIÓN DEL CONVENIO DE OCUPACIÓN PREVIA (COP) - INSCRIPCIÓN,PROGRAMADA POR NA2,marca operativa por núcleo agrario,general,derivado/documentado desde actividad,ActividadCampo,/api/proyecto-nucleo/{id}/actividades,Actividades · contexto operativo,DERIVADO
Copia de SEGUIMIENTO DE ACTIVIDADES LIBERACIÓN DE VIAS (REV) MQ.xlsx,INFORME M-Q,AF,SEGUIMIENTO DE AFECTACIÓN A DERECHOS COLECTIVOS → ASAMBLEA DE ANUENCIA Y APROBACIÓN DEL CONVENIO DE OCUPACIÓN PREVIA (COP) - INSCRIPCIÓN,ASAMBLEA REALIZADA (FECHA),seguimiento de Asamblea,colectivo,asamblea,Asamblea,/api/proyecto-nucleo/{id}/asambleas,Asambleas,OK
Copia de SEGUIMIENTO DE ACTIVIDADES LIBERACIÓN DE VIAS (REV) MQ.xlsx,INFORME M-Q,AG,SEGUIMIENTO DE AFECTACIÓN A DERECHOS COLECTIVOS → ASAMBLEA DE ANUENCIA Y APROBACIÓN DEL CONVENIO DE OCUPACIÓN PREVIA (COP) - INSCRIPCIÓN,REALIZADA POR NA2,marca operativa por núcleo agrario,general,derivado/documentado desde actividad,ActividadCampo,/api/proyecto-nucleo/{id}/actividades,Actividades · contexto operativo,DERIVADO
Copia de SEGUIMIENTO DE ACTIVIDADES LIBERACIÓN DE VIAS (REV) MQ.xlsx,INFORME M-Q,AH,SEGUIMIENTO DE AFECTACIÓN A DERECHOS COLECTIVOS → ASAMBLEA DE ANUENCIA Y APROBACIÓN DEL CONVENIO DE OCUPACIÓN PREVIA (COP) - INSCRIPCIÓN,TRIMESTRE6,periodo derivado de fecha,general,vista KPI,DashboardKPI,/api/dashboard,Dashboard,DERIVADO
Copia de SEGUIMIENTO DE ACTIVIDADES LIBERACIÓN DE VIAS (REV) MQ.xlsx,INFORME M-Q,AI,SEGUIMIENTO DE AFECTACIÓN A DERECHOS COLECTIVOS → ASAMBLEA DE ANUENCIA Y APROBACIÓN DEL CONVENIO DE OCUPACIÓN PREVIA (COP) - INSCRIPCIÓN,FECHA PROGRAMADA DE INGRESO AL RAN,seguimiento de Asamblea,colectivo,asamblea,Asamblea,/api/proyecto-nucleo/{id}/asambleas,Asambleas,OK
Copia de SEGUIMIENTO DE ACTIVIDADES LIBERACIÓN DE VIAS (REV) MQ.xlsx,INFORME M-Q,AJ,SEGUIMIENTO DE AFECTACIÓN A DERECHOS COLECTIVOS → ASAMBLEA DE ANUENCIA Y APROBACIÓN DEL CONVENIO DE OCUPACIÓN PREVIA (COP) - INSCRIPCIÓN,INGRESADO AL RAN (FECHA),seguimiento de Asamblea,colectivo,asamblea,Asamblea,/api/proyecto-nucleo/{id}/asambleas,Asambleas,OK
Copia de SEGUIMIENTO DE ACTIVIDADES LIBERACIÓN DE VIAS (REV) MQ.xlsx,INFORME M-Q,AK,SEGUIMIENTO DE AFECTACIÓN A DERECHOS COLECTIVOS → ASAMBLEA DE ANUENCIA Y APROBACIÓN DEL CONVENIO DE OCUPACIÓN PREVIA (COP) - INSCRIPCIÓN,NÚMERO DE SOLICITUD DE INGRESO,seguimiento de Asamblea,colectivo,asamblea,Asamblea,/api/proyecto-nucleo/{id}/asambleas,Asambleas,OK
Copia de SEGUIMIENTO DE ACTIVIDADES LIBERACIÓN DE VIAS (REV) MQ.xlsx,INFORME M-Q,AL,SEGUIMIENTO DE AFECTACIÓN A DERECHOS COLECTIVOS → ASAMBLEA DE ANUENCIA Y APROBACIÓN DEL CONVENIO DE OCUPACIÓN PREVIA (COP) - INSCRIPCIÓN,INGRESO POR NA,seguimiento de Asamblea,colectivo,asamblea,Asamblea,/api/proyecto-nucleo/{id}/asambleas,Asambleas,OK
Copia de SEGUIMIENTO DE ACTIVIDADES LIBERACIÓN DE VIAS (REV) MQ.xlsx,INFORME M-Q,AM,SEGUIMIENTO DE AFECTACIÓN A DERECHOS COLECTIVOS → ASAMBLEA DE ANUENCIA Y APROBACIÓN DEL CONVENIO DE OCUPACIÓN PREVIA (COP) - INSCRIPCIÓN,TRIMESTRE7,periodo derivado de fecha,general,vista KPI,DashboardKPI,/api/dashboard,Dashboard,DERIVADO
Copia de SEGUIMIENTO DE ACTIVIDADES LIBERACIÓN DE VIAS (REV) MQ.xlsx,INFORME M-Q,AN,SEGUIMIENTO DE AFECTACIÓN A DERECHOS COLECTIVOS → ASAMBLEA DE ANUENCIA Y APROBACIÓN DEL CONVENIO DE OCUPACIÓN PREVIA (COP) - INSCRIPCIÓN,CALIFICACIÓN REGISTRAL3,seguimiento de Asamblea,colectivo,asamblea,Asamblea,/api/proyecto-nucleo/{id}/asambleas,Asambleas,OK
Copia de SEGUIMIENTO DE ACTIVIDADES LIBERACIÓN DE VIAS (REV) MQ.xlsx,INFORME M-Q,AO,SEGUIMIENTO DE AFECTACIÓN A DERECHOS COLECTIVOS → ASAMBLEA DE ANUENCIA Y APROBACIÓN DEL CONVENIO DE OCUPACIÓN PREVIA (COP) - INSCRIPCIÓN,ACTA INSCRITA EN EL RAN (FECHA),seguimiento de Asamblea,colectivo,asamblea,Asamblea,/api/proyecto-nucleo/{id}/asambleas,Asambleas,OK
Copia de SEGUIMIENTO DE ACTIVIDADES LIBERACIÓN DE VIAS (REV) MQ.xlsx,INFORME M-Q,AP,SEGUIMIENTO DE AFECTACIÓN A DERECHOS COLECTIVOS → ASAMBLEA DE ANUENCIA Y APROBACIÓN DEL CONVENIO DE OCUPACIÓN PREVIA (COP) - INSCRIPCIÓN,IINSCRITO POR NA,seguimiento de Asamblea,colectivo,asamblea,Asamblea,/api/proyecto-nucleo/{id}/asambleas,Asambleas,OK
Copia de SEGUIMIENTO DE ACTIVIDADES LIBERACIÓN DE VIAS (REV) MQ.xlsx,INFORME M-Q,AQ,SEGUIMIENTO DE AFECTACIÓN A DERECHOS COLECTIVOS → ASAMBLEA DE ANUENCIA Y APROBACIÓN DEL CONVENIO DE OCUPACIÓN PREVIA (COP) - INSCRIPCIÓN,TRIMESTRE8,periodo derivado de fecha,general,vista KPI,DashboardKPI,/api/dashboard,Dashboard,DERIVADO
Copia de SEGUIMIENTO DE ACTIVIDADES LIBERACIÓN DE VIAS (REV) MQ.xlsx,INFORME M-Q,AR,SEGUIMIENTO DE AFECTACIÓN A DERECHOS COLECTIVOS → ASAMBLEA DE ANUENCIA Y APROBACIÓN DEL CONVENIO DE OCUPACIÓN PREVIA (COP) - INSCRIPCIÓN,ACTA COMPLEMENTARIA,seguimiento de Asamblea,colectivo,asamblea,Asamblea,/api/proyecto-nucleo/{id}/asambleas,Asambleas,OK
Copia de SEGUIMIENTO DE ACTIVIDADES LIBERACIÓN DE VIAS (REV) MQ.xlsx,INFORME M-Q,AS,SEGUIMIENTO DE AFECTACIÓN A DERECHOS COLECTIVOS → ASAMBLEA DE ANUENCIA Y APROBACIÓN DEL CONVENIO DE OCUPACIÓN PREVIA (COP) - INSCRIPCIÓN,ACUSE FIFONAFE (FECHA),fecha de acuse FIFONAFE,general,tramite_fifonafe.acuse_fifonafe_fecha,TramiteFifonafe,/api/proyecto-nucleo/{id}/fifonafe,FIFONAFE · Acuse,OK
Copia de SEGUIMIENTO DE ACTIVIDADES LIBERACIÓN DE VIAS (REV) MQ.xlsx,INFORME M-Q,AT,SEGUIMIENTO DE AFECTACIÓN A DERECHOS COLECTIVOS → ASAMBLEA DE ANUENCIA Y APROBACIÓN DEL CONVENIO DE OCUPACIÓN PREVIA (COP) - INSCRIPCIÓN,AVALÚO MAESTRO (INDAABIN) $,avalúo administrativo,general,afectacion.avaluo_monto/fecha/referencia/institucion,Afectacion,/api/proyecto-nucleo/{id}/afectaciones,Afectación · Avalúo,OK
Copia de SEGUIMIENTO DE ACTIVIDADES LIBERACIÓN DE VIAS (REV) MQ.xlsx,INFORME M-Q,AU,SEGUIMIENTO DE AFECTACIÓN A DERECHOS COLECTIVOS → CONVENIO DE OCUPACIÓN PREVIA - INSCRIPCIÓN,FECHA PROGRAMADA PARA FIRMA DE CONVENIO,ejido o comunidad,general,nucleo_agrario.tipo_nucleo,NucleoAgrario,/api/proyectos/{id}/nucleos,General · E/C,OK
Copia de SEGUIMIENTO DE ACTIVIDADES LIBERACIÓN DE VIAS (REV) MQ.xlsx,INFORME M-Q,AV,SEGUIMIENTO DE AFECTACIÓN A DERECHOS COLECTIVOS → CONVENIO DE OCUPACIÓN PREVIA - INSCRIPCIÓN,CONVENIO FIRMADO (FECHA),seguimiento de convenio,general,convenio,Convenio,/api/afectaciones/{id}/convenios,Convenios,OK
Copia de SEGUIMIENTO DE ACTIVIDADES LIBERACIÓN DE VIAS (REV) MQ.xlsx,INFORME M-Q,AW,SEGUIMIENTO DE AFECTACIÓN A DERECHOS COLECTIVOS → CONVENIO DE OCUPACIÓN PREVIA - INSCRIPCIÓN,CONVENIO MONTO 90%,monto 90 por ciento,general,convenio.monto_90,Convenio,/api/convenios/{id},Convenios · MONTO 90%,OK
Copia de SEGUIMIENTO DE ACTIVIDADES LIBERACIÓN DE VIAS (REV) MQ.xlsx,INFORME M-Q,AX,SEGUIMIENTO DE AFECTACIÓN A DERECHOS COLECTIVOS → CONVENIO DE OCUPACIÓN PREVIA - INSCRIPCIÓN,CONVENIO MONTO 100%,monto 100 por ciento,general,convenio.monto_100,Convenio,/api/convenios/{id},Convenios · MONTO 100%,OK
Copia de SEGUIMIENTO DE ACTIVIDADES LIBERACIÓN DE VIAS (REV) MQ.xlsx,INFORME M-Q,AY,SEGUIMIENTO DE AFECTACIÓN A DERECHOS COLECTIVOS → CONVENIO DE OCUPACIÓN PREVIA - INSCRIPCIÓN,MONTO BDT,monto BDT,general,convenio.monto_bdt,Convenio,/api/convenios/{id},Convenios · MONTO BDT,OK
Copia de SEGUIMIENTO DE ACTIVIDADES LIBERACIÓN DE VIAS (REV) MQ.xlsx,INFORME M-Q,AZ,SEGUIMIENTO DE AFECTACIÓN A DERECHOS COLECTIVOS → CONVENIO DE OCUPACIÓN PREVIA - INSCRIPCIÓN,TRIMESTRE2,periodo derivado de fecha,general,vista KPI,DashboardKPI,/api/dashboard,Dashboard,DERIVADO
Copia de SEGUIMIENTO DE ACTIVIDADES LIBERACIÓN DE VIAS (REV) MQ.xlsx,INFORME M-Q,BA,SEGUIMIENTO DE AFECTACIÓN A DERECHOS COLECTIVOS → CONVENIO DE OCUPACIÓN PREVIA - INSCRIPCIÓN,FECHA PROGRAMADA DE INGRESO AL RAN.,seguimiento de convenio,general,convenio,Convenio,/api/afectaciones/{id}/convenios,Convenios,OK
Copia de SEGUIMIENTO DE ACTIVIDADES LIBERACIÓN DE VIAS (REV) MQ.xlsx,INFORME M-Q,BB,SEGUIMIENTO DE AFECTACIÓN A DERECHOS COLECTIVOS → CONVENIO DE OCUPACIÓN PREVIA - INSCRIPCIÓN,INGRESADO AL RAN (FECHA).,seguimiento de convenio,general,convenio,Convenio,/api/afectaciones/{id}/convenios,Convenios,OK
Copia de SEGUIMIENTO DE ACTIVIDADES LIBERACIÓN DE VIAS (REV) MQ.xlsx,INFORME M-Q,BC,SEGUIMIENTO DE AFECTACIÓN A DERECHOS COLECTIVOS → CONVENIO DE OCUPACIÓN PREVIA - INSCRIPCIÓN,NÚMERO DE SOLICITUD DE INGRESO.,seguimiento de convenio,general,convenio,Convenio,/api/afectaciones/{id}/convenios,Convenios,OK
Copia de SEGUIMIENTO DE ACTIVIDADES LIBERACIÓN DE VIAS (REV) MQ.xlsx,INFORME M-Q,BD,SEGUIMIENTO DE AFECTACIÓN A DERECHOS COLECTIVOS → CONVENIO DE OCUPACIÓN PREVIA - INSCRIPCIÓN,TRIMESTRE3,periodo derivado de fecha,general,vista KPI,DashboardKPI,/api/dashboard,Dashboard,DERIVADO
Copia de SEGUIMIENTO DE ACTIVIDADES LIBERACIÓN DE VIAS (REV) MQ.xlsx,INFORME M-Q,BE,SEGUIMIENTO DE AFECTACIÓN A DERECHOS COLECTIVOS → CONVENIO DE OCUPACIÓN PREVIA - INSCRIPCIÓN,CALIFICACIÓN REGISTRAL2,seguimiento de convenio,general,convenio,Convenio,/api/afectaciones/{id}/convenios,Convenios,OK
Copia de SEGUIMIENTO DE ACTIVIDADES LIBERACIÓN DE VIAS (REV) MQ.xlsx,INFORME M-Q,BF,SEGUIMIENTO DE AFECTACIÓN A DERECHOS COLECTIVOS → CONVENIO DE OCUPACIÓN PREVIA - INSCRIPCIÓN,CONVENIO INSCRITO EN EL RAN (FECHA),seguimiento de convenio,general,convenio,Convenio,/api/afectaciones/{id}/convenios,Convenios,OK
Copia de SEGUIMIENTO DE ACTIVIDADES LIBERACIÓN DE VIAS (REV) MQ.xlsx,INFORME M-Q,BG,SEGUIMIENTO DE AFECTACIÓN A DERECHOS COLECTIVOS → CONVENIO DE OCUPACIÓN PREVIA - INSCRIPCIÓN,TRIMESTRE4,periodo derivado de fecha,general,vista KPI,DashboardKPI,/api/dashboard,Dashboard,DERIVADO
Copia de SEGUIMIENTO DE ACTIVIDADES LIBERACIÓN DE VIAS (REV) MQ.xlsx,INFORME M-Q,BH,SEGUIMIENTO DE AFECTACIÓN A DERECHOS COLECTIVOS → CONVENIO DE OCUPACIÓN PREVIA - INSCRIPCIÓN,SUPERFICIE TOTAL PRELIMINAR (HA),superficie administrativa en hectáreas,general,afectacion/convenio.superficie_*_ha,Afectacion/Convenio,/api/proyecto-nucleo/{id}/afectaciones,Afectación o Convenio · Superficie (ha),OK
Copia de SEGUIMIENTO DE ACTIVIDADES LIBERACIÓN DE VIAS (REV) MQ.xlsx,INFORME M-Q,BI,SEGUIMIENTO DE AFECTACIÓN A DERECHOS COLECTIVOS → CONVENIO DE OCUPACIÓN PREVIA - INSCRIPCIÓN,SUPERFICIE TOTAL REAL AFECTADA (HA)2,superficie administrativa en hectáreas,general,afectacion/convenio.superficie_*_ha,Afectacion/Convenio,/api/proyecto-nucleo/{id}/afectaciones,Afectación o Convenio · Superficie (ha),OK
Copia de SEGUIMIENTO DE ACTIVIDADES LIBERACIÓN DE VIAS (REV) MQ.xlsx,INFORME M-Q,BJ,SEGUIMIENTO DE AFECTACIÓN A DERECHOS COLECTIVOS → ASAMBLEA DE ANUENCIA Y APROBACIÓN DEL CONVENIO MODIFICATORIO,ASAMBLEA PROGRAMADA 1/a (FECHA)2,seguimiento de Asamblea,colectivo,asamblea,Asamblea,/api/proyecto-nucleo/{id}/asambleas,Asambleas,OK
Copia de SEGUIMIENTO DE ACTIVIDADES LIBERACIÓN DE VIAS (REV) MQ.xlsx,INFORME M-Q,BK,SEGUIMIENTO DE AFECTACIÓN A DERECHOS COLECTIVOS → ASAMBLEA DE ANUENCIA Y APROBACIÓN DEL CONVENIO MODIFICATORIO,ASAMBLEA PROGRAMADA 2/a (FECHA)3,seguimiento de Asamblea,colectivo,asamblea,Asamblea,/api/proyecto-nucleo/{id}/asambleas,Asambleas,OK
Copia de SEGUIMIENTO DE ACTIVIDADES LIBERACIÓN DE VIAS (REV) MQ.xlsx,INFORME M-Q,BL,SEGUIMIENTO DE AFECTACIÓN A DERECHOS COLECTIVOS → ASAMBLEA DE ANUENCIA Y APROBACIÓN DEL CONVENIO MODIFICATORIO,ASAMBLEA REALIZADA (FECHA)2,seguimiento de Asamblea,colectivo,asamblea,Asamblea,/api/proyecto-nucleo/{id}/asambleas,Asambleas,OK
Copia de SEGUIMIENTO DE ACTIVIDADES LIBERACIÓN DE VIAS (REV) MQ.xlsx,INFORME M-Q,BM,SEGUIMIENTO DE AFECTACIÓN A DERECHOS COLECTIVOS → ASAMBLEA DE ANUENCIA Y APROBACIÓN DEL CONVENIO MODIFICATORIO,INGRESADO AL RAN (FECHA)3,seguimiento de Asamblea,colectivo,asamblea,Asamblea,/api/proyecto-nucleo/{id}/asambleas,Asambleas,OK
Copia de SEGUIMIENTO DE ACTIVIDADES LIBERACIÓN DE VIAS (REV) MQ.xlsx,INFORME M-Q,BN,SEGUIMIENTO DE AFECTACIÓN A DERECHOS COLECTIVOS → ASAMBLEA DE ANUENCIA Y APROBACIÓN DEL CONVENIO MODIFICATORIO,NÚMERO DE SOLICITUD DE INGRESO4,seguimiento de Asamblea,colectivo,asamblea,Asamblea,/api/proyecto-nucleo/{id}/asambleas,Asambleas,OK
Copia de SEGUIMIENTO DE ACTIVIDADES LIBERACIÓN DE VIAS (REV) MQ.xlsx,INFORME M-Q,BO,SEGUIMIENTO DE AFECTACIÓN A DERECHOS COLECTIVOS → ASAMBLEA DE ANUENCIA Y APROBACIÓN DEL CONVENIO MODIFICATORIO,ACTA INSCRITA EN EL RAN (FECHA)2,seguimiento de Asamblea,colectivo,asamblea,Asamblea,/api/proyecto-nucleo/{id}/asambleas,Asambleas,OK
Copia de SEGUIMIENTO DE ACTIVIDADES LIBERACIÓN DE VIAS (REV) MQ.xlsx,INFORME M-Q,BP,SEGUIMIENTO DE AFECTACIÓN A DERECHOS COLECTIVOS → CONVENIO MODIFICATORIO - INSCRIPCIÓN,CONVENIO MODIFICATORIO FIRMADO (FECHA),seguimiento de convenio,general,convenio,Convenio,/api/afectaciones/{id}/convenios,Convenios,OK
Copia de SEGUIMIENTO DE ACTIVIDADES LIBERACIÓN DE VIAS (REV) MQ.xlsx,INFORME M-Q,BQ,SEGUIMIENTO DE AFECTACIÓN A DERECHOS COLECTIVOS → CONVENIO MODIFICATORIO - INSCRIPCIÓN,CONVENIO MONTO 90%3,monto 90 por ciento,general,convenio.monto_90,Convenio,/api/convenios/{id},Convenios · MONTO 90%,OK
Copia de SEGUIMIENTO DE ACTIVIDADES LIBERACIÓN DE VIAS (REV) MQ.xlsx,INFORME M-Q,BR,SEGUIMIENTO DE AFECTACIÓN A DERECHOS COLECTIVOS → CONVENIO MODIFICATORIO - INSCRIPCIÓN,CONVENIO MONTO 100% 2,monto 100 por ciento,general,convenio.monto_100,Convenio,/api/convenios/{id},Convenios · MONTO 100%,OK
Copia de SEGUIMIENTO DE ACTIVIDADES LIBERACIÓN DE VIAS (REV) MQ.xlsx,INFORME M-Q,BS,SEGUIMIENTO DE AFECTACIÓN A DERECHOS COLECTIVOS → CONVENIO MODIFICATORIO - INSCRIPCIÓN,MONTO BDT2,monto BDT,general,convenio.monto_bdt,Convenio,/api/convenios/{id},Convenios · MONTO BDT,OK
Copia de SEGUIMIENTO DE ACTIVIDADES LIBERACIÓN DE VIAS (REV) MQ.xlsx,INFORME M-Q,BT,SEGUIMIENTO DE AFECTACIÓN A DERECHOS COLECTIVOS → CONVENIO MODIFICATORIO - INSCRIPCIÓN,TRIMESTRE22,periodo derivado de fecha,general,vista KPI,DashboardKPI,/api/dashboard,Dashboard,DERIVADO
Copia de SEGUIMIENTO DE ACTIVIDADES LIBERACIÓN DE VIAS (REV) MQ.xlsx,INFORME M-Q,BU,SEGUIMIENTO DE AFECTACIÓN A DERECHOS COLECTIVOS → CONVENIO MODIFICATORIO - INSCRIPCIÓN,INGRESADO AL RAN (FECHA).3,seguimiento de convenio,general,convenio,Convenio,/api/afectaciones/{id}/convenios,Convenios,OK
Copia de SEGUIMIENTO DE ACTIVIDADES LIBERACIÓN DE VIAS (REV) MQ.xlsx,INFORME M-Q,BV,SEGUIMIENTO DE AFECTACIÓN A DERECHOS COLECTIVOS → CONVENIO MODIFICATORIO - INSCRIPCIÓN,NÚMERO DE SOLICITUD DE INGRESO.4,seguimiento de convenio,general,convenio,Convenio,/api/afectaciones/{id}/convenios,Convenios,OK
Copia de SEGUIMIENTO DE ACTIVIDADES LIBERACIÓN DE VIAS (REV) MQ.xlsx,INFORME M-Q,BW,SEGUIMIENTO DE AFECTACIÓN A DERECHOS COLECTIVOS → CONVENIO MODIFICATORIO - INSCRIPCIÓN,CONVENIO INSCRITO EN EL RAN (FECHA)2,seguimiento de convenio,general,convenio,Convenio,/api/afectaciones/{id}/convenios,Convenios,OK
Copia de SEGUIMIENTO DE ACTIVIDADES LIBERACIÓN DE VIAS (REV) MQ.xlsx,INFORME M-Q,BX,SEGUIMIENTO DE AFECTACIÓN A DERECHOS COLECTIVOS,SUPERFICIE TOTAL REAL AFECTADA (HA)22,superficie administrativa en hectáreas,general,afectacion/convenio.superficie_*_ha,Afectacion/Convenio,/api/proyecto-nucleo/{id}/afectaciones,Afectación o Convenio · Superficie (ha),OK
Copia de SEGUIMIENTO DE ACTIVIDADES LIBERACIÓN DE VIAS (REV) MQ.xlsx,INFORME M-Q,BY,SEGUIMIENTO DE AFECTACIÓN A DERECHOS COLECTIVOS → ASAMBLEA DE ANUENCIA Y APROBACIÓN DE CONVENIO SUPERFICIE ADICIONAL,REUNIÓN DE SENSIBILIZACIÓN PROGRAMADA (FECHA)2,ejido o comunidad,general,nucleo_agrario.tipo_nucleo,NucleoAgrario,/api/proyectos/{id}/nucleos,General · E/C,OK
Copia de SEGUIMIENTO DE ACTIVIDADES LIBERACIÓN DE VIAS (REV) MQ.xlsx,INFORME M-Q,BZ,SEGUIMIENTO DE AFECTACIÓN A DERECHOS COLECTIVOS → ASAMBLEA DE ANUENCIA Y APROBACIÓN DE CONVENIO SUPERFICIE ADICIONAL,REUNIÓN DE SENSIBILIZACIÓN REALIZADA (FECHA),ejido o comunidad,general,nucleo_agrario.tipo_nucleo,NucleoAgrario,/api/proyectos/{id}/nucleos,General · E/C,OK
Copia de SEGUIMIENTO DE ACTIVIDADES LIBERACIÓN DE VIAS (REV) MQ.xlsx,INFORME M-Q,CA,SEGUIMIENTO DE AFECTACIÓN A DERECHOS COLECTIVOS → ASAMBLEA DE ANUENCIA Y APROBACIÓN DE CONVENIO SUPERFICIE ADICIONAL,CAMINAMIENTO PROGRAMADO (FECHA)2,ejido o comunidad,general,nucleo_agrario.tipo_nucleo,NucleoAgrario,/api/proyectos/{id}/nucleos,General · E/C,OK
Copia de SEGUIMIENTO DE ACTIVIDADES LIBERACIÓN DE VIAS (REV) MQ.xlsx,INFORME M-Q,CB,SEGUIMIENTO DE AFECTACIÓN A DERECHOS COLECTIVOS → ASAMBLEA DE ANUENCIA Y APROBACIÓN DE CONVENIO SUPERFICIE ADICIONAL,PROGRAMADO POR NA3,ejido o comunidad,general,nucleo_agrario.tipo_nucleo,NucleoAgrario,/api/proyectos/{id}/nucleos,General · E/C,OK
Copia de SEGUIMIENTO DE ACTIVIDADES LIBERACIÓN DE VIAS (REV) MQ.xlsx,INFORME M-Q,CC,SEGUIMIENTO DE AFECTACIÓN A DERECHOS COLECTIVOS → ASAMBLEA DE ANUENCIA Y APROBACIÓN DE CONVENIO SUPERFICIE ADICIONAL,CAMINAMIENTO REALIZADO (FECHA)4,ejido o comunidad,general,nucleo_agrario.tipo_nucleo,NucleoAgrario,/api/proyectos/{id}/nucleos,General · E/C,OK
Copia de SEGUIMIENTO DE ACTIVIDADES LIBERACIÓN DE VIAS (REV) MQ.xlsx,INFORME M-Q,CD,SEGUIMIENTO DE AFECTACIÓN A DERECHOS COLECTIVOS → ASAMBLEA DE ANUENCIA Y APROBACIÓN DE CONVENIO SUPERFICIE ADICIONAL,REALIZADO POR NA5,ejido o comunidad,general,nucleo_agrario.tipo_nucleo,NucleoAgrario,/api/proyectos/{id}/nucleos,General · E/C,OK
Copia de SEGUIMIENTO DE ACTIVIDADES LIBERACIÓN DE VIAS (REV) MQ.xlsx,INFORME M-Q,CE,SEGUIMIENTO DE AFECTACIÓN A DERECHOS COLECTIVOS → ASAMBLEA DE ANUENCIA Y APROBACIÓN DE CONVENIO SUPERFICIE ADICIONAL,TRIMESTRE56,periodo derivado de fecha,general,vista KPI,DashboardKPI,/api/dashboard,Dashboard,DERIVADO
Copia de SEGUIMIENTO DE ACTIVIDADES LIBERACIÓN DE VIAS (REV) MQ.xlsx,INFORME M-Q,CF,SEGUIMIENTO DE AFECTACIÓN A DERECHOS COLECTIVOS → ASAMBLEA DE ANUENCIA Y APROBACIÓN DE CONVENIO SUPERFICIE ADICIONAL,ASAMBLEA PROGRAMADA 1/a (FECHA)22,ejido o comunidad,general,nucleo_agrario.tipo_nucleo,NucleoAgrario,/api/proyectos/{id}/nucleos,General · E/C,OK
Copia de SEGUIMIENTO DE ACTIVIDADES LIBERACIÓN DE VIAS (REV) MQ.xlsx,INFORME M-Q,CG,SEGUIMIENTO DE AFECTACIÓN A DERECHOS COLECTIVOS → ASAMBLEA DE ANUENCIA Y APROBACIÓN DE CONVENIO SUPERFICIE ADICIONAL,ASAMBLEA PROGRAMADA 2/a (FECHA)33,ejido o comunidad,general,nucleo_agrario.tipo_nucleo,NucleoAgrario,/api/proyectos/{id}/nucleos,General · E/C,OK
Copia de SEGUIMIENTO DE ACTIVIDADES LIBERACIÓN DE VIAS (REV) MQ.xlsx,INFORME M-Q,CH,SEGUIMIENTO DE AFECTACIÓN A DERECHOS COLECTIVOS → ASAMBLEA DE ANUENCIA Y APROBACIÓN DE CONVENIO SUPERFICIE ADICIONAL,TRIMESTRE10,periodo derivado de fecha,general,vista KPI,DashboardKPI,/api/dashboard,Dashboard,DERIVADO
Copia de SEGUIMIENTO DE ACTIVIDADES LIBERACIÓN DE VIAS (REV) MQ.xlsx,INFORME M-Q,CI,SEGUIMIENTO DE AFECTACIÓN A DERECHOS COLECTIVOS → ASAMBLEA DE ANUENCIA Y APROBACIÓN DE CONVENIO SUPERFICIE ADICIONAL,ASAMBLEA REALIZADA (FECHA)24,ejido o comunidad,general,nucleo_agrario.tipo_nucleo,NucleoAgrario,/api/proyectos/{id}/nucleos,General · E/C,OK
Copia de SEGUIMIENTO DE ACTIVIDADES LIBERACIÓN DE VIAS (REV) MQ.xlsx,INFORME M-Q,CJ,SEGUIMIENTO DE AFECTACIÓN A DERECHOS COLECTIVOS → ASAMBLEA DE ANUENCIA Y APROBACIÓN DE CONVENIO SUPERFICIE ADICIONAL,TRIMESTRE102,periodo derivado de fecha,general,vista KPI,DashboardKPI,/api/dashboard,Dashboard,DERIVADO
Copia de SEGUIMIENTO DE ACTIVIDADES LIBERACIÓN DE VIAS (REV) MQ.xlsx,INFORME M-Q,CK,SEGUIMIENTO DE AFECTACIÓN A DERECHOS COLECTIVOS → ASAMBLEA DE ANUENCIA Y APROBACIÓN DE CONVENIO SUPERFICIE ADICIONAL,INGRESADO AL RAN (FECHA)35,ejido o comunidad,general,nucleo_agrario.tipo_nucleo,NucleoAgrario,/api/proyectos/{id}/nucleos,General · E/C,OK
Copia de SEGUIMIENTO DE ACTIVIDADES LIBERACIÓN DE VIAS (REV) MQ.xlsx,INFORME M-Q,CL,SEGUIMIENTO DE AFECTACIÓN A DERECHOS COLECTIVOS → ASAMBLEA DE ANUENCIA Y APROBACIÓN DE CONVENIO SUPERFICIE ADICIONAL,NÚMERO DE SOLICITUD DE INGRESO46,ejido o comunidad,general,nucleo_agrario.tipo_nucleo,NucleoAgrario,/api/proyectos/{id}/nucleos,General · E/C,OK
Copia de SEGUIMIENTO DE ACTIVIDADES LIBERACIÓN DE VIAS (REV) MQ.xlsx,INFORME M-Q,CM,SEGUIMIENTO DE AFECTACIÓN A DERECHOS COLECTIVOS → ASAMBLEA DE ANUENCIA Y APROBACIÓN DE CONVENIO SUPERFICIE ADICIONAL,TRIMESTRE1022,periodo derivado de fecha,general,vista KPI,DashboardKPI,/api/dashboard,Dashboard,DERIVADO
Copia de SEGUIMIENTO DE ACTIVIDADES LIBERACIÓN DE VIAS (REV) MQ.xlsx,INFORME M-Q,CN,SEGUIMIENTO DE AFECTACIÓN A DERECHOS COLECTIVOS → ASAMBLEA DE ANUENCIA Y APROBACIÓN DE CONVENIO SUPERFICIE ADICIONAL,ACTA INSCRITA EN EL RAN (FECHA)27,ejido o comunidad,general,nucleo_agrario.tipo_nucleo,NucleoAgrario,/api/proyectos/{id}/nucleos,General · E/C,OK
Copia de SEGUIMIENTO DE ACTIVIDADES LIBERACIÓN DE VIAS (REV) MQ.xlsx,INFORME M-Q,CO,SEGUIMIENTO DE AFECTACIÓN A DERECHOS COLECTIVOS → CONVENIO SUPERFICIE ADICIONAL - INSCRIPCIÓN,CONVENIO SUP. ADICIONAL FIRMADO (FECHA)2,superficie administrativa en hectáreas,general,afectacion/convenio.superficie_*_ha,Afectacion/Convenio,/api/proyecto-nucleo/{id}/afectaciones,Afectación o Convenio · Superficie (ha),OK
Copia de SEGUIMIENTO DE ACTIVIDADES LIBERACIÓN DE VIAS (REV) MQ.xlsx,INFORME M-Q,CP,SEGUIMIENTO DE AFECTACIÓN A DERECHOS COLECTIVOS → CONVENIO SUPERFICIE ADICIONAL - INSCRIPCIÓN,CONVENIO MONTO 90%2,superficie administrativa en hectáreas,general,afectacion/convenio.superficie_*_ha,Afectacion/Convenio,/api/proyecto-nucleo/{id}/afectaciones,Afectación o Convenio · Superficie (ha),OK
Copia de SEGUIMIENTO DE ACTIVIDADES LIBERACIÓN DE VIAS (REV) MQ.xlsx,INFORME M-Q,CQ,SEGUIMIENTO DE AFECTACIÓN A DERECHOS COLECTIVOS → CONVENIO SUPERFICIE ADICIONAL - INSCRIPCIÓN,CONVENIO MONTO 100% 3,superficie administrativa en hectáreas,general,afectacion/convenio.superficie_*_ha,Afectacion/Convenio,/api/proyecto-nucleo/{id}/afectaciones,Afectación o Convenio · Superficie (ha),OK
Copia de SEGUIMIENTO DE ACTIVIDADES LIBERACIÓN DE VIAS (REV) MQ.xlsx,INFORME M-Q,CR,SEGUIMIENTO DE AFECTACIÓN A DERECHOS COLECTIVOS → CONVENIO SUPERFICIE ADICIONAL - INSCRIPCIÓN,MONTO BDT4,superficie administrativa en hectáreas,general,afectacion/convenio.superficie_*_ha,Afectacion/Convenio,/api/proyecto-nucleo/{id}/afectaciones,Afectación o Convenio · Superficie (ha),OK
Copia de SEGUIMIENTO DE ACTIVIDADES LIBERACIÓN DE VIAS (REV) MQ.xlsx,INFORME M-Q,CS,SEGUIMIENTO DE AFECTACIÓN A DERECHOS COLECTIVOS → CONVENIO SUPERFICIE ADICIONAL - INSCRIPCIÓN,TRIMESTRE103,periodo derivado de fecha,general,vista KPI,DashboardKPI,/api/dashboard,Dashboard,DERIVADO
Copia de SEGUIMIENTO DE ACTIVIDADES LIBERACIÓN DE VIAS (REV) MQ.xlsx,INFORME M-Q,CT,SEGUIMIENTO DE AFECTACIÓN A DERECHOS COLECTIVOS → CONVENIO SUPERFICIE ADICIONAL - INSCRIPCIÓN,INGRESADO AL RAN (FECHA).33,superficie administrativa en hectáreas,general,afectacion/convenio.superficie_*_ha,Afectacion/Convenio,/api/proyecto-nucleo/{id}/afectaciones,Afectación o Convenio · Superficie (ha),OK
Copia de SEGUIMIENTO DE ACTIVIDADES LIBERACIÓN DE VIAS (REV) MQ.xlsx,INFORME M-Q,CU,SEGUIMIENTO DE AFECTACIÓN A DERECHOS COLECTIVOS → CONVENIO SUPERFICIE ADICIONAL - INSCRIPCIÓN,NÚMERO DE SOLICITUD DE INGRESO.44,superficie administrativa en hectáreas,general,afectacion/convenio.superficie_*_ha,Afectacion/Convenio,/api/proyecto-nucleo/{id}/afectaciones,Afectación o Convenio · Superficie (ha),OK
Copia de SEGUIMIENTO DE ACTIVIDADES LIBERACIÓN DE VIAS (REV) MQ.xlsx,INFORME M-Q,CV,SEGUIMIENTO DE AFECTACIÓN A DERECHOS COLECTIVOS → CONVENIO SUPERFICIE ADICIONAL - INSCRIPCIÓN,CONVENIO INSCRITO EN EL RAN (FECHA)25,superficie administrativa en hectáreas,general,afectacion/convenio.superficie_*_ha,Afectacion/Convenio,/api/proyecto-nucleo/{id}/afectaciones,Afectación o Convenio · Superficie (ha),OK
Copia de SEGUIMIENTO DE ACTIVIDADES LIBERACIÓN DE VIAS (REV) MQ.xlsx,INFORME M-Q,CW,SEGUIMIENTO DE AFECTACIÓN A DERECHOS COLECTIVOS → CONVENIO SUPERFICIE ADICIONAL - INSCRIPCIÓN,SUPERFICIE ADICIONAL (HA)22,superficie administrativa en hectáreas,general,afectacion/convenio.superficie_*_ha,Afectacion/Convenio,/api/proyecto-nucleo/{id}/afectaciones,Afectación o Convenio · Superficie (ha),OK
Copia de SEGUIMIENTO DE ACTIVIDADES LIBERACIÓN DE VIAS (REV) MQ.xlsx,INFORME M-Q,CX,SEGUIMIENTO DE AFECTACIÓN A DERECHOS COLECTIVOS,REUNIÓN DE SENSIBILIZACIÓN PROGRAMADA (FECHA)2,actividad de sensibilización,general,actividad_campo,ActividadCampo,/api/proyecto-nucleo/{id}/actividades,Actividades · Sensibilización,OK
Copia de SEGUIMIENTO DE ACTIVIDADES LIBERACIÓN DE VIAS (REV) MQ.xlsx,INFORME M-Q,CY,SEGUIMIENTO DE AFECTACIÓN A DERECHOS COLECTIVOS,REUNIÓN DE SENSIBILIZACIÓN REALIZADA (FECHA),actividad de sensibilización,general,actividad_campo,ActividadCampo,/api/proyecto-nucleo/{id}/actividades,Actividades · Sensibilización,OK
Copia de SEGUIMIENTO DE ACTIVIDADES LIBERACIÓN DE VIAS (REV) MQ.xlsx,INFORME M-Q,CZ,SEGUIMIENTO DE AFECTACIÓN A DERECHOS COLECTIVOS → OBRAS COMPLEMENTARIAS,CAMINAMIENTO PROGRAMADO (FECHA).,actividad de caminamiento,general,actividad_campo,ActividadCampo,/api/proyecto-nucleo/{id}/actividades,Actividades · Caminamiento,OK
Copia de SEGUIMIENTO DE ACTIVIDADES LIBERACIÓN DE VIAS (REV) MQ.xlsx,INFORME M-Q,DA,SEGUIMIENTO DE AFECTACIÓN A DERECHOS COLECTIVOS → OBRAS COMPLEMENTARIAS,CAMINAMIENTO REALIZADO (FECHA).,actividad de caminamiento,general,actividad_campo,ActividadCampo,/api/proyecto-nucleo/{id}/actividades,Actividades · Caminamiento,OK
Copia de SEGUIMIENTO DE ACTIVIDADES LIBERACIÓN DE VIAS (REV) MQ.xlsx,INFORME M-Q,DB,SEGUIMIENTO DE AFECTACIÓN A DERECHOS COLECTIVOS → OBRAS COMPLEMENTARIAS,ASAMBLEA 1A CONVOCATORIA (FECHA).,seguimiento de Asamblea,colectivo,asamblea,Asamblea,/api/proyecto-nucleo/{id}/asambleas,Asambleas,OK
Copia de SEGUIMIENTO DE ACTIVIDADES LIBERACIÓN DE VIAS (REV) MQ.xlsx,INFORME M-Q,DC,SEGUIMIENTO DE AFECTACIÓN A DERECHOS COLECTIVOS → OBRAS COMPLEMENTARIAS,ASAMBLEA 2A CONVOCATORIA (FECHA).,seguimiento de Asamblea,colectivo,asamblea,Asamblea,/api/proyecto-nucleo/{id}/asambleas,Asambleas,OK
Copia de SEGUIMIENTO DE ACTIVIDADES LIBERACIÓN DE VIAS (REV) MQ.xlsx,INFORME M-Q,DD,SEGUIMIENTO DE AFECTACIÓN A DERECHOS COLECTIVOS → OBRAS COMPLEMENTARIAS,ASAMBLEA REALIZADA (FECHA).,seguimiento de Asamblea,colectivo,asamblea,Asamblea,/api/proyecto-nucleo/{id}/asambleas,Asambleas,OK
Copia de SEGUIMIENTO DE ACTIVIDADES LIBERACIÓN DE VIAS (REV) MQ.xlsx,INFORME M-Q,DE,SEGUIMIENTO DE AFECTACIÓN A DERECHOS COLECTIVOS → OBRAS COMPLEMENTARIAS,TRIMESTRE.,periodo derivado de fecha,general,vista KPI,DashboardKPI,/api/dashboard,Dashboard,DERIVADO
Copia de SEGUIMIENTO DE ACTIVIDADES LIBERACIÓN DE VIAS (REV) MQ.xlsx,INFORME M-Q,DF,SEGUIMIENTO DE AFECTACIÓN A DERECHOS COLECTIVOS → OBRAS COMPLEMENTARIAS,INGRESADO AL RAN (FECHA).2,seguimiento registral RAN,general,"asamblea/convenio fechas, solicitud y calificación",Asamblea/Convenio,/api/proyecto-nucleo/{id}/asambleas,Asambleas o Convenios · Seguimiento RAN,OK
Copia de SEGUIMIENTO DE ACTIVIDADES LIBERACIÓN DE VIAS (REV) MQ.xlsx,INFORME M-Q,DG,SEGUIMIENTO DE AFECTACIÓN A DERECHOS COLECTIVOS → OBRAS COMPLEMENTARIAS,NÚMERO DE SOLICITUD DE INGRESO.2,número de solicitud,general,asamblea/convenio.numero_solicitud_ingreso,Asamblea/Convenio,/api/proyecto-nucleo/{id}/asambleas,Seguimiento RAN · NÚMERO DE SOLICITUD,OK
Copia de SEGUIMIENTO DE ACTIVIDADES LIBERACIÓN DE VIAS (REV) MQ.xlsx,INFORME M-Q,DH,SEGUIMIENTO DE AFECTACIÓN A DERECHOS COLECTIVOS → OBRAS COMPLEMENTARIAS,TRIMESTRE.2,periodo derivado de fecha,general,vista KPI,DashboardKPI,/api/dashboard,Dashboard,DERIVADO
Copia de SEGUIMIENTO DE ACTIVIDADES LIBERACIÓN DE VIAS (REV) MQ.xlsx,INFORME M-Q,DI,SEGUIMIENTO DE AFECTACIÓN A DERECHOS COLECTIVOS → OBRAS COMPLEMENTARIAS,CALIFICACIÓN REGISTRAL..,calificación registral,general,asamblea/convenio.calificacion_registral,Asamblea/Convenio,/api/proyecto-nucleo/{id}/asambleas,Seguimiento RAN · CALIFICACIÓN REGISTRAL,OK
Copia de SEGUIMIENTO DE ACTIVIDADES LIBERACIÓN DE VIAS (REV) MQ.xlsx,INFORME M-Q,DJ,SEGUIMIENTO DE AFECTACIÓN A DERECHOS COLECTIVOS → OBRAS COMPLEMENTARIAS,ACTA INSCRITA EN EL RAN (FECHA).,seguimiento registral RAN,general,"asamblea/convenio fechas, solicitud y calificación",Asamblea/Convenio,/api/proyecto-nucleo/{id}/asambleas,Asambleas o Convenios · Seguimiento RAN,OK
Copia de SEGUIMIENTO DE ACTIVIDADES LIBERACIÓN DE VIAS (REV) MQ.xlsx,INFORME M-Q,DK,SEGUIMIENTO DE AFECTACIÓN A DERECHOS COLECTIVOS → OBRAS COMPLEMENTARIAS,TRIMESTRE9,periodo derivado de fecha,general,vista KPI,DashboardKPI,/api/dashboard,Dashboard,DERIVADO
Copia de SEGUIMIENTO DE ACTIVIDADES LIBERACIÓN DE VIAS (REV) MQ.xlsx,INFORME M-Q,DL,SEGUIMIENTO DE AFECTACIÓN A DERECHOS COLECTIVOS → OBRAS COMPLEMENTARIAS,CONVENIO FIRMADO (FECHA).,seguimiento de convenio,general,convenio,Convenio,/api/afectaciones/{id}/convenios,Convenios,OK
Copia de SEGUIMIENTO DE ACTIVIDADES LIBERACIÓN DE VIAS (REV) MQ.xlsx,INFORME M-Q,DM,SEGUIMIENTO DE AFECTACIÓN A DERECHOS COLECTIVOS → OBRAS COMPLEMENTARIAS,CONVENIO MONTO 90%.,monto 90 por ciento,general,convenio.monto_90,Convenio,/api/convenios/{id},Convenios · MONTO 90%,OK
Copia de SEGUIMIENTO DE ACTIVIDADES LIBERACIÓN DE VIAS (REV) MQ.xlsx,INFORME M-Q,DN,SEGUIMIENTO DE AFECTACIÓN A DERECHOS COLECTIVOS → OBRAS COMPLEMENTARIAS,CONVENIO MONTO 100% .,monto 100 por ciento,general,convenio.monto_100,Convenio,/api/convenios/{id},Convenios · MONTO 100%,OK
Copia de SEGUIMIENTO DE ACTIVIDADES LIBERACIÓN DE VIAS (REV) MQ.xlsx,INFORME M-Q,DO,SEGUIMIENTO DE AFECTACIÓN A DERECHOS COLECTIVOS → OBRAS COMPLEMENTARIAS,TRIMESTRE11,periodo derivado de fecha,general,vista KPI,DashboardKPI,/api/dashboard,Dashboard,DERIVADO
Copia de SEGUIMIENTO DE ACTIVIDADES LIBERACIÓN DE VIAS (REV) MQ.xlsx,INFORME M-Q,DP,SEGUIMIENTO DE AFECTACIÓN A DERECHOS COLECTIVOS → OBRAS COMPLEMENTARIAS,INGRESADO AL RAN (FECHA)..,seguimiento registral RAN,general,"asamblea/convenio fechas, solicitud y calificación",Asamblea/Convenio,/api/proyecto-nucleo/{id}/asambleas,Asambleas o Convenios · Seguimiento RAN,OK
Copia de SEGUIMIENTO DE ACTIVIDADES LIBERACIÓN DE VIAS (REV) MQ.xlsx,INFORME M-Q,DQ,SEGUIMIENTO DE AFECTACIÓN A DERECHOS COLECTIVOS → OBRAS COMPLEMENTARIAS,NÚMERO DE SOLICITUD DE INGRESO..,número de solicitud,general,asamblea/convenio.numero_solicitud_ingreso,Asamblea/Convenio,/api/proyecto-nucleo/{id}/asambleas,Seguimiento RAN · NÚMERO DE SOLICITUD,OK
Copia de SEGUIMIENTO DE ACTIVIDADES LIBERACIÓN DE VIAS (REV) MQ.xlsx,INFORME M-Q,DR,SEGUIMIENTO DE AFECTACIÓN A DERECHOS COLECTIVOS → OBRAS COMPLEMENTARIAS,CALIFICACIÓN REGISTRAL..2,calificación registral,general,asamblea/convenio.calificacion_registral,Asamblea/Convenio,/api/proyecto-nucleo/{id}/asambleas,Seguimiento RAN · CALIFICACIÓN REGISTRAL,OK
Copia de SEGUIMIENTO DE ACTIVIDADES LIBERACIÓN DE VIAS (REV) MQ.xlsx,INFORME M-Q,DS,SEGUIMIENTO DE AFECTACIÓN A DERECHOS COLECTIVOS → OBRAS COMPLEMENTARIAS,CONVENIO INSCRITO EN EL RAN (FECHA)..,seguimiento de convenio,general,convenio,Convenio,/api/afectaciones/{id}/convenios,Convenios,OK
Copia de SEGUIMIENTO DE ACTIVIDADES LIBERACIÓN DE VIAS (REV) MQ.xlsx,INFORME M-Q,DT,SEGUIMIENTO DE AFECTACIÓN A DERECHOS COLECTIVOS → OBRAS COMPLEMENTARIAS,SUPERFICIE TOTAL REAL AFECTADA (HA),superficie administrativa en hectáreas,general,afectacion/convenio.superficie_*_ha,Afectacion/Convenio,/api/proyecto-nucleo/{id}/afectaciones,Afectación o Convenio · Superficie (ha),OK
Copia de SEGUIMIENTO DE ACTIVIDADES LIBERACIÓN DE VIAS (REV) MQ.xlsx,INFORME M-Q,DU,SEGUIMIENTO DE AFECTACIÓN A DERECHOS COLECTIVOS → ASAMBLEA RETIRO DE FONDOS,ASAMBLEA 1A CONVOCATORIA (FECHA)2,seguimiento de Asamblea,colectivo,asamblea,Asamblea,/api/proyecto-nucleo/{id}/asambleas,Asambleas,OK
Copia de SEGUIMIENTO DE ACTIVIDADES LIBERACIÓN DE VIAS (REV) MQ.xlsx,INFORME M-Q,DV,SEGUIMIENTO DE AFECTACIÓN A DERECHOS COLECTIVOS → ASAMBLEA RETIRO DE FONDOS,ASAMBLEA 2A CONVOCATORIA (FECHA)3,seguimiento de Asamblea,colectivo,asamblea,Asamblea,/api/proyecto-nucleo/{id}/asambleas,Asambleas,OK
Copia de SEGUIMIENTO DE ACTIVIDADES LIBERACIÓN DE VIAS (REV) MQ.xlsx,INFORME M-Q,DW,SEGUIMIENTO DE AFECTACIÓN A DERECHOS COLECTIVOS → ASAMBLEA RETIRO DE FONDOS,ASAMBLEA REALIZADA (FECHA)24,seguimiento de Asamblea,colectivo,asamblea,Asamblea,/api/proyecto-nucleo/{id}/asambleas,Asambleas,OK
Copia de SEGUIMIENTO DE ACTIVIDADES LIBERACIÓN DE VIAS (REV) MQ.xlsx,INFORME M-Q,DX,SEGUIMIENTO DE AFECTACIÓN A DERECHOS COLECTIVOS → ASAMBLEA RETIRO DE FONDOS,INGRESADO AL RAN (FECHA)25,seguimiento de Asamblea,colectivo,asamblea,Asamblea,/api/proyecto-nucleo/{id}/asambleas,Asambleas,OK
Copia de SEGUIMIENTO DE ACTIVIDADES LIBERACIÓN DE VIAS (REV) MQ.xlsx,INFORME M-Q,DY,SEGUIMIENTO DE AFECTACIÓN A DERECHOS COLECTIVOS → ASAMBLEA RETIRO DE FONDOS,NÚMERO DE SOLICITUD DE INGRESO26,seguimiento de Asamblea,colectivo,asamblea,Asamblea,/api/proyecto-nucleo/{id}/asambleas,Asambleas,OK
Copia de SEGUIMIENTO DE ACTIVIDADES LIBERACIÓN DE VIAS (REV) MQ.xlsx,INFORME M-Q,DZ,SEGUIMIENTO DE AFECTACIÓN A DERECHOS COLECTIVOS → ASAMBLEA RETIRO DE FONDOS,CALIFICACIÓN REGISTRAL.7,seguimiento de Asamblea,colectivo,asamblea,Asamblea,/api/proyecto-nucleo/{id}/asambleas,Asambleas,OK
Copia de SEGUIMIENTO DE ACTIVIDADES LIBERACIÓN DE VIAS (REV) MQ.xlsx,INFORME M-Q,EA,SEGUIMIENTO DE AFECTACIÓN A DERECHOS COLECTIVOS → ASAMBLEA RETIRO DE FONDOS,ACTA INSCRITA EN EL RAN (FECHA)38,seguimiento de Asamblea,colectivo,asamblea,Asamblea,/api/proyecto-nucleo/{id}/asambleas,Asambleas,OK
Copia de SEGUIMIENTO DE ACTIVIDADES LIBERACIÓN DE VIAS (REV) MQ.xlsx,INFORME M-Q,EB,SEGUIMIENTO DE AFECTACIÓN A DERECHOS COLECTIVOS → INDEMNIZACIÓN,"ESTATUS (COMPLETO, PENDIENTE, PROGRAMADO)",indemnización,general,indemnizacion,Indemnizacion,/api/afectaciones/{id}/indemnizacion,Indemnización y Pagos,OK
Copia de SEGUIMIENTO DE ACTIVIDADES LIBERACIÓN DE VIAS (REV) MQ.xlsx,INFORME M-Q,EC,SEGUIMIENTO DE AFECTACIÓN A DERECHOS COLECTIVOS,ENTREGA DE EXPEDIENTE SICT - PROCURADURÍA AGRARIA,entrega de expediente SICT–PA,general,indemnizacion.fecha_entrega_expediente_pa,Indemnizacion,/api/afectaciones/{id}/indemnizacion,Indemnización y Pagos,OK
Copia de SEGUIMIENTO DE ACTIVIDADES LIBERACIÓN DE VIAS (REV) MQ.xlsx,INFORME M-Q,ED,General,EXPROPIACIÓN DIRECTA,condición de expropiación directa,colectivo,afectacion.condicion_especial,Afectacion,/api/proyecto-nucleo/{id}/afectaciones,Afectación · Condición especial,OK
Copia de SEGUIMIENTO DE ACTIVIDADES LIBERACIÓN DE VIAS (REV) MQ.xlsx,INFORME M-Q,EE,General,EL PROYECTO FERROVIARIO NO AFECTA TIERRAS DE USO COMÚN,proyecto ferroviario,general,proyecto.nombre_proyecto,Proyecto,/api/proyectos,Selector de contexto · Proyecto,OK
Copia de SEGUIMIENTO DE ACTIVIDADES LIBERACIÓN DE VIAS (REV) MQ.xlsx,INFORME M-Q,EF,General,COMUNIDAD INDÍGENA,condición de comunidad indígena,colectivo,afectacion.condicion_especial/descripcion_condicion,Afectacion,/api/proyecto-nucleo/{id}/afectaciones,Afectación · Condición especial,OK
Copia de SEGUIMIENTO DE ACTIVIDADES LIBERACIÓN DE VIAS (REV) MQ.xlsx,INFORME M-Q,EG,INFORME DE NO CONFLICTOS,NO. DE OFICIO FIFONAFE A DGAOPR/REPRESENTACIÓN Y FECHA,informe de no conflictos FIFONAFE,general,tramite_fifonafe,TramiteFifonafe,/api/proyecto-nucleo/{id}/fifonafe,FIFONAFE,OK
Copia de SEGUIMIENTO DE ACTIVIDADES LIBERACIÓN DE VIAS (REV) MQ.xlsx,INFORME M-Q,EH,INFORME DE NO CONFLICTOS,NO. DE OFICIO DGAOPR A REPRESENTACIÓN Y FECHA,oficio operativo,general,tramite_fifonafe oficios o documento,TramiteFifonafe/Documento,/api/proyecto-nucleo/{id}/fifonafe,FIFONAFE · Secuencia de oficios,OK
Copia de SEGUIMIENTO DE ACTIVIDADES LIBERACIÓN DE VIAS (REV) MQ.xlsx,INFORME M-Q,EI,INFORME DE NO CONFLICTOS,RESPUESTA REPRESENTACIÓN A DGAOPR NO. DE OFICIO Y FECHA,oficio operativo,general,tramite_fifonafe oficios o documento,TramiteFifonafe/Documento,/api/proyecto-nucleo/{id}/fifonafe,FIFONAFE · Secuencia de oficios,OK
Copia de SEGUIMIENTO DE ACTIVIDADES LIBERACIÓN DE VIAS (REV) MQ.xlsx,INFORME M-Q,EJ,INFORME DE NO CONFLICTOS,RESPUESTA DGAOPR/REPRESENTACIÓN A FIFONAFE NO. DE OFICIO Y FECHA,informe de no conflictos FIFONAFE,general,tramite_fifonafe,TramiteFifonafe,/api/proyecto-nucleo/{id}/fifonafe,FIFONAFE,OK
Copia de SEGUIMIENTO DE ACTIVIDADES LIBERACIÓN DE VIAS (REV) MQ.xlsx,INFORME M-Q,EK,General,OBSERVACIONES / ACUERDOS,observaciones operativas,general,observaciones de la entidad correspondiente,Schema de entidad,endpoint del proceso,Detalle del proceso · Observaciones,OK
Copia de SEGUIMIENTO DE ACTIVIDADES LIBERACIÓN DE VIAS (REV) MQ.xlsx,INFORME M-Q,EL,General,VALIDACIÓN PA/SICT,validación operativa PA/SICT,general,sin atributo inequívoco,—,—,FIFONAFE,DECISION_FUNCIONAL_REQUERIDA
Copia de SEGUIMIENTO DE ACTIVIDADES LIBERACIÓN DE VIAS (REV) MQ.xlsx,INFORME M-Q,EM,General,OFICIO RAN PARCELAS CON AFECTACIÓN,identificación de parcela,individual,parcela.numero_parcela/tipo_parcela,Parcela,/api/nucleos/{id}/parcelas,Afectación individual · Parcela,OK
Copia de SEGUIMIENTO DE ACTIVIDADES LIBERACIÓN DE VIAS (REV) MQ.xlsx,INFORME M-Q,EN,General,OBSERVACIONES,observaciones operativas,general,observaciones de la entidad correspondiente,Schema de entidad,endpoint del proceso,Detalle del proceso · Observaciones,OK
Copia de SEGUIMIENTO DE ACTIVIDADES LIBERACIÓN DE VIAS (REV) MQ.xlsx,INFORME M-Q,EO,General,SOPORTE DOCUMENTAL,soporte documental,general,documento/documento_version/documento_vinculo,Documento,/api/documentos,Documentos,OK
Copia de SEGUIMIENTO DE ACTIVIDADES LIBERACIÓN DE VIAS (REV) MQ.xlsx,ORV,A,DATOS GENERALES,NUM.,orden de hoja,general,—,—,—,No se captura,NO_APLICA
Copia de SEGUIMIENTO DE ACTIVIDADES LIBERACIÓN DE VIAS (REV) MQ.xlsx,ORV,B,DATOS GENERALES,ENTIDAD,entidad federativa,general,entidad_federativa.nombre,EntidadFederativa,/api/catalogos/entidades,Selector de contexto · ENTIDAD,OK
Copia de SEGUIMIENTO DE ACTIVIDADES LIBERACIÓN DE VIAS (REV) MQ.xlsx,ORV,C,DATOS GENERALES,MUNICIPIO,municipio,general,municipio.nombre,Municipio,/api/catalogos/municipios,Selector de contexto · MUNICIPIO,OK
Copia de SEGUIMIENTO DE ACTIVIDADES LIBERACIÓN DE VIAS (REV) MQ.xlsx,ORV,D,DATOS GENERALES,NÚCLEO AGRARIO,núcleo agrario,general,nucleo_agrario.nombre,NucleoAgrario,/api/proyectos/{id}/nucleos,Selector de contexto · NÚCLEO AGRARIO,OK
Copia de SEGUIMIENTO DE ACTIVIDADES LIBERACIÓN DE VIAS (REV) MQ.xlsx,ORV,E,DATOS GENERALES,E/C,ejido o comunidad,general,nucleo_agrario.tipo_nucleo,NucleoAgrario,/api/proyectos/{id}/nucleos,General · E/C,OK
Copia de SEGUIMIENTO DE ACTIVIDADES LIBERACIÓN DE VIAS (REV) MQ.xlsx,ORV,F,General,COMISARIADO_PRESIDENTE,integrante nominal del comisariado,general,orv_integrante.cargo + persona,ORVIntegrante,/api/orv/{id}/integrantes,ORV y Padrón · Comisariado,OK
Copia de SEGUIMIENTO DE ACTIVIDADES LIBERACIÓN DE VIAS (REV) MQ.xlsx,ORV,G,General,COMISARIADO_SECRETARIO,integrante nominal del comisariado,general,orv_integrante.cargo + persona,ORVIntegrante,/api/orv/{id}/integrantes,ORV y Padrón · Comisariado,OK
Copia de SEGUIMIENTO DE ACTIVIDADES LIBERACIÓN DE VIAS (REV) MQ.xlsx,ORV,H,General,COMISARIADO_TESORERO,integrante nominal del comisariado,general,orv_integrante.cargo + persona,ORVIntegrante,/api/orv/{id}/integrantes,ORV y Padrón · Comisariado,OK
Copia de SEGUIMIENTO DE ACTIVIDADES LIBERACIÓN DE VIAS (REV) MQ.xlsx,ORV,I,General,CONSEJO_VIGILANCIA_PRESIDENTE,integrante nominal del consejo de vigilancia,general,orv_integrante.cargo + persona,ORVIntegrante,/api/orv/{id}/integrantes,ORV y Padrón · Consejo de Vigilancia,OK
Copia de SEGUIMIENTO DE ACTIVIDADES LIBERACIÓN DE VIAS (REV) MQ.xlsx,ORV,J,General,CONSEJO_VIGILANCIA_SECRETARIO1,integrante nominal del consejo de vigilancia,general,orv_integrante.cargo + persona,ORVIntegrante,/api/orv/{id}/integrantes,ORV y Padrón · Consejo de Vigilancia,OK
Copia de SEGUIMIENTO DE ACTIVIDADES LIBERACIÓN DE VIAS (REV) MQ.xlsx,ORV,K,General,CONSEJO_VIGILANCIA_SECRETARIO2,integrante nominal del consejo de vigilancia,general,orv_integrante.cargo + persona,ORVIntegrante,/api/orv/{id}/integrantes,ORV y Padrón · Consejo de Vigilancia,OK
Copia de SEGUIMIENTO DE ACTIVIDADES LIBERACIÓN DE VIAS (REV) MQ.xlsx,ORV,L,General,FECHA DE PADRÓN,padrón vigente,general,padron_historial.fecha_padron/numero_sujetos,PadronHistorial,/api/nucleos/{id}/padrones,ORV y Padrón · Padrón,OK
Copia de SEGUIMIENTO DE ACTIVIDADES LIBERACIÓN DE VIAS (REV) MQ.xlsx,ORV,M,General,PADRÓN: NÚMERO DE EJIDATARIOS/ COMUNEROS,padrón vigente,general,padron_historial.fecha_padron/numero_sujetos,PadronHistorial,/api/nucleos/{id}/padrones,ORV y Padrón · Padrón,OK
Copia de SEGUIMIENTO DE ACTIVIDADES LIBERACIÓN DE VIAS (REV) MQ.xlsx,ORV,N,General,ORV VIGENTES (SI/NO) ESTATUS,vigencia o estado de ORV,general,orv.inicio_vigencia/fin_vigencia/acta_inscrita_ran,ORV,/api/nucleos/{id}/orv,ORV y Padrón,OK
Copia de SEGUIMIENTO DE ACTIVIDADES LIBERACIÓN DE VIAS (REV) MQ.xlsx,ORV,O,General,FECHA DE VENCIMIENTO DE ORV,vigencia o estado de ORV,general,orv.inicio_vigencia/fin_vigencia/acta_inscrita_ran,ORV,/api/nucleos/{id}/orv,ORV y Padrón,OK
Copia de SEGUIMIENTO DE ACTIVIDADES LIBERACIÓN DE VIAS (REV) MQ.xlsx,ORV,P,General,ACTA DE ELECCIÓN DE ORV INSCRITA EN EL RAN (SI/NO),vigencia o estado de ORV,general,orv.inicio_vigencia/fin_vigencia/acta_inscrita_ran,ORV,/api/nucleos/{id}/orv,ORV y Padrón,OK
Copia de SEGUIMIENTO DE ACTIVIDADES LIBERACIÓN DE VIAS (REV) MQ.xlsx,ORV,Q,General,OBSERVACIONES,observaciones operativas,general,observaciones de la entidad correspondiente,Schema de entidad,endpoint del proceso,Detalle del proceso · Observaciones,OK
Copia de SEGUIMIENTO DE ACTIVIDADES LIBERACIÓN DE VIAS (REV) MQ.xlsx,ORV,R,General,SOPORTE DOCUMENTAL,soporte documental,general,documento/documento_version/documento_vinculo,Documento,/api/documentos,Documentos,OK
Copia de SEGUIMIENTO DE ACTIVIDADES LIBERACIÓN DE VIAS (REV) MQ.xlsx,ASAMBLEAS PENDIENTES,A,DATOS GENERALES,NUM.,orden de hoja,general,—,—,—,No se captura,NO_APLICA
Copia de SEGUIMIENTO DE ACTIVIDADES LIBERACIÓN DE VIAS (REV) MQ.xlsx,ASAMBLEAS PENDIENTES,B,DATOS GENERALES,ENTIDAD,entidad federativa,general,entidad_federativa.nombre,EntidadFederativa,/api/catalogos/entidades,Selector de contexto · ENTIDAD,OK
Copia de SEGUIMIENTO DE ACTIVIDADES LIBERACIÓN DE VIAS (REV) MQ.xlsx,ASAMBLEAS PENDIENTES,C,DATOS GENERALES,MUNICIPIO,municipio,general,municipio.nombre,Municipio,/api/catalogos/municipios,Selector de contexto · MUNICIPIO,OK
Copia de SEGUIMIENTO DE ACTIVIDADES LIBERACIÓN DE VIAS (REV) MQ.xlsx,ASAMBLEAS PENDIENTES,D,DATOS GENERALES,RESIDENCIA,residencia administrativa,general,proyecto_nucleo.residencia,ProyectoNucleo,/api/proyecto-nucleo/{id},General · RESIDENCIA,OK
Copia de SEGUIMIENTO DE ACTIVIDADES LIBERACIÓN DE VIAS (REV) MQ.xlsx,ASAMBLEAS PENDIENTES,E,DATOS GENERALES,CONSECUTIVO,consecutivo operativo,general,proyecto_nucleo_referencia.valor,ProyectoNucleoReferencia,/api/proyecto-nucleo/{id}/referencias,General · CONSECUTIVO,OK
Copia de SEGUIMIENTO DE ACTIVIDADES LIBERACIÓN DE VIAS (REV) MQ.xlsx,ASAMBLEAS PENDIENTES,F,DATOS GENERALES,NÚCLEO AGRARIO,núcleo agrario,general,nucleo_agrario.nombre,NucleoAgrario,/api/proyectos/{id}/nucleos,Selector de contexto · NÚCLEO AGRARIO,OK
Copia de SEGUIMIENTO DE ACTIVIDADES LIBERACIÓN DE VIAS (REV) MQ.xlsx,ASAMBLEAS PENDIENTES,G,DATOS GENERALES,E/C,ejido o comunidad,general,nucleo_agrario.tipo_nucleo,NucleoAgrario,/api/proyectos/{id}/nucleos,General · E/C,OK
Copia de SEGUIMIENTO DE ACTIVIDADES LIBERACIÓN DE VIAS (REV) MQ.xlsx,ASAMBLEAS PENDIENTES,H,DATOS GENERALES,NOMBRE DE LA PERSONA ORGANIZADORA AGRARIA RESPONSABLE,persona organizadora agraria responsable,general,proyecto_nucleo.responsable_nombre,ProyectoNucleo,/api/proyecto-nucleo/{id},General · PERSONA ORGANIZADORA RESPONSABLE,OK
Copia de SEGUIMIENTO DE ACTIVIDADES LIBERACIÓN DE VIAS (REV) MQ.xlsx,ASAMBLEAS PENDIENTES,I,DATOS GENERALES,DATOS DE CONTACTO (TELÉFONO),ejido o comunidad,general,nucleo_agrario.tipo_nucleo,NucleoAgrario,/api/proyectos/{id}/nucleos,General · E/C,OK
Copia de SEGUIMIENTO DE ACTIVIDADES LIBERACIÓN DE VIAS (REV) MQ.xlsx,ASAMBLEAS PENDIENTES,J,DATOS GENERALES,DESTINO DE LA SUPERFICIE,destino de la superficie,general,afectacion.destino_superficie,Afectacion,/api/proyecto-nucleo/{id}/afectaciones,Afectación · DESTINO DE LA SUPERFICIE,OK
Copia de SEGUIMIENTO DE ACTIVIDADES LIBERACIÓN DE VIAS (REV) MQ.xlsx,ASAMBLEAS PENDIENTES,K,DATOS GENERALES,NO. DE PARCELA/SOLAR,identificación de parcela,individual,parcela.numero_parcela/tipo_parcela,Parcela,/api/nucleos/{id}/parcelas,Afectación individual · Parcela,OK
Copia de SEGUIMIENTO DE ACTIVIDADES LIBERACIÓN DE VIAS (REV) MQ.xlsx,ASAMBLEAS PENDIENTES,L,DATOS GENERALES,FECHA DE PADRÓN,padrón vigente,general,padron_historial.fecha_padron/numero_sujetos,PadronHistorial,/api/nucleos/{id}/padrones,ORV y Padrón · Padrón,OK
Copia de SEGUIMIENTO DE ACTIVIDADES LIBERACIÓN DE VIAS (REV) MQ.xlsx,ASAMBLEAS PENDIENTES,M,DATOS GENERALES,PADRÓN: NÚMERO DE EJIDATARIOS/ COMUNEROS,padrón vigente,general,padron_historial.fecha_padron/numero_sujetos,PadronHistorial,/api/nucleos/{id}/padrones,ORV y Padrón · Padrón,OK
Copia de SEGUIMIENTO DE ACTIVIDADES LIBERACIÓN DE VIAS (REV) MQ.xlsx,ASAMBLEAS PENDIENTES,N,DATOS GENERALES,ORV VIGENTES (SI/NO),vigencia o estado de ORV,general,orv.inicio_vigencia/fin_vigencia/acta_inscrita_ran,ORV,/api/nucleos/{id}/orv,ORV y Padrón,OK
Copia de SEGUIMIENTO DE ACTIVIDADES LIBERACIÓN DE VIAS (REV) MQ.xlsx,ASAMBLEAS PENDIENTES,O,DATOS GENERALES,FECHA DE VENCIMIENTO DE ORV,vigencia o estado de ORV,general,orv.inicio_vigencia/fin_vigencia/acta_inscrita_ran,ORV,/api/nucleos/{id}/orv,ORV y Padrón,OK
Copia de SEGUIMIENTO DE ACTIVIDADES LIBERACIÓN DE VIAS (REV) MQ.xlsx,ASAMBLEAS PENDIENTES,P,DATOS GENERALES,ACTA DE ELECCIÓN DE ORV INSCRITA EN EL RAN (SI/NO),vigencia o estado de ORV,general,orv.inicio_vigencia/fin_vigencia/acta_inscrita_ran,ORV,/api/nucleos/{id}/orv,ORV y Padrón,OK
Copia de SEGUIMIENTO DE ACTIVIDADES LIBERACIÓN DE VIAS (REV) MQ.xlsx,ASAMBLEAS PENDIENTES,Q,General,CLAVE DEL TRAMO,referencia histórica del tramo,general,proyecto_nucleo_referencia.tipo/valor,ProyectoNucleoReferencia,/api/proyecto-nucleo/{id}/referencias,General · Referencias del tramo,REFERENCIA_LEGACY
Copia de SEGUIMIENTO DE ACTIVIDADES LIBERACIÓN DE VIAS (REV) MQ.xlsx,ASAMBLEAS PENDIENTES,R,General,NÚMERO DE TRAMO,referencia histórica del tramo,general,proyecto_nucleo_referencia.tipo/valor,ProyectoNucleoReferencia,/api/proyecto-nucleo/{id}/referencias,General · Referencias del tramo,REFERENCIA_LEGACY
Copia de SEGUIMIENTO DE ACTIVIDADES LIBERACIÓN DE VIAS (REV) MQ.xlsx,ASAMBLEAS PENDIENTES,S,SEGUIMIENTO DE AFECTACIÓN A DERECHOS COLECTIVOS → SENSIBILIZACIÓN,REUNIÓN PROGRAMADA (FECHA),actividad de sensibilización,general,actividad_campo,ActividadCampo,/api/proyecto-nucleo/{id}/actividades,Actividades · Sensibilización,OK
Copia de SEGUIMIENTO DE ACTIVIDADES LIBERACIÓN DE VIAS (REV) MQ.xlsx,ASAMBLEAS PENDIENTES,T,SEGUIMIENTO DE AFECTACIÓN A DERECHOS COLECTIVOS → SENSIBILIZACIÓN,PROGRAMADA POR NA,marca operativa por núcleo agrario,general,derivado/documentado desde actividad,ActividadCampo,/api/proyecto-nucleo/{id}/actividades,Actividades · contexto operativo,DERIVADO
Copia de SEGUIMIENTO DE ACTIVIDADES LIBERACIÓN DE VIAS (REV) MQ.xlsx,ASAMBLEAS PENDIENTES,U,SEGUIMIENTO DE AFECTACIÓN A DERECHOS COLECTIVOS → SENSIBILIZACIÓN,REUNIÓN REALIZADA (FECHA),actividad de sensibilización,general,actividad_campo,ActividadCampo,/api/proyecto-nucleo/{id}/actividades,Actividades · Sensibilización,OK
Copia de SEGUIMIENTO DE ACTIVIDADES LIBERACIÓN DE VIAS (REV) MQ.xlsx,ASAMBLEAS PENDIENTES,V,SEGUIMIENTO DE AFECTACIÓN A DERECHOS COLECTIVOS → SENSIBILIZACIÓN,REALIZADA POR NA,marca operativa por núcleo agrario,general,derivado/documentado desde actividad,ActividadCampo,/api/proyecto-nucleo/{id}/actividades,Actividades · contexto operativo,DERIVADO
Copia de SEGUIMIENTO DE ACTIVIDADES LIBERACIÓN DE VIAS (REV) MQ.xlsx,ASAMBLEAS PENDIENTES,W,SEGUIMIENTO DE AFECTACIÓN A DERECHOS COLECTIVOS → SENSIBILIZACIÓN,TRIMESTRE,periodo derivado de fecha,general,vista KPI,DashboardKPI,/api/dashboard,Dashboard,DERIVADO
Copia de SEGUIMIENTO DE ACTIVIDADES LIBERACIÓN DE VIAS (REV) MQ.xlsx,ASAMBLEAS PENDIENTES,X,SEGUIMIENTO DE AFECTACIÓN A DERECHOS COLECTIVOS → CAMINAMIENTO,PROGRAMADO (FECHA),actividad de caminamiento,general,actividad_campo,ActividadCampo,/api/proyecto-nucleo/{id}/actividades,Actividades · Caminamiento,OK
Copia de SEGUIMIENTO DE ACTIVIDADES LIBERACIÓN DE VIAS (REV) MQ.xlsx,ASAMBLEAS PENDIENTES,Y,SEGUIMIENTO DE AFECTACIÓN A DERECHOS COLECTIVOS → CAMINAMIENTO,PROGRAMADO POR NA,actividad de caminamiento,general,actividad_campo,ActividadCampo,/api/proyecto-nucleo/{id}/actividades,Actividades · Caminamiento,OK
Copia de SEGUIMIENTO DE ACTIVIDADES LIBERACIÓN DE VIAS (REV) MQ.xlsx,ASAMBLEAS PENDIENTES,Z,SEGUIMIENTO DE AFECTACIÓN A DERECHOS COLECTIVOS → CAMINAMIENTO,REALIZADO (FECHA),actividad de caminamiento,general,actividad_campo,ActividadCampo,/api/proyecto-nucleo/{id}/actividades,Actividades · Caminamiento,OK
Copia de SEGUIMIENTO DE ACTIVIDADES LIBERACIÓN DE VIAS (REV) MQ.xlsx,ASAMBLEAS PENDIENTES,AA,SEGUIMIENTO DE AFECTACIÓN A DERECHOS COLECTIVOS → CAMINAMIENTO,REALIZADO POR NA,actividad de caminamiento,general,actividad_campo,ActividadCampo,/api/proyecto-nucleo/{id}/actividades,Actividades · Caminamiento,OK
Copia de SEGUIMIENTO DE ACTIVIDADES LIBERACIÓN DE VIAS (REV) MQ.xlsx,ASAMBLEAS PENDIENTES,AB,SEGUIMIENTO DE AFECTACIÓN A DERECHOS COLECTIVOS → CAMINAMIENTO,MES A CONTAR4,periodo derivado de fecha,general,vista KPI,DashboardKPI,/api/dashboard,Dashboard,DERIVADO
Copia de SEGUIMIENTO DE ACTIVIDADES LIBERACIÓN DE VIAS (REV) MQ.xlsx,ASAMBLEAS PENDIENTES,AC,SEGUIMIENTO DE AFECTACIÓN A DERECHOS COLECTIVOS → ASAMBLEA DE ANUENCIA Y APROBACIÓN DEL CONVENIO DE OCUPACIÓN PREVIA (COP) - INSCRIPCIÓN,ASAMBLEA PROGRAMADA 1/a (FECHA),seguimiento de Asamblea,colectivo,asamblea,Asamblea,/api/proyecto-nucleo/{id}/asambleas,Asambleas,OK
Copia de SEGUIMIENTO DE ACTIVIDADES LIBERACIÓN DE VIAS (REV) MQ.xlsx,ASAMBLEAS PENDIENTES,AD,SEGUIMIENTO DE AFECTACIÓN A DERECHOS COLECTIVOS → ASAMBLEA DE ANUENCIA Y APROBACIÓN DEL CONVENIO DE OCUPACIÓN PREVIA (COP) - INSCRIPCIÓN,ASAMBLEA PROGRAMADA 2/a (FECHA),seguimiento de Asamblea,colectivo,asamblea,Asamblea,/api/proyecto-nucleo/{id}/asambleas,Asambleas,OK
Copia de SEGUIMIENTO DE ACTIVIDADES LIBERACIÓN DE VIAS (REV) MQ.xlsx,ASAMBLEAS PENDIENTES,AE,SEGUIMIENTO DE AFECTACIÓN A DERECHOS COLECTIVOS → ASAMBLEA DE ANUENCIA Y APROBACIÓN DEL CONVENIO DE OCUPACIÓN PREVIA (COP) - INSCRIPCIÓN,PROGRAMADA POR NA2,marca operativa por núcleo agrario,general,derivado/documentado desde actividad,ActividadCampo,/api/proyecto-nucleo/{id}/actividades,Actividades · contexto operativo,DERIVADO
Copia de SEGUIMIENTO DE ACTIVIDADES LIBERACIÓN DE VIAS (REV) MQ.xlsx,ASAMBLEAS PENDIENTES,AF,SEGUIMIENTO DE AFECTACIÓN A DERECHOS COLECTIVOS → ASAMBLEA DE ANUENCIA Y APROBACIÓN DEL CONVENIO DE OCUPACIÓN PREVIA (COP) - INSCRIPCIÓN,ASAMBLEA REALIZADA (FECHA),seguimiento de Asamblea,colectivo,asamblea,Asamblea,/api/proyecto-nucleo/{id}/asambleas,Asambleas,OK
Copia de SEGUIMIENTO DE ACTIVIDADES LIBERACIÓN DE VIAS (REV) MQ.xlsx,ASAMBLEAS PENDIENTES,AG,SEGUIMIENTO DE AFECTACIÓN A DERECHOS COLECTIVOS → ASAMBLEA DE ANUENCIA Y APROBACIÓN DEL CONVENIO DE OCUPACIÓN PREVIA (COP) - INSCRIPCIÓN,REALIZADA POR NA2,marca operativa por núcleo agrario,general,derivado/documentado desde actividad,ActividadCampo,/api/proyecto-nucleo/{id}/actividades,Actividades · contexto operativo,DERIVADO
Copia de SEGUIMIENTO DE ACTIVIDADES LIBERACIÓN DE VIAS (REV) MQ.xlsx,ASAMBLEAS PENDIENTES,AH,SEGUIMIENTO DE AFECTACIÓN A DERECHOS COLECTIVOS → ASAMBLEA DE ANUENCIA Y APROBACIÓN DEL CONVENIO DE OCUPACIÓN PREVIA (COP) - INSCRIPCIÓN,MES A CONTAR6,periodo derivado de fecha,general,vista KPI,DashboardKPI,/api/dashboard,Dashboard,DERIVADO
Copia de SEGUIMIENTO DE ACTIVIDADES LIBERACIÓN DE VIAS (REV) MQ.xlsx,ASAMBLEAS PENDIENTES,AI,SEGUIMIENTO DE AFECTACIÓN A DERECHOS COLECTIVOS → ASAMBLEA DE ANUENCIA Y APROBACIÓN DEL CONVENIO DE OCUPACIÓN PREVIA (COP) - INSCRIPCIÓN,FECHA PROGRAMADA DE INGRESO AL RAN,seguimiento de Asamblea,colectivo,asamblea,Asamblea,/api/proyecto-nucleo/{id}/asambleas,Asambleas,OK
Copia de SEGUIMIENTO DE ACTIVIDADES LIBERACIÓN DE VIAS (REV) MQ.xlsx,ASAMBLEAS PENDIENTES,AJ,SEGUIMIENTO DE AFECTACIÓN A DERECHOS COLECTIVOS → ASAMBLEA DE ANUENCIA Y APROBACIÓN DEL CONVENIO DE OCUPACIÓN PREVIA (COP) - INSCRIPCIÓN,INGRESADO AL RAN (FECHA),seguimiento de Asamblea,colectivo,asamblea,Asamblea,/api/proyecto-nucleo/{id}/asambleas,Asambleas,OK
Copia de SEGUIMIENTO DE ACTIVIDADES LIBERACIÓN DE VIAS (REV) MQ.xlsx,ASAMBLEAS PENDIENTES,AK,SEGUIMIENTO DE AFECTACIÓN A DERECHOS COLECTIVOS → ASAMBLEA DE ANUENCIA Y APROBACIÓN DEL CONVENIO DE OCUPACIÓN PREVIA (COP) - INSCRIPCIÓN,INGRESO POR NA,seguimiento de Asamblea,colectivo,asamblea,Asamblea,/api/proyecto-nucleo/{id}/asambleas,Asambleas,OK
Copia de SEGUIMIENTO DE ACTIVIDADES LIBERACIÓN DE VIAS (REV) MQ.xlsx,ASAMBLEAS PENDIENTES,AL,SEGUIMIENTO DE AFECTACIÓN A DERECHOS COLECTIVOS → ASAMBLEA DE ANUENCIA Y APROBACIÓN DEL CONVENIO DE OCUPACIÓN PREVIA (COP) - INSCRIPCIÓN,MES A CONTAR7,periodo derivado de fecha,general,vista KPI,DashboardKPI,/api/dashboard,Dashboard,DERIVADO
Copia de SEGUIMIENTO DE ACTIVIDADES LIBERACIÓN DE VIAS (REV) MQ.xlsx,ASAMBLEAS PENDIENTES,AM,SEGUIMIENTO DE AFECTACIÓN A DERECHOS COLECTIVOS → ASAMBLEA DE ANUENCIA Y APROBACIÓN DEL CONVENIO DE OCUPACIÓN PREVIA (COP) - INSCRIPCIÓN,NÚMERO DE SOLICITUD DE INGRESO,seguimiento de Asamblea,colectivo,asamblea,Asamblea,/api/proyecto-nucleo/{id}/asambleas,Asambleas,OK
Copia de SEGUIMIENTO DE ACTIVIDADES LIBERACIÓN DE VIAS (REV) MQ.xlsx,ASAMBLEAS PENDIENTES,AN,SEGUIMIENTO DE AFECTACIÓN A DERECHOS COLECTIVOS → ASAMBLEA DE ANUENCIA Y APROBACIÓN DEL CONVENIO DE OCUPACIÓN PREVIA (COP) - INSCRIPCIÓN,ACTA INSCRITA EN EL RAN (FECHA),seguimiento de Asamblea,colectivo,asamblea,Asamblea,/api/proyecto-nucleo/{id}/asambleas,Asambleas,OK
Copia de SEGUIMIENTO DE ACTIVIDADES LIBERACIÓN DE VIAS (REV) MQ.xlsx,ASAMBLEAS PENDIENTES,AO,SEGUIMIENTO DE AFECTACIÓN A DERECHOS COLECTIVOS → ASAMBLEA DE ANUENCIA Y APROBACIÓN DEL CONVENIO DE OCUPACIÓN PREVIA (COP) - INSCRIPCIÓN,IINSCRITO POR NA,seguimiento de Asamblea,colectivo,asamblea,Asamblea,/api/proyecto-nucleo/{id}/asambleas,Asambleas,OK
Copia de SEGUIMIENTO DE ACTIVIDADES LIBERACIÓN DE VIAS (REV) MQ.xlsx,ASAMBLEAS PENDIENTES,AP,SEGUIMIENTO DE AFECTACIÓN A DERECHOS COLECTIVOS → ASAMBLEA DE ANUENCIA Y APROBACIÓN DEL CONVENIO DE OCUPACIÓN PREVIA (COP) - INSCRIPCIÓN,MES A CONTAR8,periodo derivado de fecha,general,vista KPI,DashboardKPI,/api/dashboard,Dashboard,DERIVADO
Copia de SEGUIMIENTO DE ACTIVIDADES LIBERACIÓN DE VIAS (REV) MQ.xlsx,ASAMBLEAS PENDIENTES,AQ,SEGUIMIENTO DE AFECTACIÓN A DERECHOS COLECTIVOS → ASAMBLEA DE ANUENCIA Y APROBACIÓN DEL CONVENIO DE OCUPACIÓN PREVIA (COP) - INSCRIPCIÓN,ACTA COMPLEMENTARIA,seguimiento de Asamblea,colectivo,asamblea,Asamblea,/api/proyecto-nucleo/{id}/asambleas,Asambleas,OK
Copia de SEGUIMIENTO DE ACTIVIDADES LIBERACIÓN DE VIAS (REV) MQ.xlsx,ASAMBLEAS PENDIENTES,AR,SEGUIMIENTO DE AFECTACIÓN A DERECHOS COLECTIVOS → ASAMBLEA DE ANUENCIA Y APROBACIÓN DEL CONVENIO DE OCUPACIÓN PREVIA (COP) - INSCRIPCIÓN,CALIFICACIÓN REGISTRAL,seguimiento de Asamblea,colectivo,asamblea,Asamblea,/api/proyecto-nucleo/{id}/asambleas,Asambleas,OK
Copia de SEGUIMIENTO DE ACTIVIDADES LIBERACIÓN DE VIAS (REV) MQ.xlsx,ASAMBLEAS PENDIENTES,AS,SEGUIMIENTO DE AFECTACIÓN A DERECHOS COLECTIVOS → ASAMBLEA DE ANUENCIA Y APROBACIÓN DEL CONVENIO DE OCUPACIÓN PREVIA (COP) - INSCRIPCIÓN,ACUSE FIFONAFE (FECHA),fecha de acuse FIFONAFE,general,tramite_fifonafe.acuse_fifonafe_fecha,TramiteFifonafe,/api/proyecto-nucleo/{id}/fifonafe,FIFONAFE · Acuse,OK
Copia de SEGUIMIENTO DE ACTIVIDADES LIBERACIÓN DE VIAS (REV) MQ.xlsx,ASAMBLEAS PENDIENTES,AT,SEGUIMIENTO DE AFECTACIÓN A DERECHOS COLECTIVOS → ASAMBLEA DE ANUENCIA Y APROBACIÓN DEL CONVENIO DE OCUPACIÓN PREVIA (COP) - INSCRIPCIÓN,AVALÚO MAESTRO (INDAABIN) $,avalúo administrativo,general,afectacion.avaluo_monto/fecha/referencia/institucion,Afectacion,/api/proyecto-nucleo/{id}/afectaciones,Afectación · Avalúo,OK
Copia de SEGUIMIENTO DE ACTIVIDADES LIBERACIÓN DE VIAS (REV) MQ.xlsx,ASAMBLEAS PENDIENTES,AU,SEGUIMIENTO DE AFECTACIÓN A DERECHOS COLECTIVOS → CONVENIO DE OCUPACIÓN PREVIA - INSCRIPCIÓN,FECHA PROGRAMADA PARA FIRMA DE CONVENIO,ejido o comunidad,general,nucleo_agrario.tipo_nucleo,NucleoAgrario,/api/proyectos/{id}/nucleos,General · E/C,OK
Copia de SEGUIMIENTO DE ACTIVIDADES LIBERACIÓN DE VIAS (REV) MQ.xlsx,ASAMBLEAS PENDIENTES,AV,SEGUIMIENTO DE AFECTACIÓN A DERECHOS COLECTIVOS → CONVENIO DE OCUPACIÓN PREVIA - INSCRIPCIÓN,CONVENIO FIRMADO (FECHA),seguimiento de convenio,general,convenio,Convenio,/api/afectaciones/{id}/convenios,Convenios,OK
Copia de SEGUIMIENTO DE ACTIVIDADES LIBERACIÓN DE VIAS (REV) MQ.xlsx,ASAMBLEAS PENDIENTES,AW,SEGUIMIENTO DE AFECTACIÓN A DERECHOS COLECTIVOS → CONVENIO DE OCUPACIÓN PREVIA - INSCRIPCIÓN,CONVENIO MONTO 90%,monto 90 por ciento,general,convenio.monto_90,Convenio,/api/convenios/{id},Convenios · MONTO 90%,OK
Copia de SEGUIMIENTO DE ACTIVIDADES LIBERACIÓN DE VIAS (REV) MQ.xlsx,ASAMBLEAS PENDIENTES,AX,SEGUIMIENTO DE AFECTACIÓN A DERECHOS COLECTIVOS → CONVENIO DE OCUPACIÓN PREVIA - INSCRIPCIÓN,CONVENIO MONTO 100%,monto 100 por ciento,general,convenio.monto_100,Convenio,/api/convenios/{id},Convenios · MONTO 100%,OK
Copia de SEGUIMIENTO DE ACTIVIDADES LIBERACIÓN DE VIAS (REV) MQ.xlsx,ASAMBLEAS PENDIENTES,AY,SEGUIMIENTO DE AFECTACIÓN A DERECHOS COLECTIVOS → CONVENIO DE OCUPACIÓN PREVIA - INSCRIPCIÓN,MONTO BDT,monto BDT,general,convenio.monto_bdt,Convenio,/api/convenios/{id},Convenios · MONTO BDT,OK
Copia de SEGUIMIENTO DE ACTIVIDADES LIBERACIÓN DE VIAS (REV) MQ.xlsx,ASAMBLEAS PENDIENTES,AZ,SEGUIMIENTO DE AFECTACIÓN A DERECHOS COLECTIVOS → CONVENIO DE OCUPACIÓN PREVIA - INSCRIPCIÓN,MES A CONTAR9,periodo derivado de fecha,general,vista KPI,DashboardKPI,/api/dashboard,Dashboard,DERIVADO
Copia de SEGUIMIENTO DE ACTIVIDADES LIBERACIÓN DE VIAS (REV) MQ.xlsx,ASAMBLEAS PENDIENTES,BA,SEGUIMIENTO DE AFECTACIÓN A DERECHOS COLECTIVOS → CONVENIO DE OCUPACIÓN PREVIA - INSCRIPCIÓN,FECHA PROGRAMADA DE INGRESO AL RAN.,seguimiento de convenio,general,convenio,Convenio,/api/afectaciones/{id}/convenios,Convenios,OK
Copia de SEGUIMIENTO DE ACTIVIDADES LIBERACIÓN DE VIAS (REV) MQ.xlsx,ASAMBLEAS PENDIENTES,BB,SEGUIMIENTO DE AFECTACIÓN A DERECHOS COLECTIVOS → CONVENIO DE OCUPACIÓN PREVIA - INSCRIPCIÓN,INGRESADO AL RAN (FECHA).,seguimiento de convenio,general,convenio,Convenio,/api/afectaciones/{id}/convenios,Convenios,OK
Copia de SEGUIMIENTO DE ACTIVIDADES LIBERACIÓN DE VIAS (REV) MQ.xlsx,ASAMBLEAS PENDIENTES,BC,SEGUIMIENTO DE AFECTACIÓN A DERECHOS COLECTIVOS → CONVENIO DE OCUPACIÓN PREVIA - INSCRIPCIÓN,MES A CONTAR10,periodo derivado de fecha,general,vista KPI,DashboardKPI,/api/dashboard,Dashboard,DERIVADO
Copia de SEGUIMIENTO DE ACTIVIDADES LIBERACIÓN DE VIAS (REV) MQ.xlsx,ASAMBLEAS PENDIENTES,BD,SEGUIMIENTO DE AFECTACIÓN A DERECHOS COLECTIVOS → CONVENIO DE OCUPACIÓN PREVIA - INSCRIPCIÓN,NÚMERO DE SOLICITUD DE INGRESO.,seguimiento de convenio,general,convenio,Convenio,/api/afectaciones/{id}/convenios,Convenios,OK
Copia de SEGUIMIENTO DE ACTIVIDADES LIBERACIÓN DE VIAS (REV) MQ.xlsx,ASAMBLEAS PENDIENTES,BE,SEGUIMIENTO DE AFECTACIÓN A DERECHOS COLECTIVOS → CONVENIO DE OCUPACIÓN PREVIA - INSCRIPCIÓN,CONVENIO INSCRITO EN EL RAN (FECHA),seguimiento de convenio,general,convenio,Convenio,/api/afectaciones/{id}/convenios,Convenios,OK
Copia de SEGUIMIENTO DE ACTIVIDADES LIBERACIÓN DE VIAS (REV) MQ.xlsx,ASAMBLEAS PENDIENTES,BF,SEGUIMIENTO DE AFECTACIÓN A DERECHOS COLECTIVOS → CONVENIO DE OCUPACIÓN PREVIA - INSCRIPCIÓN,MES A CONTAR11,periodo derivado de fecha,general,vista KPI,DashboardKPI,/api/dashboard,Dashboard,DERIVADO
Copia de SEGUIMIENTO DE ACTIVIDADES LIBERACIÓN DE VIAS (REV) MQ.xlsx,ASAMBLEAS PENDIENTES,BG,SEGUIMIENTO DE AFECTACIÓN A DERECHOS COLECTIVOS → CONVENIO DE OCUPACIÓN PREVIA - INSCRIPCIÓN,CONVENIO MODIFICATORIO,seguimiento de convenio,general,convenio,Convenio,/api/afectaciones/{id}/convenios,Convenios,OK
Copia de SEGUIMIENTO DE ACTIVIDADES LIBERACIÓN DE VIAS (REV) MQ.xlsx,ASAMBLEAS PENDIENTES,BH,SEGUIMIENTO DE AFECTACIÓN A DERECHOS COLECTIVOS → ASAMBLEA RETIRO DE FONDOS,ASAMBLEA 1A CONVOCATORIA (FECHA),seguimiento de Asamblea,colectivo,asamblea,Asamblea,/api/proyecto-nucleo/{id}/asambleas,Asambleas,OK
Copia de SEGUIMIENTO DE ACTIVIDADES LIBERACIÓN DE VIAS (REV) MQ.xlsx,ASAMBLEAS PENDIENTES,BI,SEGUIMIENTO DE AFECTACIÓN A DERECHOS COLECTIVOS → ASAMBLEA RETIRO DE FONDOS,ASAMBLEA REALIZADA (FECHA)2,seguimiento de Asamblea,colectivo,asamblea,Asamblea,/api/proyecto-nucleo/{id}/asambleas,Asambleas,OK
Copia de SEGUIMIENTO DE ACTIVIDADES LIBERACIÓN DE VIAS (REV) MQ.xlsx,ASAMBLEAS PENDIENTES,BJ,SEGUIMIENTO DE AFECTACIÓN A DERECHOS COLECTIVOS → ASAMBLEA RETIRO DE FONDOS,INGRESADO AL RAN (FECHA)2,seguimiento de Asamblea,colectivo,asamblea,Asamblea,/api/proyecto-nucleo/{id}/asambleas,Asambleas,OK
Copia de SEGUIMIENTO DE ACTIVIDADES LIBERACIÓN DE VIAS (REV) MQ.xlsx,ASAMBLEAS PENDIENTES,BK,SEGUIMIENTO DE AFECTACIÓN A DERECHOS COLECTIVOS → ASAMBLEA RETIRO DE FONDOS,NÚMERO DE SOLICITUD DE INGRESO2,seguimiento de Asamblea,colectivo,asamblea,Asamblea,/api/proyecto-nucleo/{id}/asambleas,Asambleas,OK
Copia de SEGUIMIENTO DE ACTIVIDADES LIBERACIÓN DE VIAS (REV) MQ.xlsx,ASAMBLEAS PENDIENTES,BL,SEGUIMIENTO DE AFECTACIÓN A DERECHOS COLECTIVOS → ASAMBLEA RETIRO DE FONDOS,ACTA INSCRITA EN EL RAN (FECHA)3,seguimiento de Asamblea,colectivo,asamblea,Asamblea,/api/proyecto-nucleo/{id}/asambleas,Asambleas,OK
Copia de SEGUIMIENTO DE ACTIVIDADES LIBERACIÓN DE VIAS (REV) MQ.xlsx,ASAMBLEAS PENDIENTES,BM,SEGUIMIENTO DE AFECTACIÓN A DERECHOS COLECTIVOS → INDEMNIZACIÓN,"ESTATUS (COMPLETO, PENDIENTE, PROGRAMADO)",indemnización,general,indemnizacion,Indemnizacion,/api/afectaciones/{id}/indemnizacion,Indemnización y Pagos,OK
Copia de SEGUIMIENTO DE ACTIVIDADES LIBERACIÓN DE VIAS (REV) MQ.xlsx,ASAMBLEAS PENDIENTES,BN,SEGUIMIENTO DE AFECTACIÓN A DERECHOS COLECTIVOS,ENTREGA DE EXPEDIENTE SICT - PROCURADURÍA AGRARIA,entrega de expediente SICT–PA,general,indemnizacion.fecha_entrega_expediente_pa,Indemnizacion,/api/afectaciones/{id}/indemnizacion,Indemnización y Pagos,OK
Copia de SEGUIMIENTO DE ACTIVIDADES LIBERACIÓN DE VIAS (REV) MQ.xlsx,ASAMBLEAS PENDIENTES,BO,SEGUIMIENTO DE AFECTACIÓN A DERECHOS COLECTIVOS,SUPERFICIE TOTAL PRELIMINAR (HA),superficie administrativa en hectáreas,general,afectacion/convenio.superficie_*_ha,Afectacion/Convenio,/api/proyecto-nucleo/{id}/afectaciones,Afectación o Convenio · Superficie (ha),OK
Copia de SEGUIMIENTO DE ACTIVIDADES LIBERACIÓN DE VIAS (REV) MQ.xlsx,ASAMBLEAS PENDIENTES,BP,SEGUIMIENTO DE AFECTACIÓN A DERECHOS COLECTIVOS,SUPERFICIE TOTAL REAL AFECTADA (HA),superficie administrativa en hectáreas,general,afectacion/convenio.superficie_*_ha,Afectacion/Convenio,/api/proyecto-nucleo/{id}/afectaciones,Afectación o Convenio · Superficie (ha),OK
Copia de SEGUIMIENTO DE ACTIVIDADES LIBERACIÓN DE VIAS (REV) MQ.xlsx,ASAMBLEAS PENDIENTES,BQ,General,EXPROPIACIÓN DIRECTA,condición de expropiación directa,colectivo,afectacion.condicion_especial,Afectacion,/api/proyecto-nucleo/{id}/afectaciones,Afectación · Condición especial,OK
Copia de SEGUIMIENTO DE ACTIVIDADES LIBERACIÓN DE VIAS (REV) MQ.xlsx,ASAMBLEAS PENDIENTES,BR,General,EL PROYECTO FERROVIARIO NO AFECTA TIERRAS DE USO COMÚN,proyecto ferroviario,general,proyecto.nombre_proyecto,Proyecto,/api/proyectos,Selector de contexto · Proyecto,OK
Copia de SEGUIMIENTO DE ACTIVIDADES LIBERACIÓN DE VIAS (REV) MQ.xlsx,ASAMBLEAS PENDIENTES,BS,General,COMUNIDAD INDÍGENA,condición de comunidad indígena,colectivo,afectacion.condicion_especial/descripcion_condicion,Afectacion,/api/proyecto-nucleo/{id}/afectaciones,Afectación · Condición especial,OK
Copia de SEGUIMIENTO DE ACTIVIDADES LIBERACIÓN DE VIAS (REV) MQ.xlsx,ASAMBLEAS PENDIENTES,BT,General,OBSERVACIONES / ACUERDOS,observaciones operativas,general,observaciones de la entidad correspondiente,Schema de entidad,endpoint del proceso,Detalle del proceso · Observaciones,OK
Copia de SEGUIMIENTO DE ACTIVIDADES LIBERACIÓN DE VIAS (REV) MQ.xlsx,ASAMBLEAS PENDIENTES,BU,General,VALIDACIÓN PA/SICT,validación operativa PA/SICT,general,sin atributo inequívoco,—,—,FIFONAFE,DECISION_FUNCIONAL_REQUERIDA
Copia de SEGUIMIENTO DE ACTIVIDADES LIBERACIÓN DE VIAS (REV) MQ.xlsx,ASAMBLEAS PENDIENTES,BV,General,OFICIO RAN PARCELAS CON AFECTACIÓN,identificación de parcela,individual,parcela.numero_parcela/tipo_parcela,Parcela,/api/nucleos/{id}/parcelas,Afectación individual · Parcela,OK
Copia de SEGUIMIENTO DE ACTIVIDADES LIBERACIÓN DE VIAS (REV) MQ.xlsx,ASAMBLEAS PENDIENTES,BW,General,OBSERVACIONES,observaciones operativas,general,observaciones de la entidad correspondiente,Schema de entidad,endpoint del proceso,Detalle del proceso · Observaciones,OK
Copia de SEGUIMIENTO DE ACTIVIDADES LIBERACIÓN DE VIAS (REV) MQ.xlsx,ASAMBLEAS PENDIENTES,BX,General,SOPORTE DOCUMENTAL,soporte documental,general,documento/documento_version/documento_vinculo,Documento,/api/documentos,Documentos,OK
Copia de SEGUIMIENTO DE ACTIVIDADES LIBERACIÓN DE VIAS (REV) MQ.xlsx,ASAMBLEAS PENDIENTES,BY,General,ASAMBLEAS PENDIENTES,seguimiento de Asamblea,colectivo,asamblea,Asamblea,/api/proyecto-nucleo/{id}/asambleas,Asambleas,OK
Copia de SEGUIMIENTO DE ACTIVIDADES LIBERACIÓN DE VIAS (REV) MQ.xlsx,PCOLECTIVAS,A,General,ENTIDAD,entidad federativa,general,entidad_federativa.nombre,EntidadFederativa,/api/catalogos/entidades,Selector de contexto · ENTIDAD,OK
Copia de SEGUIMIENTO DE ACTIVIDADES LIBERACIÓN DE VIAS (REV) MQ.xlsx,PCOLECTIVAS,B,General,MUNICIPIO,municipio,general,municipio.nombre,Municipio,/api/catalogos/municipios,Selector de contexto · MUNICIPIO,OK
Copia de SEGUIMIENTO DE ACTIVIDADES LIBERACIÓN DE VIAS (REV) MQ.xlsx,PCOLECTIVAS,C,General,NÚCLEO AGRARIO,núcleo agrario,general,nucleo_agrario.nombre,NucleoAgrario,/api/proyectos/{id}/nucleos,Selector de contexto · NÚCLEO AGRARIO,OK
Copia de SEGUIMIENTO DE ACTIVIDADES LIBERACIÓN DE VIAS (REV) MQ.xlsx,PCOLECTIVAS,D,General,TOTAL DE COPS,indicador agregado,general,vw_dashboard_kpi,DashboardKPI,/api/dashboard,Dashboard,DERIVADO
Copia de SEGUIMIENTO DE ACTIVIDADES LIBERACIÓN DE VIAS (REV) MQ.xlsx,PCOLECTIVAS,E,General,FECHA PROGRAMADA PARA FIRMA,indicador agregado,general,vw_dashboard_kpi,DashboardKPI,/api/dashboard,Dashboard,DERIVADO
Copia de SEGUIMIENTO DE ACTIVIDADES LIBERACIÓN DE VIAS (REV) MQ.xlsx,PCOLECTIVAS,F,General,NO. DE COPS A FIRMAR,indicador agregado,general,vw_dashboard_kpi,DashboardKPI,/api/dashboard,Dashboard,DERIVADO
Copia de SEGUIMIENTO DE ACTIVIDADES LIBERACIÓN DE VIAS (REV) MQ.xlsx,PCOLECTIVAS,G,General,COP FIRMADOS,indicador agregado,general,vw_dashboard_kpi,DashboardKPI,/api/dashboard,Dashboard,DERIVADO
Copia de SEGUIMIENTO DE ACTIVIDADES LIBERACIÓN DE VIAS (REV) MQ.xlsx,PCOLECTIVAS,H,General,SOPORTE DOCUMENTAL,indicador agregado,general,vw_dashboard_kpi,DashboardKPI,/api/dashboard,Dashboard,DERIVADO
Copia de SEGUIMIENTO DE ACTIVIDADES LIBERACIÓN DE VIAS (REV) MQ.xlsx,PCOLECTIVAS,I,General,COP INGRESADOS AL RAN,indicador agregado,general,vw_dashboard_kpi,DashboardKPI,/api/dashboard,Dashboard,DERIVADO
Copia de SEGUIMIENTO DE ACTIVIDADES LIBERACIÓN DE VIAS (REV) MQ.xlsx,PCOLECTIVAS,J,General,COP INSCRITOS,indicador agregado,general,vw_dashboard_kpi,DashboardKPI,/api/dashboard,Dashboard,DERIVADO
Copia de SEGUIMIENTO DE ACTIVIDADES LIBERACIÓN DE VIAS (REV) MQ.xlsx,PCOLECTIVAS,K,General,OBSERVACIONES,indicador agregado,general,vw_dashboard_kpi,DashboardKPI,/api/dashboard,Dashboard,DERIVADO
